time_s,prediction,max_probability,accepted,probability_412,probability_no_event
1353.12,no_event,0.9525492840352461,False,0.04745071596475385,0.9525492840352461
1353.62,no_event,0.9106706954611544,False,0.08932930453884558,0.9106706954611544
1354.12,no_event,0.9551233371351253,False,0.04487666286487458,0.9551233371351253
1354.62,no_event,0.8111061951535632,False,0.1888938048464368,0.8111061951535632
1355.12,412,0.8931959062771998,True,0.8931959062771998,0.10680409372280021
1355.62,412,0.9045210672481829,True,0.9045210672481829,0.09547893275181728
1356.12,no_event,0.7430824146648859,False,0.2569175853351139,0.7430824146648859
1356.62,no_event,0.8352597053714707,False,0.16474029462852924,0.8352597053714707
1357.12,no_event,0.8938198105477732,False,0.10618018945222697,0.8938198105477732
1357.62,412,0.6926141671283388,True,0.6926141671283388,0.3073858328716612
1358.12,412,0.9515893114268855,True,0.9515893114268855,0.048410688573114445
1358.62,412,0.8711625893340297,True,0.8711625893340297,0.12883741066597043
1359.12,412,0.9095259769431887,True,0.9095259769431887,0.09047402305681135
1359.62,412,0.7010083982638736,True,0.7010083982638736,0.2989916017361263
1360.12,no_event,0.86464760488244,False,0.13535239511755995,0.86464760488244
1360.62,no_event,0.5089347941706786,False,0.4910652058293215,0.5089347941706786
1361.12,412,0.8162155758585268,True,0.8162155758585268,0.1837844241414731
1361.62,412,0.8419248413707218,True,0.8419248413707218,0.1580751586292783
1362.12,412,0.8138541884096896,True,0.8138541884096896,0.18614581159031057
1362.62,412,0.635183956369503,True,0.635183956369503,0.36481604363049697
1363.12,no_event,0.8886533398675323,False,0.11134666013246793,0.8886533398675323
1363.62,no_event,0.9077617901643655,False,0.09223820983563454,0.9077617901643655
1364.12,no_event,0.7012416322150383,False,0.29875836778496156,0.7012416322150383
1364.62,412,0.6640782694024866,True,0.6640782694024866,0.33592173059751335
1365.12,no_event,0.6175723784624741,False,0.38242762153752574,0.6175723784624741
1365.62,412,0.6651300691837988,True,0.6651300691837988,0.3348699308162012
1366.12,no_event,0.5079484541636442,False,0.5079484541636442,0.49205154583635585
1366.62,no_event,0.6276625322302314,False,0.3723374677697685,0.6276625322302314
1367.12,no_event,0.9429541810447031,False,0.05704581895529685,0.9429541810447031
1367.62,no_event,0.9388828193885217,False,0.06111718061147819,0.9388828193885217
1368.12,no_event,0.8395439065896079,False,0.16045609341039216,0.8395439065896079
1368.62,412,0.8273543163289553,True,0.8273543163289553,0.17264568367104477
1369.12,412,0.9332366802019005,True,0.9332366802019005,0.0667633197980994
1369.62,412,0.9427187294388777,True,0.9427187294388777,0.057281270561122324
1370.12,412,0.9173106027099454,True,0.9173106027099454,0.08268939729005478
1370.62,412,0.926492253270394,True,0.926492253270394,0.07350774672960589
1371.12,412,0.9446851067602526,True,0.9446851067602526,0.055314893239747386
1371.62,412,0.9261057468565803,True,0.9261057468565803,0.07389425314341974
1372.12,412,0.8797708484310129,True,0.8797708484310129,0.1202291515689872
1372.62,412,0.9355255720060258,True,0.9355255720060258,0.06447442799397403
1373.12,412,0.9130676752897731,True,0.9130676752897731,0.08693232471022706
1373.62,412,0.9103691165392221,True,0.9103691165392221,0.08963088346077795
1374.12,412,0.8160444999202299,True,0.8160444999202299,0.18395550007977005
1374.62,412,0.9163506857010385,True,0.9163506857010385,0.0836493142989616
1375.12,412,0.9325260870917775,True,0.9325260870917775,0.06747391290822237
1375.62,no_event,0.8588486360890789,False,0.14115136391092084,0.8588486360890789
1376.12,no_event,0.9432991878172429,False,0.056700812182757306,0.9432991878172429
1376.62,no_event,0.9565022329251421,False,0.043497767074857946,0.9565022329251421
1377.12,no_event,0.8585456467612512,False,0.14145435323874886,0.8585456467612512
1377.62,412,0.729261760304627,True,0.729261760304627,0.27073823969537303
1378.12,412,0.8444743492556711,True,0.8444743492556711,0.15552565074432875
1378.62,no_event,0.7794372659476421,False,0.2205627340523579,0.7794372659476421
1379.12,no_event,0.5443480584611299,False,0.4556519415388701,0.5443480584611299
1379.62,412,0.8164461433247905,True,0.8164461433247905,0.18355385667520957
1380.12,412,0.8192452096297775,True,0.8192452096297775,0.1807547903702224
1380.62,no_event,0.8248664709404071,False,0.17513352905959273,0.8248664709404071
1381.12,no_event,0.9426562193468874,False,0.05734378065311242,0.9426562193468874
1381.62,no_event,0.9714703348325971,False,0.02852966516740277,0.9714703348325971
1382.12,no_event,0.9473479397056046,False,0.05265206029439517,0.9473479397056046
1382.62,no_event,0.9226979696756287,False,0.07730203032437141,0.9226979696756287
1383.12,no_event,0.9403579600919726,False,0.05964203990802748,0.9403579600919726
1383.62,no_event,0.8668166548588304,False,0.1331833451411699,0.8668166548588304
1384.12,no_event,0.8927944961524926,False,0.10720550384750739,0.8927944961524926
1384.62,no_event,0.9198635011197529,False,0.08013649888024711,0.9198635011197529
1385.12,412,0.5531918651282112,True,0.5531918651282112,0.4468081348717887
1385.62,412,0.6954234992062952,True,0.6954234992062952,0.30457650079370463
1386.12,no_event,0.8118675735277529,False,0.18813242647224743,0.8118675735277529
1386.62,412,0.6812022618538999,True,0.6812022618538999,0.3187977381461
1387.12,412,0.8299528327095739,True,0.8299528327095739,0.17004716729042624
1387.62,no_event,0.850283602603013,False,0.14971639739698714,0.850283602603013
1388.12,no_event,0.9672145707528614,False,0.03278542924713845,0.9672145707528614
1388.62,no_event,0.6880504019933721,False,0.31194959800662786,0.6880504019933721
1389.12,412,0.5217279369666838,True,0.5217279369666838,0.4782720630333161
1389.62,412,0.9557133760347533,True,0.9557133760347533,0.04428662396524691
1390.12,412,0.9523937715684851,True,0.9523937715684851,0.047606228431514803
1390.62,no_event,0.5211894753750796,False,0.47881052462492035,0.5211894753750796
1391.12,no_event,0.8634690219437436,False,0.13653097805625633,0.8634690219437436
1391.62,no_event,0.7428052906008398,False,0.2571947093991603,0.7428052906008398
1392.12,no_event,0.907732105393032,False,0.09226789460696794,0.907732105393032
1392.62,no_event,0.8923154996799872,False,0.10768450032001253,0.8923154996799872
1393.12,no_event,0.9057521478652648,False,0.09424785213473519,0.9057521478652648
1393.62,no_event,0.9530999011306187,False,0.04690009886938125,0.9530999011306187
1394.12,no_event,0.5491558902394521,False,0.4508441097605479,0.5491558902394521
1394.62,412,0.92358853261218,True,0.92358853261218,0.07641146738782006
1395.12,412,0.8664034845416165,True,0.8664034845416165,0.13359651545838339
1395.62,412,0.8615212532446279,True,0.8615212532446279,0.13847874675537208
1396.12,412,0.6668829226732843,True,0.6668829226732843,0.33311707732671575
1396.62,412,0.5469424618004608,True,0.5469424618004608,0.45305753819953937
1397.12,no_event,0.7809714164211268,False,0.2190285835788732,0.7809714164211268
1397.62,no_event,0.7493289032480861,False,0.2506710967519138,0.7493289032480861
1398.12,412,0.7662317946745878,True,0.7662317946745878,0.23376820532541204
1398.62,412,0.9247272435544245,True,0.9247272435544245,0.0752727564455756
1399.12,no_event,0.9113148831541086,False,0.08868511684589128,0.9113148831541086
1399.62,412,0.8374696424616229,True,0.8374696424616229,0.16253035753837705
1400.12,no_event,0.8254776723859581,False,0.17452232761404185,0.8254776723859581
1400.62,no_event,0.9649739404254566,False,0.035026059574543716,0.9649739404254566
1401.12,no_event,0.8717582996398706,False,0.12824170036012925,0.8717582996398706
1401.62,no_event,0.9216332010145717,False,0.07836679898542828,0.9216332010145717
1402.12,no_event,0.9175712192630548,False,0.08242878073694519,0.9175712192630548
1402.62,no_event,0.9090712479725354,False,0.0909287520274647,0.9090712479725354
1403.12,no_event,0.9241497059522564,False,0.07585029404774365,0.9241497059522564
1403.62,no_event,0.9074413860802257,False,0.09255861391977444,0.9074413860802257
1404.12,no_event,0.9111634612800414,False,0.08883653871995836,0.9111634612800414
1404.62,412,0.5619087831094393,True,0.5619087831094393,0.43809121689056074
1405.12,no_event,0.6287789204881246,False,0.37122107951187544,0.6287789204881246
1405.62,no_event,0.565904183161253,False,0.434095816838747,0.565904183161253
1406.12,412,0.902016004733463,True,0.902016004733463,0.09798399526653713
1406.62,412,0.6879524419330937,True,0.6879524419330937,0.31204755806690615
1407.12,412,0.8468700044042448,True,0.8468700044042448,0.15312999559575521
1407.62,412,0.7049955428048313,True,0.7049955428048313,0.2950044571951687
1408.12,no_event,0.7250817167059087,False,0.2749182832940914,0.7250817167059087
1408.62,no_event,0.911029280326173,False,0.08897071967382714,0.911029280326173
1409.12,no_event,0.9125049505775049,False,0.08749504942249514,0.9125049505775049
1409.62,412,0.616366075001709,True,0.616366075001709,0.38363392499829113
1410.12,no_event,0.6749883781818107,False,0.3250116218181894,0.6749883781818107
1410.62,412,0.685349585663871,True,0.685349585663871,0.314650414336129
1411.12,no_event,0.662968356648424,False,0.3370316433515762,0.662968356648424
1411.62,no_event,0.8847100757313962,False,0.11528992426860378,0.8847100757313962
1412.12,no_event,0.8990949555061483,False,0.10090504449385138,0.8990949555061483
1412.62,no_event,0.9102740729329449,False,0.08972592706705486,0.9102740729329449
1413.12,no_event,0.7604514475870332,False,0.23954855241296674,0.7604514475870332
1413.62,412,0.5774254056752465,True,0.5774254056752465,0.4225745943247534
1414.12,412,0.6164157878502722,True,0.6164157878502722,0.3835842121497279
1414.62,no_event,0.7073602124315095,False,0.2926397875684903,0.7073602124315095
1415.12,412,0.7268176948562172,True,0.7268176948562172,0.27318230514378267
1415.62,no_event,0.8884319800656466,False,0.11156801993435324,0.8884319800656466
1416.12,no_event,0.90052274618808,False,0.09947725381191984,0.90052274618808
1416.62,no_event,0.896825057431844,False,0.1031749425681561,0.896825057431844
1417.12,no_event,0.8901506194726895,False,0.10984938052731054,0.8901506194726895
1417.62,no_event,0.9232756857430211,False,0.07672431425697895,0.9232756857430211
1418.12,no_event,0.9219412786185944,False,0.07805872138140574,0.9219412786185944
1418.62,no_event,0.9708832005963062,False,0.029116799403693678,0.9708832005963062
1419.12,no_event,0.942761676619351,False,0.05723832338064899,0.942761676619351
1419.62,no_event,0.6488121635602536,False,0.3511878364397464,0.6488121635602536
1420.12,412,0.6209657288500566,True,0.6209657288500566,0.37903427114994337
1420.62,no_event,0.8247201520663606,False,0.17527984793363938,0.8247201520663606
1421.12,no_event,0.9762844202933425,False,0.02371557970665745,0.9762844202933425
1421.62,no_event,0.9218708878977715,False,0.07812911210222842,0.9218708878977715
1422.12,no_event,0.9752728415181809,False,0.024727158481819014,0.9752728415181809
1422.62,412,0.660927210619778,True,0.660927210619778,0.3390727893802221
1423.12,412,0.8520179279665571,True,0.8520179279665571,0.14798207203344285
1423.62,412,0.9166196659989068,True,0.9166196659989068,0.08338033400109322
1424.12,no_event,0.8584282723345575,False,0.14157172766544224,0.8584282723345575
1424.62,no_event,0.9883426083928313,False,0.011657391607168797,0.9883426083928313
1425.12,no_event,0.9750795142450128,False,0.024920485754987034,0.9750795142450128
1425.62,no_event,0.9690915842223635,False,0.030908415777636578,0.9690915842223635
1426.12,no_event,0.9258332811645319,False,0.07416671883546821,0.9258332811645319
1426.62,no_event,0.7791169619540356,False,0.2208830380459645,0.7791169619540356
1427.12,412,0.590574523454625,True,0.590574523454625,0.4094254765453749
1427.62,no_event,0.5088383772900454,False,0.49116162270995467,0.5088383772900454
1428.12,no_event,0.8615592588767961,False,0.138440741123204,0.8615592588767961
1428.62,no_event,0.7351784821011135,False,0.26482151789888647,0.7351784821011135
1429.12,no_event,0.6406081498396268,False,0.3593918501603731,0.6406081498396268
1429.62,no_event,0.9295324821798563,False,0.0704675178201439,0.9295324821798563
1430.12,no_event,0.9287268267871445,False,0.07127317321285583,0.9287268267871445
1430.62,no_event,0.981707634926206,False,0.018292365073794038,0.981707634926206
1431.12,no_event,0.6649021265723566,False,0.3350978734276436,0.6649021265723566
1431.62,412,0.8851903431294064,True,0.8851903431294064,0.11480965687059372
1432.12,412,0.6960480591588762,True,0.6960480591588762,0.3039519408411239
1432.62,no_event,0.7730080385945097,False,0.22699196140549036,0.7730080385945097
1433.12,no_event,0.9134519944830375,False,0.08654800551696247,0.9134519944830375
1433.62,no_event,0.763587744926148,False,0.23641225507385194,0.763587744926148
1434.12,no_event,0.9012834540031871,False,0.09871654599681261,0.9012834540031871
1434.62,no_event,0.8305724627519904,False,0.16942753724800952,0.8305724627519904
1435.12,no_event,0.8559725033409458,False,0.1440274966590541,0.8559725033409458
1435.62,no_event,0.8820919366714617,False,0.11790806332853832,0.8820919366714617
1436.12,no_event,0.9607183764003215,False,0.03928162359967849,0.9607183764003215
1436.62,no_event,0.7525699553612087,False,0.24743004463879134,0.7525699553612087
1437.12,412,0.6091406545717448,True,0.6091406545717448,0.39085934542825523
1437.62,412,0.9274722296874345,True,0.9274722296874345,0.07252777031256552
1438.12,412,0.8959681022539928,True,0.8959681022539928,0.10403189774600709
1438.62,no_event,0.6040084096684716,False,0.3959915903315284,0.6040084096684716
1439.12,no_event,0.8862456253138846,False,0.1137543746861155,0.8862456253138846
1439.62,no_event,0.7998861247507899,False,0.20011387524920998,0.7998861247507899
1440.12,412,0.7101327274036874,True,0.7101327274036874,0.28986727259631284
1440.62,412,0.9435907433754559,True,0.9435907433754559,0.05640925662454409
1441.12,412,0.940397382323856,True,0.940397382323856,0.059602617676144054
1441.62,412,0.9160561513698804,True,0.9160561513698804,0.08394384863011951
1442.12,412,0.6306725364052087,True,0.6306725364052087,0.36932746359479124
1442.62,no_event,0.8404609458343734,False,0.15953905416562686,0.8404609458343734
1443.12,no_event,0.9455618454789109,False,0.054438154521089244,0.9455618454789109
1443.62,no_event,0.7632170999576197,False,0.2367829000423803,0.7632170999576197
1444.12,no_event,0.7159369167112548,False,0.28406308328874535,0.7159369167112548
1444.62,412,0.9344171516616451,True,0.9344171516616451,0.06558284833835491
1445.12,412,0.8757468119784665,True,0.8757468119784665,0.1242531880215338
1445.62,no_event,0.5936591246637978,False,0.4063408753362022,0.5936591246637978
1446.12,no_event,0.9351785405253666,False,0.06482145947463316,0.9351785405253666
1446.62,no_event,0.8881065567967145,False,0.11189344320328555,0.8881065567967145
1447.12,no_event,0.831411532103664,False,0.1685884678963359,0.831411532103664
1447.62,no_event,0.5082549171575769,False,0.5082549171575769,0.4917450828424231
1448.12,no_event,0.7002229790386327,False,0.2997770209613675,0.7002229790386327
1448.62,no_event,0.7522799672223976,False,0.24772003277760243,0.7522799672223976
1449.12,no_event,0.9404650222974301,False,0.05953497770256982,0.9404650222974301
1449.62,no_event,0.9703057053711135,False,0.029694294628886536,0.9703057053711135
1450.12,no_event,0.9293274991271067,False,0.07067250087289344,0.9293274991271067
1450.62,no_event,0.7780744603917357,False,0.22192553960826428,0.7780744603917357
1451.12,412,0.5969743740452501,True,0.5969743740452501,0.40302562595474994
1451.62,412,0.9286843582911458,True,0.9286843582911458,0.07131564170885418
1452.12,412,0.8580219784429858,True,0.8580219784429858,0.1419780215570142
1452.62,412,0.9430669832849331,True,0.9430669832849331,0.05693301671506687
1453.12,412,0.938578875950474,True,0.938578875950474,0.061421124049526134
1453.62,412,0.6189547675615198,True,0.6189547675615198,0.38104523243848015
1454.12,412,0.5715607821978491,True,0.5715607821978491,0.42843921780215094
1454.62,no_event,0.9307193828768426,False,0.06928061712315717,0.9307193828768426
1455.12,no_event,0.9598109281790022,False,0.040189071820997964,0.9598109281790022
1455.62,no_event,0.751720694708044,False,0.248279305291956,0.751720694708044
1456.12,no_event,0.762738174095183,False,0.2372618259048169,0.762738174095183
1456.62,412,0.5895678045627958,True,0.5895678045627958,0.4104321954372042
1457.12,412,0.8076649287519223,True,0.8076649287519223,0.1923350712480777
1457.62,412,0.9420790054813332,True,0.9420790054813332,0.05792099451866696
1458.12,412,0.9276690376069874,True,0.9276690376069874,0.07233096239301261
1458.62,412,0.7513358345797447,True,0.7513358345797447,0.24866416542025516
1459.12,no_event,0.8269117442815573,False,0.17308825571844264,0.8269117442815573
1459.62,no_event,0.8362470333306296,False,0.16375296666937042,0.8362470333306296
1460.12,412,0.7619782581517602,True,0.7619782581517602,0.23802174184823988
1460.62,412,0.9381199962536549,True,0.9381199962536549,0.06188000374634512
1461.12,412,0.9267943409099307,True,0.9267943409099307,0.07320565909006958
1461.62,412,0.7140728930252228,True,0.7140728930252228,0.2859271069747773
1462.12,412,0.8582658649078342,True,0.8582658649078342,0.1417341350921657
1462.62,no_event,0.6652446827981051,False,0.334755317201895,0.6652446827981051
1463.12,no_event,0.6514628498686518,False,0.3485371501313482,0.6514628498686518
1463.62,412,0.8981051342281325,True,0.8981051342281325,0.1018948657718676
1464.12,no_event,0.8688369829764346,False,0.13116301702356528,0.8688369829764346
1464.62,no_event,0.9216462819353916,False,0.07835371806460845,0.9216462819353916
1465.12,no_event,0.800918324051614,False,0.199081675948386,0.800918324051614
1465.62,no_event,0.8926249573421221,False,0.10737504265787781,0.8926249573421221
1466.12,no_event,0.8966811182153596,False,0.10331888178464044,0.8966811182153596
1466.62,no_event,0.9109531566515352,False,0.08904684334846484,0.9109531566515352
1467.12,no_event,0.9215195207666176,False,0.07848047923338221,0.9215195207666176
1467.62,no_event,0.7036054137821843,False,0.2963945862178156,0.7036054137821843
1468.12,412,0.8362272406668079,True,0.8362272406668079,0.1637727593331921
1468.62,412,0.7556603009317512,True,0.7556603009317512,0.2443396990682488
1469.12,412,0.6208379328285369,True,0.6208379328285369,0.3791620671714629
1469.62,412,0.8891545737575626,True,0.8891545737575626,0.11084542624243723
1470.12,no_event,0.5181181605331526,False,0.4818818394668473,0.5181181605331526
1470.62,no_event,0.8897125029191006,False,0.11028749708089923,0.8897125029191006
1471.12,no_event,0.9813612401829414,False,0.01863875981705851,0.9813612401829414
1471.62,no_event,0.9838896545908146,False,0.01611034540918554,0.9838896545908146
1472.12,412,0.9207800014734683,True,0.9207800014734683,0.07921999852653146
1472.62,412,0.9314414365998794,True,0.9314414365998794,0.06855856340012059
1473.12,412,0.5841718329098442,True,0.5841718329098442,0.4158281670901559
1473.62,no_event,0.6922902296151129,False,0.30770977038488706,0.6922902296151129
1474.12,no_event,0.7088049922545151,False,0.2911950077454851,0.7088049922545151
1474.62,no_event,0.7957052927762609,False,0.20429470722373907,0.7957052927762609
1475.12,no_event,0.8750370162148712,False,0.12496298378512874,0.8750370162148712
1475.62,no_event,0.9240746245867814,False,0.07592537541321857,0.9240746245867814
1476.12,no_event,0.9707226937428054,False,0.02927730625719454,0.9707226937428054
1476.62,no_event,0.5149876569090306,False,0.4850123430909694,0.5149876569090306
1477.12,412,0.8876243458595164,True,0.8876243458595164,0.11237565414048346
1477.62,412,0.7228896464593908,True,0.7228896464593908,0.27711035354060903
1478.12,412,0.9405575624942076,True,0.9405575624942076,0.05944243750579224
1478.62,412,0.8716476750369482,True,0.8716476750369482,0.12835232496305177
1479.12,412,0.5170771748130608,True,0.5170771748130608,0.48292282518693896
1479.62,no_event,0.7300184778297286,False,0.2699815221702714,0.7300184778297286
1480.12,412,0.5533329969282373,True,0.5533329969282373,0.4466670030717627
1480.62,no_event,0.830197320809566,False,0.16980267919043404,0.830197320809566
1481.12,412,0.6669494116184025,True,0.6669494116184025,0.3330505883815975
1481.62,412,0.9269388797016528,True,0.9269388797016528,0.07306112029834744
1482.12,412,0.863326479714845,True,0.863326479714845,0.13667352028515492
1482.62,412,0.9385743158033772,True,0.9385743158033772,0.06142568419662278
1483.12,no_event,0.5655366607696449,False,0.4344633392303552,0.5655366607696449
1483.62,no_event,0.9532970669682393,False,0.0467029330317606,0.9532970669682393
1484.12,no_event,0.8418022827884056,False,0.1581977172115941,0.8418022827884056
1484.62,no_event,0.9524912421566792,False,0.04750875784332053,0.9524912421566792
1485.12,no_event,0.9300520456395365,False,0.06994795436046354,0.9300520456395365
1485.62,no_event,0.9010759823454146,False,0.09892401765458547,0.9010759823454146
1486.12,no_event,0.8995689280072184,False,0.10043107199278171,0.8995689280072184
1486.62,no_event,0.732766960368582,False,0.267233039631418,0.732766960368582
1487.12,no_event,0.6971443631094787,False,0.30285563689052136,0.6971443631094787
1487.62,no_event,0.7699252365991532,False,0.2300747634008466,0.7699252365991532
1488.12,no_event,0.6184680528700384,False,0.38153194712996163,0.6184680528700384
1488.62,no_event,0.7212377659907959,False,0.2787622340092041,0.7212377659907959
1489.12,no_event,0.8562958725497241,False,0.143704127450276,0.8562958725497241
1489.62,no_event,0.8709650354568673,False,0.1290349645431326,0.8709650354568673
1490.12,no_event,0.8473658199951861,False,0.15263418000481405,0.8473658199951861
1490.62,no_event,0.9839882996743935,False,0.016011700325606434,0.9839882996743935
1491.12,no_event,0.9690385173139344,False,0.030961482686065547,0.9690385173139344
1491.62,no_event,0.887503331240095,False,0.11249666875990495,0.887503331240095
1492.12,no_event,0.8688738675471414,False,0.13112613245285842,0.8688738675471414
1492.62,no_event,0.8384430076370125,False,0.16155699236298735,0.8384430076370125
1493.12,no_event,0.7339233760714969,False,0.26607662392850306,0.7339233760714969
1493.62,412,0.5973076687814971,True,0.5973076687814971,0.4026923312185029
1494.12,no_event,0.83089991522059,False,0.1691000847794099,0.83089991522059
1494.62,no_event,0.9431019300186811,False,0.0568980699813189,0.9431019300186811
1495.12,no_event,0.9429353507599496,False,0.05706464924005023,0.9429353507599496
1495.62,no_event,0.8908919544641635,False,0.10910804553583667,0.8908919544641635
1496.12,no_event,0.5483011948096153,False,0.45169880519038486,0.5483011948096153
1496.62,412,0.8969317908685808,True,0.8969317908685808,0.10306820913141898
1497.12,412,0.7734156427752247,True,0.7734156427752247,0.22658435722477516
1497.62,412,0.9121445775400805,True,0.9121445775400805,0.08785542245991976
1498.12,412,0.9047447051973698,True,0.9047447051973698,0.09525529480263004
1498.62,no_event,0.5810878875361093,False,0.41891211246389065,0.5810878875361093
1499.12,412,0.8143365487930072,True,0.8143365487930072,0.1856634512069926
1499.62,no_event,0.5568583932731227,False,0.4431416067268773,0.5568583932731227
1500.12,no_event,0.9881309828074553,False,0.011869017192544566,0.9881309828074553
1500.62,no_event,0.9376157208625819,False,0.062384279137418064,0.9376157208625819
1501.12,no_event,0.9051212462415166,False,0.0948787537584832,0.9051212462415166
1501.62,no_event,0.9537626358153248,False,0.04623736418467535,0.9537626358153248
1502.12,412,0.692044412937936,True,0.692044412937936,0.30795558706206394
1502.62,412,0.6965680527378522,True,0.6965680527378522,0.3034319472621478
1503.12,412,0.7496078720560605,True,0.7496078720560605,0.25039212794393956
1503.62,no_event,0.9190601219980985,False,0.08093987800190142,0.9190601219980985
1504.12,no_event,0.9909467312473008,False,0.009053268752699323,0.9909467312473008
1504.62,no_event,0.9640829151151848,False,0.03591708488481504,0.9640829151151848
1505.12,no_event,0.8903390340031139,False,0.10966096599688606,0.8903390340031139
1505.62,412,0.7442044687219259,True,0.7442044687219259,0.255795531278074
1506.12,412,0.8714067376294691,True,0.8714067376294691,0.12859326237053081
1506.62,no_event,0.7190623482876218,False,0.28093765171237817,0.7190623482876218
1507.12,no_event,0.5502259947435176,False,0.44977400525648253,0.5502259947435176
1507.62,no_event,0.8079885049334937,False,0.1920114950665062,0.8079885049334937
1508.12,no_event,0.8908489753907637,False,0.10915102460923609,0.8908489753907637
1508.62,no_event,0.5969805279674307,False,0.4030194720325694,0.5969805279674307
1509.12,no_event,0.5,False,0.5,0.5
1509.62,no_event,0.8719584442529915,False,0.12804155574700862,0.8719584442529915
1510.12,no_event,0.9010230187354767,False,0.09897698126452331,0.9010230187354767
1510.62,no_event,0.9143619626328443,False,0.08563803736715574,0.9143619626328443
1511.12,no_event,0.9857231894515658,False,0.014276810548434105,0.9857231894515658
1511.62,no_event,0.9857896804660634,False,0.014210319533936599,0.9857896804660634
1512.12,no_event,0.7910135595019049,False,0.2089864404980948,0.7910135595019049
1512.62,412,0.904790919660564,True,0.904790919660564,0.09520908033943593
1513.12,412,0.8920338723373388,True,0.8920338723373388,0.10796612766266132
1513.62,no_event,0.5887194476759186,False,0.4112805523240816,0.5887194476759186
1514.12,no_event,0.5548456343609497,False,0.44515436563905036,0.5548456343609497
1514.62,412,0.6911695545842247,True,0.6911695545842247,0.3088304454157753
1515.12,412,0.6139070615791675,True,0.6139070615791675,0.38609293842083264
1515.62,412,0.8911535963691896,True,0.8911535963691896,0.1088464036308104
1516.12,412,0.6376682243365702,True,0.6376682243365702,0.36233177566342967
1516.62,no_event,0.8644719189736333,False,0.1355280810263666,0.8644719189736333
1517.12,412,0.5318092752078993,True,0.5318092752078993,0.46819072479210067
1517.62,412,0.8901484208578027,True,0.8901484208578027,0.10985157914219751
1518.12,412,0.6270464802490543,True,0.6270464802490543,0.3729535197509457
1518.62,412,0.9254037815797067,True,0.9254037815797067,0.07459621842029321
1519.12,412,0.6473498733253047,True,0.6473498733253047,0.3526501266746952
1519.62,no_event,0.9374122531569095,False,0.06258774684309054,0.9374122531569095
1520.12,412,0.595403297313012,True,0.595403297313012,0.404596702686988
1520.62,412,0.8853480445152578,True,0.8853480445152578,0.11465195548474202
1521.12,412,0.9419409793122812,True,0.9419409793122812,0.0580590206877188
1521.62,412,0.8965926569907866,True,0.8965926569907866,0.10340734300921342
1522.12,no_event,0.7148976552004371,False,0.28510234479956315,0.7148976552004371
1522.62,no_event,0.964261098528543,False,0.03573890147145701,0.964261098528543
1523.12,no_event,0.9419067810269811,False,0.058093218973018834,0.9419067810269811
1523.62,no_event,0.7392609298707733,False,0.26073907012922654,0.7392609298707733
1524.12,412,0.7076998036384876,True,0.7076998036384876,0.29230019636151233
1524.62,412,0.850935604212699,True,0.850935604212699,0.14906439578730102
1525.12,412,0.8714236794775027,True,0.8714236794775027,0.12857632052249746
1525.62,412,0.8404627656305012,True,0.8404627656305012,0.1595372343694988
1526.12,412,0.8109462576296076,True,0.8109462576296076,0.1890537423703926
1526.62,412,0.6399445733771293,True,0.6399445733771293,0.3600554266228707
1527.12,412,0.8422987484876591,True,0.8422987484876591,0.1577012515123411
1527.62,412,0.8341117134072866,True,0.8341117134072866,0.1658882865927135
1528.12,412,0.8122631830735204,True,0.8122631830735204,0.18773681692647962
1528.62,412,0.8529592084640987,True,0.8529592084640987,0.1470407915359016
1529.12,no_event,0.7299831188973352,False,0.2700168811026649,0.7299831188973352
1529.62,no_event,0.9572727132169551,False,0.04272728678304484,0.9572727132169551
1530.12,no_event,0.8359402521554423,False,0.1640597478445578,0.8359402521554423
1530.62,412,0.5325424353606498,True,0.5325424353606498,0.4674575646393501
1531.12,412,0.8450533370470246,True,0.8450533370470246,0.15494666295297566
1531.62,412,0.8973370374222914,True,0.8973370374222914,0.1026629625777087
1532.12,412,0.9406283549282717,True,0.9406283549282717,0.05937164507172834
1532.62,412,0.913244989746904,True,0.913244989746904,0.08675501025309616
1533.12,412,0.9431244443042259,True,0.9431244443042259,0.05687555569577402
1533.62,412,0.9511033241910399,True,0.9511033241910399,0.04889667580896013
1534.12,412,0.5859369484938567,True,0.5859369484938567,0.4140630515061434
1534.62,no_event,0.7710324582823642,False,0.2289675417176359,0.7710324582823642
1535.12,412,0.581429261065277,True,0.581429261065277,0.41857073893472285
1535.62,no_event,0.8844719920886925,False,0.11552800791130761,0.8844719920886925
1536.12,no_event,0.8714092338756377,False,0.12859076612436213,0.8714092338756377
1536.62,no_event,0.8130221251410011,False,0.18697787485899914,0.8130221251410011
1537.12,no_event,0.7348405648691559,False,0.26515943513084406,0.7348405648691559
1537.62,no_event,0.7447775968152178,False,0.2552224031847823,0.7447775968152178
1538.12,412,0.7776667226889639,True,0.7776667226889639,0.22233327731103578
1538.62,no_event,0.776026800273159,False,0.22397319972684102,0.776026800273159
1539.12,no_event,0.9482326849699094,False,0.05176731503009058,0.9482326849699094
1539.62,412,0.7145669628493868,True,0.7145669628493868,0.28543303715061297
1540.12,412,0.6914154670702096,True,0.6914154670702096,0.30858453292979043
1540.62,412,0.7502163138121797,True,0.7502163138121797,0.24978368618782043
1541.12,412,0.768601920957887,True,0.768601920957887,0.23139807904211276
1541.62,412,0.541662859168497,True,0.541662859168497,0.4583371408315031
1542.12,412,0.7825603668154749,True,0.7825603668154749,0.21743963318452533
1542.62,412,0.9112688674693702,True,0.9112688674693702,0.08873113253062985
1543.12,412,0.8906991410019444,True,0.8906991410019444,0.10930085899805576
1543.62,412,0.9289735118105109,True,0.9289735118105109,0.07102648818948906
1544.12,412,0.6361379098311002,True,0.6361379098311002,0.3638620901688998
1544.62,no_event,0.9752654742661755,False,0.024734525733824585,0.9752654742661755
1545.12,no_event,0.9756540150851025,False,0.024345984914897593,0.9756540150851025
1545.62,no_event,0.9747036127531934,False,0.025296387246806693,0.9747036127531934
1546.12,no_event,0.9563218167179365,False,0.04367818328206327,0.9563218167179365
1546.62,no_event,0.9393901392189317,False,0.06060986078106831,0.9393901392189317
1547.12,no_event,0.9614318399706777,False,0.03856816002932228,0.9614318399706777
1547.62,no_event,0.959063162689936,False,0.04093683731006413,0.959063162689936
1548.12,no_event,0.9366969300438978,False,0.06330306995610216,0.9366969300438978
1548.62,no_event,0.7341491043592464,False,0.26585089564075365,0.7341491043592464
1549.12,no_event,0.7930601685676775,False,0.20693983143232242,0.7930601685676775
1549.62,412,0.9405946849253689,True,0.9405946849253689,0.05940531507463127
1550.12,412,0.9252601493811493,True,0.9252601493811493,0.07473985061885073
1550.62,412,0.8953486624123422,True,0.8953486624123422,0.10465133758765771
1551.12,412,0.9083454033660697,True,0.9083454033660697,0.09165459663393012
1551.62,412,0.871538880848302,True,0.871538880848302,0.12846111915169803
1552.12,412,0.6950040820192591,True,0.6950040820192591,0.3049959179807409
1552.62,412,0.5629698167910191,True,0.5629698167910191,0.43703018320898107
1553.12,no_event,0.7132763311268787,False,0.286723668873121,0.7132763311268787
1553.62,412,0.5205906292247585,True,0.5205906292247585,0.47940937077524126
1554.12,412,0.9506984159441423,True,0.9506984159441423,0.04930158405585769
1554.62,412,0.9470172680204678,True,0.9470172680204678,0.05298273197953235
1555.12,412,0.7961811470315826,True,0.7961811470315826,0.20381885296841729
1555.62,no_event,0.8122792719686921,False,0.18772072803130807,0.8122792719686921
1556.12,no_event,0.8590910121309145,False,0.14090898786908543,0.8590910121309145
1556.62,no_event,0.9089305022785116,False,0.09106949772148855,0.9089305022785116
1557.12,no_event,0.877644610006571,False,0.12235538999342875,0.877644610006571
1557.62,no_event,0.8836729120469617,False,0.11632708795303834,0.8836729120469617
1558.12,no_event,0.877903326629331,False,0.12209667337066912,0.877903326629331
1558.62,no_event,0.8672760316666773,False,0.13272396833332253,0.8672760316666773
1559.12,no_event,0.8279357463939062,False,0.17206425360609373,0.8279357463939062
1559.62,412,0.7986127185052738,True,0.7986127185052738,0.20138728149472604
1560.12,412,0.9364454750061,True,0.9364454750061,0.0635545249939
1560.62,412,0.8348725872037337,True,0.8348725872037337,0.1651274127962663
1561.12,412,0.828425455186191,True,0.828425455186191,0.1715745448138089
1561.62,412,0.9484214461458498,True,0.9484214461458498,0.05157855385415022
1562.12,412,0.7578112825687843,True,0.7578112825687843,0.24218871743121576
1562.62,412,0.7797919245048596,True,0.7797919245048596,0.2202080754951404
1563.12,no_event,0.8301933777860013,False,0.1698066222139987,0.8301933777860013
1563.62,412,0.717821085760002,True,0.717821085760002,0.2821789142399978
1564.12,412,0.9367011526339796,True,0.9367011526339796,0.06329884736602018
1564.62,412,0.940482085599793,True,0.940482085599793,0.05951791440020711
1565.12,412,0.8801452729232108,True,0.8801452729232108,0.11985472707678946
1565.62,no_event,0.7561167274355777,False,0.24388327256442238,0.7561167274355777
1566.12,no_event,0.951856168245746,False,0.0481438317542541,0.951856168245746
1566.62,no_event,0.8818737723047129,False,0.11812622769528715,0.8818737723047129
1567.12,no_event,0.9082999230894842,False,0.09170007691051571,0.9082999230894842
1567.62,no_event,0.8668940219349276,False,0.1331059780650723,0.8668940219349276
1568.12,no_event,0.8984612073943783,False,0.1015387926056216,0.8984612073943783
1568.62,no_event,0.9034477640117645,False,0.09655223598823545,0.9034477640117645
1569.12,no_event,0.9035057540691533,False,0.09649424593084674,0.9035057540691533
1569.62,no_event,0.7345018792546663,False,0.2654981207453335,0.7345018792546663
1570.12,no_event,0.8176015991520946,False,0.18239840084790548,0.8176015991520946
1570.62,412,0.5671602934023396,True,0.5671602934023396,0.4328397065976603
1571.12,412,0.647857856868425,True,0.647857856868425,0.35214214313157505
1571.62,412,0.644744043529979,True,0.644744043529979,0.35525595647002095
1572.12,no_event,0.7971083829326292,False,0.20289161706737088,0.7971083829326292
1572.62,412,0.6451626590296905,True,0.6451626590296905,0.3548373409703094
1573.12,no_event,0.7287118529240113,False,0.2712881470759886,0.7287118529240113
1573.62,no_event,0.9728810836410371,False,0.02711891635896291,0.9728810836410371
1574.12,no_event,0.9620573700033335,False,0.037942629996666755,0.9620573700033335
1574.62,no_event,0.9200341182928462,False,0.07996588170715382,0.9200341182928462
1575.12,no_event,0.8484638008025399,False,0.15153619919746006,0.8484638008025399
1575.62,no_event,0.5962414780505899,False,0.40375852194940987,0.5962414780505899
1576.12,412,0.8789742301206844,True,0.8789742301206844,0.12102576987931539
1576.62,412,0.5182586897808594,True,0.5182586897808594,0.48174131021914074
1577.12,no_event,0.7148315849447594,False,0.2851684150552406,0.7148315849447594
1577.62,no_event,0.6056165471748253,False,0.39438345282517473,0.6056165471748253
1578.12,no_event,0.5755153031272888,False,0.4244846968727111,0.5755153031272888
1578.62,412,0.9204958700448065,True,0.9204958700448065,0.07950412995519354
1579.12,412,0.9375042297201884,True,0.9375042297201884,0.06249577027981177
1579.62,412,0.6240212938264641,True,0.6240212938264641,0.3759787061735358
1580.12,no_event,0.6198563871873628,False,0.38014361281263703,0.6198563871873628
1580.62,no_event,0.7896501654512604,False,0.2103498345487397,0.7896501654512604
1581.12,no_event,0.9139722283838897,False,0.08602777161611042,0.9139722283838897
1581.62,412,0.5370123644100078,True,0.5370123644100078,0.46298763558999234
1582.12,412,0.6780154396326474,True,0.6780154396326474,0.3219845603673525
1582.62,412,0.5247239377373191,True,0.5247239377373191,0.4752760622626808
1583.12,no_event,0.96448585041866,False,0.03551414958134005,0.96448585041866
1583.62,no_event,0.9230076573395186,False,0.07699234266048137,0.9230076573395186
1584.12,no_event,0.9758403131761284,False,0.024159686823871474,0.9758403131761284
1584.62,no_event,0.7766949174564572,False,0.2233050825435427,0.7766949174564572
1585.12,412,0.8943241329920324,True,0.8943241329920324,0.10567586700796758
1585.62,412,0.8994293835143736,True,0.8994293835143736,0.1005706164856265
1586.12,412,0.6519794342239346,True,0.6519794342239346,0.34802056577606544
1586.62,no_event,0.9565344281468602,False,0.04346557185313992,0.9565344281468602
1587.12,no_event,0.9928753742972777,False,0.007124625702722204,0.9928753742972777
1587.62,412,0.5493475083762124,True,0.5493475083762124,0.45065249162378773
1588.12,no_event,0.7982168150574835,False,0.20178318494251626,0.7982168150574835
1588.62,no_event,0.8965568889508243,False,0.10344311104917575,0.8965568889508243
1589.12,no_event,0.6926887724074251,False,0.30731122759257473,0.6926887724074251
1589.62,412,0.8536227773045327,True,0.8536227773045327,0.14637722269546702
1590.12,412,0.9079907748713143,True,0.9079907748713143,0.09200922512868552
1590.62,412,0.712008931925914,True,0.712008931925914,0.28799106807408603
1591.12,no_event,0.6790372888887909,False,0.3209627111112092,0.6790372888887909
1591.62,no_event,0.6259352725426612,False,0.3740647274573388,0.6259352725426612
1592.12,no_event,0.9619155093115958,False,0.03808449068840409,0.9619155093115958
1592.62,no_event,0.7070684482924102,False,0.29293155170758967,0.7070684482924102
1593.12,412,0.7083924653361466,True,0.7083924653361466,0.29160753466385336
1593.62,no_event,0.8217790398727228,False,0.178220960127277,0.8217790398727228
1594.12,no_event,0.9538230235173946,False,0.04617697648260536,0.9538230235173946
1594.62,no_event,0.8957630273197719,False,0.10423697268022807,0.8957630273197719
1595.12,no_event,0.9848842545455924,False,0.015115745454407652,0.9848842545455924
1595.62,no_event,0.9743818865038709,False,0.025618113496128993,0.9743818865038709
1596.12,no_event,0.5106210726080782,False,0.48937892739192196,0.5106210726080782
1596.62,412,0.8670772575102308,True,0.8670772575102308,0.1329227424897693
1597.12,412,0.6812314314796658,True,0.6812314314796658,0.3187685685203342
1597.62,412,0.6974439391422701,True,0.6974439391422701,0.30255606085772974
1598.12,no_event,0.5771933091359285,False,0.4228066908640716,0.5771933091359285
1598.62,412,0.6698662625981942,True,0.6698662625981942,0.33013373740180574
1599.12,no_event,0.9188384398045991,False,0.08116156019540093,0.9188384398045991
1599.62,no_event,0.8730395874739167,False,0.12696041252608323,0.8730395874739167
1600.12,no_event,0.9237852291845416,False,0.07621477081545848,0.9237852291845416
1600.62,no_event,0.9088871342048033,False,0.09111286579519669,0.9088871342048033
1601.12,no_event,0.8739734461708891,False,0.12602655382911088,0.8739734461708891
1601.62,no_event,0.5801667385741184,False,0.4198332614258816,0.5801667385741184
1602.12,412,0.8258991199367169,True,0.8258991199367169,0.174100880063283
1602.62,no_event,0.5427844714058102,False,0.45721552859418957,0.5427844714058102
1603.12,412,0.5422514793470191,True,0.5422514793470191,0.4577485206529809
1603.62,412,0.5317417315225967,True,0.5317417315225967,0.4682582684774033
1604.12,no_event,0.5071507533444536,False,0.49284924665554636,0.5071507533444536
1604.62,412,0.7610904439721654,True,0.7610904439721654,0.23890955602783454
1605.12,412,0.7453033255803369,True,0.7453033255803369,0.2546966744196631
1605.62,412,0.6669339374170533,True,0.6669339374170533,0.33306606258294663
1606.12,no_event,0.5354591526590964,False,0.4645408473409036,0.5354591526590964
1606.62,no_event,0.9667210700781947,False,0.03327892992180548,0.9667210700781947
1607.12,no_event,0.9674874403498788,False,0.0325125596501212,0.9674874403498788
1607.62,no_event,0.9359800290752517,False,0.06401997092474826,0.9359800290752517
1608.12,no_event,0.9079266031559416,False,0.09207339684405835,0.9079266031559416
1608.62,no_event,0.6875965490509153,False,0.31240345094908495,0.6875965490509153
1609.12,no_event,0.5168316394459938,False,0.4831683605540064,0.5168316394459938
1609.62,no_event,0.8804283946051951,False,0.11957160539480478,0.8804283946051951
1610.12,no_event,0.902686972843467,False,0.09731302715653288,0.902686972843467
1610.62,no_event,0.8597322095909036,False,0.1402677904090964,0.8597322095909036
1611.12,no_event,0.8554308649975072,False,0.14456913500249294,0.8554308649975072
1611.62,no_event,0.8731171792982165,False,0.12688282070178358,0.8731171792982165
1612.12,no_event,0.8692446650177261,False,0.13075533498227393,0.8692446650177261
1612.62,no_event,0.8339964235115296,False,0.16600357648847042,0.8339964235115296
1613.12,no_event,0.8707784353545682,False,0.1292215646454318,0.8707784353545682
1613.62,no_event,0.9303848483339957,False,0.0696151516660044,0.9303848483339957
1614.12,no_event,0.9695455736813019,False,0.030454426318698023,0.9695455736813019
1614.62,412,0.5399652600195602,True,0.5399652600195602,0.4600347399804397
1615.12,412,0.8234839187679129,True,0.8234839187679129,0.1765160812320872
1615.62,412,0.6228429500563682,True,0.6228429500563682,0.37715704994363186
1616.12,412,0.9429272676298102,True,0.9429272676298102,0.05707273237018975
1616.62,no_event,0.7024322406285362,False,0.29756775937146385,0.7024322406285362
1617.12,412,0.6570864674666076,True,0.6570864674666076,0.34291353253339246
1617.62,412,0.8864465469451895,True,0.8864465469451895,0.11355345305481053
1618.12,412,0.9390173734972949,True,0.9390173734972949,0.0609826265027052
1618.62,412,0.9270640903455122,True,0.9270640903455122,0.072935909654488
1619.12,412,0.9347605898946042,True,0.9347605898946042,0.06523941010539556
1619.62,412,0.9339575145949071,True,0.9339575145949071,0.06604248540509298
1620.12,412,0.9210990410409765,True,0.9210990410409765,0.07890095895902365
1620.62,412,0.9343958899653847,True,0.9343958899653847,0.06560411003461523
1621.12,412,0.8728202958464802,True,0.8728202958464802,0.12717970415351978
1621.62,412,0.871204331678338,True,0.871204331678338,0.12879566832166198
1622.12,412,0.9130369639731613,True,0.9130369639731613,0.08696303602683882
1622.62,no_event,0.6411628572188702,False,0.35883714278112966,0.6411628572188702
1623.12,no_event,0.9474529797513777,False,0.05254702024862217,0.9474529797513777
1623.62,no_event,0.9455484745637874,False,0.05445152543621245,0.9455484745637874
1624.12,412,0.8081655228279185,True,0.8081655228279185,0.1918344771720814
1624.62,412,0.8263910891954097,True,0.8263910891954097,0.17360891080459045
1625.12,412,0.9077173826718834,True,0.9077173826718834,0.09228261732811677
1625.62,412,0.8437186608592336,True,0.8437186608592336,0.15628133914076622
1626.12,no_event,0.7352055326043264,False,0.2647944673956737,0.7352055326043264
1626.62,no_event,0.698932276153742,False,0.30106772384625796,0.698932276153742
1627.12,no_event,0.8916684801807955,False,0.10833151981920455,0.8916684801807955
1627.62,no_event,0.9740708837713202,False,0.025929116228679754,0.9740708837713202
1628.12,no_event,0.9735338675898565,False,0.026466132410143554,0.9735338675898565
1628.62,no_event,0.898256343030148,False,0.10174365696985195,0.898256343030148
1629.12,no_event,0.9030741679078206,False,0.0969258320921794,0.9030741679078206
1629.62,no_event,0.9180311302894235,False,0.0819688697105765,0.9180311302894235
1630.12,no_event,0.8931107683156939,False,0.10688923168430599,0.8931107683156939
1630.62,no_event,0.6943545174017851,False,0.3056454825982147,0.6943545174017851
1631.12,no_event,0.8436103232851787,False,0.15638967671482124,0.8436103232851787
1631.62,no_event,0.871782475375912,False,0.12821752462408784,0.871782475375912
1632.12,412,0.9074021427204491,True,0.9074021427204491,0.09259785727955101
1632.62,412,0.9181104484509155,True,0.9181104484509155,0.0818895515490846
1633.12,no_event,0.6237573950590778,False,0.37624260494092227,0.6237573950590778
1633.62,412,0.8688526869238468,True,0.8688526869238468,0.13114731307615304
1634.12,412,0.8791790528842557,True,0.8791790528842557,0.12082094711574416
1634.62,412,0.7874011742839956,True,0.7874011742839956,0.21259882571600458
1635.12,no_event,0.724142313720866,False,0.275857686279134,0.724142313720866
1635.62,no_event,0.8517921981793176,False,0.1482078018206823,0.8517921981793176
1636.12,no_event,0.9003999319227252,False,0.09960006807727476,0.9003999319227252
1636.62,412,0.740986387135948,True,0.740986387135948,0.25901361286405195
1637.12,412,0.9152424543058673,True,0.9152424543058673,0.08475754569413264
1637.62,412,0.9330574062753975,True,0.9330574062753975,0.0669425937246024
1638.12,412,0.7839484232738407,True,0.7839484232738407,0.21605157672615943
1638.62,no_event,0.9188455478114157,False,0.08115445218858436,0.9188455478114157
1639.12,no_event,0.8017447683260217,False,0.19825523167397824,0.8017447683260217
1639.62,no_event,0.82186115648343,False,0.17813884351656983,0.82186115648343
1640.12,no_event,0.9268721045719807,False,0.07312789542801938,0.9268721045719807
1640.62,no_event,0.9078162384510032,False,0.09218376154899667,0.9078162384510032
1641.12,no_event,0.9221040955134495,False,0.07789590448655043,0.9221040955134495
1641.62,no_event,0.9052462044000358,False,0.09475379559996418,0.9052462044000358
1642.12,no_event,0.8349834434378587,False,0.16501655656214115,0.8349834434378587
1642.62,412,0.8064186092286968,True,0.8064186092286968,0.19358139077130315
1643.12,412,0.8164298367004024,True,0.8164298367004024,0.1835701632995976
1643.62,412,0.8211239233174036,True,0.8211239233174036,0.17887607668259617
1644.12,412,0.921284090248879,True,0.921284090248879,0.07871590975112082
1644.62,412,0.9086524571283338,True,0.9086524571283338,0.09134754287166627
1645.12,412,0.919415294383949,True,0.919415294383949,0.080584705616051
1645.62,412,0.7919102836433832,True,0.7919102836433832,0.20808971635661672
1646.12,412,0.8545336687056442,True,0.8545336687056442,0.14546633129435568
1646.62,no_event,0.7643914675542756,False,0.2356085324457245,0.7643914675542756
1647.12,412,0.5701451584560991,True,0.5701451584560991,0.42985484154390097
1647.62,412,0.9380744133127583,True,0.9380744133127583,0.06192558668724144
1648.12,412,0.6123129944855031,True,0.6123129944855031,0.38768700551449675
1648.62,412,0.8420320953721694,True,0.8420320953721694,0.1579679046278307
1649.12,412,0.7878893795824988,True,0.7878893795824988,0.21211062041750117
1649.62,no_event,0.668781359191531,False,0.3312186408084691,0.668781359191531
1650.12,no_event,0.8771206412485371,False,0.1228793587514632,0.8771206412485371
1650.62,no_event,0.8634829096626812,False,0.1365170903373189,0.8634829096626812
1651.12,no_event,0.8811881996279395,False,0.11881180037206039,0.8811881996279395
1651.62,no_event,0.8761024742801719,False,0.12389752571982794,0.8761024742801719
1652.12,no_event,0.8961675061069089,False,0.10383249389309097,0.8961675061069089
1652.62,no_event,0.8259355184043347,False,0.17406448159566537,0.8259355184043347
1653.12,no_event,0.6163902173298065,False,0.38360978267019363,0.6163902173298065
1653.62,no_event,0.7241057896751721,False,0.2758942103248281,0.7241057896751721
1654.12,412,0.7858323942900325,True,0.7858323942900325,0.21416760570996773
1654.62,412,0.8869548968560558,True,0.8869548968560558,0.11304510314394428
1655.12,412,0.9050406797887124,True,0.9050406797887124,0.09495932021128772
1655.62,412,0.8712222582460155,True,0.8712222582460155,0.12877774175398476
1656.12,412,0.9006848951497379,True,0.9006848951497379,0.09931510485026218
1656.62,412,0.8736385446208134,True,0.8736385446208134,0.12636145537918664
1657.12,412,0.9232913032307407,True,0.9232913032307407,0.07670869676925923
1657.62,no_event,0.8773761689757212,False,0.12262383102427879,0.8773761689757212
1658.12,no_event,0.7701732588202596,False,0.22982674117974053,0.7701732588202596
1658.62,no_event,0.9559094963661839,False,0.04409050363381612,0.9559094963661839
1659.12,no_event,0.950947476714875,False,0.04905252328512496,0.950947476714875
1659.62,no_event,0.931732400535508,False,0.068267599464492,0.931732400535508
1660.12,no_event,0.6980418533302328,False,0.30195814666976717,0.6980418533302328
1660.62,412,0.6981626377260611,True,0.6981626377260611,0.3018373622739388
1661.12,no_event,0.7696464586114795,False,0.23035354138852052,0.7696464586114795
1661.62,no_event,0.8148216006559634,False,0.18517839934403674,0.8148216006559634
1662.12,no_event,0.6399865211830122,False,0.36001347881698775,0.6399865211830122
1662.62,412,0.8068460402711711,True,0.8068460402711711,0.1931539597288288
1663.12,412,0.8693148069611106,True,0.8693148069611106,0.1306851930388895
1663.62,412,0.9062436349581897,True,0.9062436349581897,0.09375636504181038
1664.12,412,0.6593776789125514,True,0.6593776789125514,0.34062232108744867
1664.62,no_event,0.8437957255947773,False,0.15620427440522258,0.8437957255947773
1665.12,no_event,0.9155248734018907,False,0.08447512659810928,0.9155248734018907
1665.62,no_event,0.8717318173200957,False,0.12826818267990436,0.8717318173200957
1666.12,no_event,0.860445277209277,False,0.13955472279072295,0.860445277209277
