time_s,emotion,face_x,face_y,face_w,face_h
0.0,angry,182,267,28,28
0.038,sad,183,267,28,28
0.07200000000000001,fear,0,0,359,639
0.109,sad,184,269,28,28
0.156,sad,183,268,28,28
0.192,sad,0,0,359,639
0.23900000000000002,sad,180,264,28,28
0.275,sad,177,262,27,27
0.321,sad,176,262,27,27
0.3450000000000001,angry,175,262,28,28
0.392,angry,174,261,28,28
0.439,angry,0,0,359,639
0.47600000000000003,angry,178,263,28,28
0.519,sad,179,264,27,27
0.546,sad,179,263,28,28
0.595,angry,178,263,28,28
0.635,sad,177,264,28,28
0.664,sad,176,264,28,28
0.7000000000000001,sad,176,265,28,28
0.756,sad,176,266,29,29
0.787,sad,177,268,28,28
0.845,sad,177,270,28,28
0.875,neutral,176,270,28,28
0.899,sad,173,269,31,31
0.9490000000000001,sad,173,270,29,29
0.995,sad,174,271,29,29
1.035,sad,0,0,359,639
1.06,angry,0,0,359,639
1.114,sad,0,0,359,639
1.155,sad,173,275,28,28
1.185,sad,0,0,359,639
1.223,sad,174,280,27,27
1.2730000000000001,sad,174,281,28,28
1.304,sad,0,0,359,639
1.354,sad,0,0,359,639
1.393,sad,0,0,359,639
1.422,sad,0,0,359,639
1.47,sad,0,0,359,639
1.514,sad,0,0,359,639
1.542,neutral,0,0,359,639
1.587,sad,0,0,359,639
1.635,sad,174,294,28,28
1.672,sad,0,0,359,639
1.716,neutral,174,296,28,28
1.756,neutral,174,297,28,28
1.784,neutral,174,297,28,28
1.833,sad,174,298,28,28
1.875,sad,174,299,27,27
1.9120000000000001,sad,175,299,27,27
1.959,sad,0,0,359,639
1.989,neutral,0,0,359,639
2.04,sad,0,0,359,639
2.071,neutral,172,301,28,28
2.109,neutral,173,302,28,28
2.152,sad,173,302,26,26
2.202,neutral,0,0,359,639
2.237,sad,0,0,359,639
2.274,happy,172,301,27,27
2.305,sad,0,0,359,639
2.342,neutral,0,0,359,639
2.3930000000000002,sad,171,299,28,28
2.423,sad,0,0,359,639
2.471,neutral,173,300,27,27
2.508,sad,172,300,27,27
2.549,sad,172,299,27,27
2.597,neutral,0,0,359,639
2.636,sad,172,298,27,27
2.669,neutral,173,297,27,27
2.71,happy,173,297,27,27
2.743,sad,171,296,28,28
2.799,neutral,172,295,27,27
2.841,sad,0,0,359,639
2.868,sad,0,0,359,639
2.915,sad,169,295,28,28
2.96,sad,169,295,27,27
2.996,happy,170,296,27,27
3.0300000000000002,fear,0,0,359,639
3.078,fear,0,0,359,639
3.105,sad,0,0,359,639
3.148,neutral,0,0,359,639
3.189,neutral,0,0,359,639
3.232,happy,168,295,27,27
3.278,happy,168,294,27,27
3.318,sad,168,294,28,28
3.36,happy,167,295,28,28
3.386,sad,167,295,27,27
3.423,sad,168,294,28,28
3.477,sad,0,0,359,639
3.504,sad,0,0,359,639
3.552,neutral,0,0,359,639
3.596,sad,0,0,359,639
3.634,neutral,170,297,27,27
3.672,fear,0,0,359,639
3.717,neutral,166,294,27,27
3.757,happy,168,295,27,27
3.793,neutral,168,294,27,27
3.822,neutral,167,293,28,28
3.873,neutral,0,0,359,639
3.9050000000000002,angry,0,0,359,639
3.9530000000000003,sad,167,293,28,28
3.984,happy,0,0,359,639
4.015,happy,0,0,359,639
4.082,sad,0,0,359,639
4.116,sad,169,291,28,28
4.154,neutral,169,293,28,28
4.1930000000000005,happy,169,292,28,28
4.23,angry,0,0,359,639
4.268,sad,168,291,28,28
4.315,happy,170,292,26,26
4.346,happy,0,0,359,639
4.388,sad,0,0,359,639
4.438,neutral,169,290,28,28
4.477,sad,171,290,26,26
4.518,neutral,170,289,28,28
4.547,happy,169,289,27,27
4.5840000000000005,neutral,0,0,359,639
4.633,happy,171,287,27,27
4.678,neutral,171,287,27,27
4.708,neutral,171,287,28,28
4.742,happy,170,287,28,28
4.797,happy,170,288,28,28
4.8260000000000005,happy,0,0,359,639
4.864,neutral,170,287,27,27
4.907,happy,171,288,27,27
4.947,neutral,171,287,28,28
4.986,happy,171,288,28,28
5.035,happy,170,288,28,28
5.066,happy,170,287,28,28
5.109,happy,171,288,28,28
5.156,happy,170,287,28,28
5.1930000000000005,happy,170,286,28,28
5.224,happy,171,286,28,28
5.261,happy,170,286,28,28
5.315,happy,170,287,27,27
5.352,happy,170,286,28,28
5.394,happy,170,286,28,28
5.438,happy,0,0,359,639
5.465,happy,170,286,28,28
5.504,happy,170,286,29,29
5.546,neutral,171,287,28,28
5.59,neutral,171,287,27,27
5.629,neutral,171,287,27,27
5.666,neutral,171,288,27,27
5.7,neutral,0,0,359,639
5.758,neutral,0,0,359,639
5.795,neutral,0,0,359,639
5.839,neutral,0,0,359,639
5.863,happy,170,290,27,27
5.923,sad,0,0,359,639
5.96,sad,0,0,359,639
5.985,neutral,0,0,359,639
6.029,sad,0,0,359,639
6.079,happy,170,288,27,27
6.113,sad,0,0,359,639
6.149,sad,0,0,359,639
6.186,sad,0,0,359,639
6.229,neutral,0,0,359,639
6.277,sad,0,0,359,639
6.314,sad,0,0,359,639
6.356,sad,0,0,359,639
6.391,sad,0,0,359,639
6.425,sad,0,0,359,639
6.478,sad,0,0,359,639
6.518,sad,0,0,359,639
6.547,sad,0,0,359,639
6.589,angry,0,0,359,639
6.631,angry,0,0,359,639
6.663,angry,0,0,359,639
6.71,sad,0,0,359,639
6.751,sad,0,0,359,639
6.779,neutral,0,0,359,639
6.817,sad,0,0,359,639
6.868,sad,0,0,359,639
6.9,sad,0,0,359,639
6.938,sad,0,0,359,639
6.979,sad,0,0,359,639
7.025,neutral,0,0,359,639
7.071,sad,0,0,359,639
7.098,sad,0,0,359,639
7.138,sad,0,0,359,639
7.186,sad,0,0,359,639
7.243,sad,0,0,359,639
7.263,sad,0,0,359,639
7.3100000000000005,sad,0,0,359,639
7.363,sad,0,0,359,639
7.4110000000000005,sad,0,0,359,639
7.436,sad,0,0,359,639
7.465,fear,171,290,26,26
7.512,sad,0,0,359,639
7.55,sad,0,0,359,639
7.587,happy,171,290,26,26
7.6240000000000006,happy,0,0,359,639
7.664000000000001,sad,0,0,359,639
7.715,sad,0,0,359,639
7.755,happy,171,290,27,27
7.788,happy,170,288,28,28
7.835,sad,0,0,359,639
7.875,neutral,170,288,28,28
7.913,neutral,0,0,359,639
7.941,sad,0,0,359,639
7.974,happy,170,290,27,27
8.031,sad,0,0,359,639
8.072000000000001,neutral,0,0,359,639
8.118,sad,0,0,359,639
8.15,sad,0,0,359,639
8.179,sad,0,0,359,639
8.233,sad,0,0,359,639
8.264,sad,0,0,359,639
8.304,sad,0,0,359,639
8.347,sad,0,0,359,639
8.387,sad,0,0,359,639
8.437,sad,0,0,359,639
8.466,sad,0,0,359,639
8.517,sad,0,0,359,639
8.552,sad,0,0,359,639
8.598,sad,0,0,359,639
8.635,sad,0,0,359,639
8.675,sad,0,0,359,639
8.722,sad,0,0,359,639
8.76,sad,0,0,359,639
8.783,sad,0,0,359,639
8.832,sad,0,0,359,639
8.865,sad,0,0,359,639
8.921,sad,0,0,359,639
8.958,sad,0,0,359,639
8.994,fear,0,0,359,639
9.033,sad,0,0,359,639
9.082,sad,0,0,359,639
9.115,sad,0,0,359,639
9.146,sad,0,0,359,639
9.197000000000001,sad,0,0,359,639
9.227,sad,0,0,359,639
9.267,sad,0,0,359,639
9.307,sad,0,0,359,639
9.343,sad,0,0,359,639
9.39,fear,0,0,359,639
9.444,angry,173,290,28,28
9.463000000000001,sad,0,0,359,639
9.498,sad,0,0,359,639
9.553,sad,0,0,359,639
9.581,angry,0,0,359,639
9.622,sad,0,0,359,639
9.66,sad,0,0,359,639
9.702,sad,0,0,359,639
9.74,sad,0,0,359,639
9.779,angry,174,290,28,28
9.822000000000001,angry,174,290,29,29
9.865,neutral,174,290,28,28
9.908,neutral,0,0,359,639
9.957,sad,174,291,27,27
9.983,sad,0,0,359,639
10.03,angry,0,0,359,639
10.068,sad,0,0,359,639
10.114,happy,174,292,27,27
10.144,neutral,172,292,27,27
10.192,sad,172,292,28,28
10.226,angry,172,292,29,29
10.266,happy,172,293,27,27
10.3,sad,0,0,359,639
10.349,happy,170,294,27,27
10.38,sad,0,0,359,639
10.429,sad,0,0,359,639
10.467,sad,0,0,359,639
10.511000000000001,sad,0,0,359,639
10.546,sad,0,0,359,639
10.591000000000001,angry,172,294,27,27
10.63,sad,0,0,359,639
10.673,sad,0,0,359,639
10.71,sad,0,0,359,639
10.746,sad,0,0,359,639
10.787,happy,172,294,27,27
10.839,sad,0,0,359,639
10.873000000000001,happy,172,293,27,27
10.91,sad,0,0,359,639
10.949,happy,172,292,28,28
10.992,happy,171,291,29,29
11.027000000000001,sad,0,0,359,639
11.053,happy,0,0,359,639
11.103,happy,172,289,29,29
11.144,happy,0,0,359,639
11.187,happy,173,290,29,29
11.217,happy,174,290,29,29
11.266,happy,176,291,28,28
11.306000000000001,happy,177,291,29,29
11.337,happy,0,0,359,639
11.377,happy,175,289,29,29
11.428,sad,0,0,359,639
11.462,happy,178,292,28,28
11.501,happy,178,292,28,28
11.540000000000003,happy,177,291,28,28
11.599,happy,178,291,28,28
11.64,happy,177,291,28,28
11.689,happy,176,291,29,29
11.702,happy,0,0,359,639
11.75,happy,176,291,28,28
11.791,happy,176,291,28,28
11.835,happy,0,0,359,639
11.868,happy,176,291,27,27
11.906,happy,175,291,28,28
11.948,happy,176,292,27,27
11.994,happy,174,290,29,29
12.027000000000001,happy,174,289,28,28
12.067,fear,174,289,29,29
12.109,happy,173,290,28,28
12.156,happy,173,290,28,28
12.185,neutral,0,0,359,639
12.228,happy,172,290,28,28
12.281,happy,171,290,28,28
12.306000000000001,sad,170,291,28,28
12.356,sad,0,0,359,639
12.392,sad,0,0,359,639
12.433,neutral,0,0,359,639
12.476,neutral,167,290,28,28
12.506,sad,0,0,359,639
12.553,sad,0,0,359,639
12.593,sad,0,0,359,639
12.629,sad,0,0,359,639
12.668000000000001,sad,0,0,359,639
12.711,sad,0,0,359,639
12.761000000000001,sad,0,0,359,639
12.786,sad,0,0,359,639
12.836,sad,0,0,359,639
12.859,sad,0,0,359,639
12.915000000000003,sad,0,0,359,639
12.961,sad,0,0,359,639
13.0,sad,0,0,359,639
13.032,sad,0,0,359,639
13.083,sad,0,0,359,639
13.112,sad,0,0,359,639
13.143,sad,0,0,359,639
13.185,sad,0,0,359,639
13.237,sad,0,0,359,639
13.266,sad,0,0,359,639
13.313,sad,0,0,359,639
13.348,sad,0,0,359,639
13.388,sad,0,0,359,639
13.426,sad,0,0,359,639
13.463000000000001,sad,0,0,359,639
13.516,sad,0,0,359,639
13.557,sad,0,0,359,639
13.583,sad,0,0,359,639
13.636000000000001,sad,0,0,359,639
13.672,sad,0,0,359,639
13.701,sad,0,0,359,639
13.75,sad,0,0,359,639
13.782,sad,0,0,359,639
13.833,sad,0,0,359,639
13.868,sad,0,0,359,639
13.917,angry,0,0,359,639
13.943,fear,0,0,359,639
13.993,fear,0,0,359,639
14.033,sad,0,0,359,639
14.073,sad,0,0,359,639
14.104000000000001,sad,0,0,359,639
14.153,sad,0,0,359,639
14.193,sad,0,0,359,639
14.219,sad,0,0,359,639
14.275,sad,0,0,359,639
14.302,sad,0,0,359,639
14.341000000000001,sad,0,0,359,639
14.38,sad,0,0,359,639
14.424,sad,0,0,359,639
14.465,fear,171,298,27,27
14.505,sad,0,0,359,639
14.534,sad,0,0,359,639
14.592,sad,0,0,359,639
14.631,sad,0,0,359,639
14.66,sad,0,0,359,639
14.702,sad,0,0,359,639
14.744,sad,0,0,359,639
14.8,sad,0,0,359,639
14.839,sad,0,0,359,639
14.863,sad,0,0,359,639
14.915000000000003,sad,0,0,359,639
14.952,sad,0,0,359,639
14.999,sad,0,0,359,639
15.034,sad,0,0,359,639
15.078000000000001,sad,0,0,359,639
15.106,sad,0,0,359,639
15.147,sad,0,0,359,639
15.191,sad,0,0,359,639
15.231,sad,0,0,359,639
15.27,sad,0,0,359,639
15.314,sad,0,0,359,639
15.35,sad,0,0,359,639
15.397,sad,0,0,359,639
15.433,neutral,0,0,359,639
15.474,neutral,0,0,359,639
15.503,neutral,0,0,359,639
15.542,neutral,0,0,359,639
15.607000000000001,neutral,0,0,359,639
15.63,neutral,0,0,359,639
15.668000000000001,neutral,0,0,359,639
15.731,neutral,0,0,359,639
15.758,neutral,0,0,359,639
15.787,neutral,0,0,359,639
15.837,neutral,0,0,359,639
15.869,neutral,0,0,359,639
15.904,neutral,0,0,359,639
15.962,neutral,0,0,359,639
15.993,neutral,0,0,359,639
16.026,neutral,0,0,359,639
16.068,fear,0,0,359,639
16.11,fear,0,0,359,639
16.153,fear,0,0,359,639
16.199,fear,0,0,359,639
16.22,fear,0,0,359,639
16.273,fear,0,0,359,639
16.305,neutral,0,0,359,639
16.336000000000002,fear,0,0,359,639
16.377,neutral,0,0,359,639
16.429000000000002,neutral,0,0,359,639
16.468,neutral,0,0,359,639
16.501,neutral,0,0,359,639
16.538,sad,0,0,359,639
16.588,sad,0,0,359,639
16.618000000000002,neutral,0,0,359,639
16.668,neutral,0,0,359,639
16.698,fear,0,0,359,639
16.738,fear,0,0,359,639
16.788,fear,0,0,359,639
16.824,fear,0,0,359,639
16.865000000000002,fear,0,0,359,639
16.902,fear,0,0,359,639
16.959,sad,0,0,359,639
16.990000000000002,fear,0,0,359,639
17.019000000000002,fear,0,0,359,639
17.061,fear,0,0,359,639
17.114,sad,0,0,359,639
17.154,fear,0,0,359,639
17.191,fear,0,0,359,639
17.226,fear,0,0,359,639
17.279,fear,0,0,359,639
17.316,fear,0,0,359,639
17.356,fear,0,0,359,639
17.382,fear,0,0,359,639
17.431,fear,0,0,359,639
17.477,fear,0,0,359,639
17.513,fear,0,0,359,639
17.539,fear,0,0,359,639
17.591,fear,0,0,359,639
17.635,sad,0,0,359,639
17.667,sad,0,0,359,639
17.702,sad,0,0,359,639
17.75,sad,0,0,359,639
17.8,sad,0,0,359,639
17.826,sad,0,0,359,639
17.868000000000002,sad,0,0,359,639
17.924,sad,0,0,359,639
17.952,sad,0,0,359,639
17.993000000000002,sad,0,0,359,639
18.03,sad,0,0,359,639
18.077,sad,0,0,359,639
18.118000000000002,sad,0,0,359,639
18.147000000000002,sad,0,0,359,639
18.186,sad,0,0,359,639
18.229,sad,0,0,359,639
18.277,sad,0,0,359,639
18.306,sad,0,0,359,639
18.352,sad,0,0,359,639
18.383,sad,0,0,359,639
18.437,sad,0,0,359,639
18.47,sad,0,0,359,639
18.507,sad,0,0,359,639
18.552,sad,0,0,359,639
18.592,sad,0,0,359,639
18.628,sad,0,0,359,639
18.663,sad,0,0,359,639
18.701,fear,0,0,359,639
18.754,fear,0,0,359,639
18.788,sad,0,0,359,639
18.825,sad,0,0,359,639
18.86,sad,0,0,359,639
18.911,fear,0,0,359,639
18.94,fear,0,0,359,639
18.979,fear,0,0,359,639
19.021,fear,0,0,359,639
19.06,fear,0,0,359,639
19.101,fear,0,0,359,639
19.156,sad,0,0,359,639
19.207,sad,0,0,359,639
19.229,fear,0,0,359,639
19.271,fear,0,0,359,639
19.299,fear,0,0,359,639
19.349,fear,0,0,359,639
19.384,fear,0,0,359,639
19.429000000000002,fear,0,0,359,639
19.457,fear,0,0,359,639
19.502,fear,0,0,359,639
19.539,fear,0,0,359,639
19.582,fear,0,0,359,639
19.622,fear,0,0,359,639
19.661,fear,0,0,359,639
19.703,fear,0,0,359,639
19.740000000000002,fear,0,0,359,639
19.782,fear,0,0,359,639
19.821,fear,0,0,359,639
19.86,fear,0,0,359,639
19.904,fear,0,0,359,639
19.955000000000005,fear,0,0,359,639
19.997,fear,0,0,359,639
20.035,fear,0,0,359,639
20.066,fear,0,0,359,639
20.113,fear,0,0,359,639
20.158,fear,0,0,359,639
20.186,fear,0,0,359,639
20.233,fear,0,0,359,639
20.28,fear,0,0,359,639
20.305,fear,0,0,359,639
20.353,fear,0,0,359,639
20.389,fear,0,0,359,639
20.433,fear,0,0,359,639
20.478,fear,0,0,359,639
20.517,fear,0,0,359,639
20.543,fear,0,0,359,639
20.595,sad,0,0,359,639
20.648,fear,0,0,359,639
20.665,sad,0,0,359,639
20.709,fear,0,0,359,639
20.757,sad,0,0,359,639
20.795,sad,0,0,359,639
20.839000000000002,fear,0,0,359,639
20.873,fear,0,0,359,639
20.911,fear,0,0,359,639
20.954,fear,0,0,359,639
20.984,fear,0,0,359,639
21.027,fear,0,0,359,639
21.065,fear,0,0,359,639
21.098,fear,0,0,359,639
21.135,fear,0,0,359,639
21.175,fear,0,0,359,639
21.221,fear,0,0,359,639
21.252,fear,0,0,359,639
21.29,fear,0,0,359,639
21.330000000000005,fear,0,0,359,639
21.377,fear,0,0,359,639
21.42,fear,0,0,359,639
21.452,fear,0,0,359,639
21.497,fear,0,0,359,639
21.533,fear,0,0,359,639
21.567,fear,0,0,359,639
21.604,fear,0,0,359,639
21.637,fear,0,0,359,639
21.675,fear,0,0,359,639
21.724,fear,0,0,359,639
21.743000000000002,fear,0,0,359,639
21.785,fear,0,0,359,639
21.829,fear,0,0,359,639
21.866,fear,0,0,359,639
21.912,fear,0,0,359,639
21.947,fear,0,0,359,639
21.992,fear,0,0,359,639
22.022000000000002,fear,0,0,359,639
22.061,fear,0,0,359,639
22.103,fear,0,0,359,639
22.143,fear,0,0,359,639
22.177,fear,0,0,359,639
22.22,fear,0,0,359,639
22.258,fear,0,0,359,639
22.295,fear,0,0,359,639
22.344,fear,0,0,359,639
22.369,fear,0,0,359,639
22.409,fear,0,0,359,639
22.452,fear,0,0,359,639
22.493000000000002,fear,0,0,359,639
22.525000000000002,fear,0,0,359,639
22.564,sad,0,0,359,639
22.596,fear,0,0,359,639
22.634,fear,0,0,359,639
22.676000000000002,fear,0,0,359,639
22.717,fear,0,0,359,639
22.746000000000002,fear,0,0,359,639
22.797,sad,0,0,359,639
22.828,fear,0,0,359,639
22.881,fear,0,0,359,639
22.909,sad,0,0,359,639
22.95,sad,0,0,359,639
22.98,fear,0,0,359,639
23.025000000000002,fear,0,0,359,639
23.066,fear,0,0,359,639
23.095,fear,0,0,359,639
23.150000000000002,fear,0,0,359,639
23.173,fear,0,0,359,639
23.21,fear,0,0,359,639
23.26,fear,0,0,359,639
23.295,fear,0,0,359,639
23.335,fear,0,0,359,639
23.383,fear,0,0,359,639
23.417,fear,0,0,359,639
23.45,fear,0,0,359,639
23.494,fear,0,0,359,639
23.518,fear,0,0,359,639
23.566,fear,0,0,359,639
23.594,fear,0,0,359,639
23.639,fear,0,0,359,639
23.684,fear,0,0,359,639
23.713,fear,0,0,359,639
23.762,fear,0,0,359,639
23.8,fear,0,0,359,639
23.828,fear,0,0,359,639
23.876,fear,0,0,359,639
23.917,fear,0,0,359,639
23.948,fear,0,0,359,639
23.990000000000002,fear,0,0,359,639
24.022000000000002,fear,0,0,359,639
24.056,fear,0,0,359,639
24.096,fear,0,0,359,639
24.14,fear,0,0,359,639
24.172,sad,0,0,359,639
24.208000000000002,fear,0,0,359,639
24.259,fear,0,0,359,639
24.295,sad,0,0,359,639
24.329,sad,0,0,359,639
24.374,fear,0,0,359,639
24.417,fear,0,0,359,639
24.468,fear,0,0,359,639
24.476,fear,0,0,359,639
24.521,fear,0,0,359,639
24.566,fear,0,0,359,639
24.594,fear,0,0,359,639
24.635,fear,0,0,359,639
24.681,fear,0,0,359,639
24.712,fear,0,0,359,639
24.746000000000002,fear,0,0,359,639
24.784,fear,0,0,359,639
24.833000000000002,fear,0,0,359,639
24.869,fear,0,0,359,639
24.914,fear,0,0,359,639
24.945,fear,0,0,359,639
24.986,fear,0,0,359,639
25.026,sad,0,0,359,639
25.061,fear,0,0,359,639
25.103,fear,0,0,359,639
25.14,sad,0,0,359,639
25.176000000000002,sad,0,0,359,639
25.214000000000002,sad,0,0,359,639
25.254,sad,0,0,359,639
25.307000000000002,sad,0,0,359,639
25.337,sad,0,0,359,639
25.378,sad,0,0,359,639
25.414,sad,0,0,359,639
25.445,sad,0,0,359,639
25.490000000000002,sad,0,0,359,639
25.517,sad,0,0,359,639
25.551000000000002,sad,0,0,359,639
25.591,sad,0,0,359,639
25.632,sad,0,0,359,639
25.663,sad,0,0,359,639
25.704,sad,0,0,359,639
25.744,sad,0,0,359,639
25.784,sad,0,0,359,639
25.828,sad,0,0,359,639
25.88,sad,0,0,359,639
25.898,sad,0,0,359,639
25.935000000000002,sad,0,0,359,639
25.975,sad,0,0,359,639
26.016,sad,0,0,359,639
26.054000000000002,sad,0,0,359,639
26.104,sad,0,0,359,639
26.139,sad,0,0,359,639
26.183,sad,0,0,359,639
26.224,sad,0,0,359,639
26.258,sad,0,0,359,639
26.292,sad,0,0,359,639
26.335,sad,0,0,359,639
26.364,sad,0,0,359,639
26.402,sad,0,0,359,639
26.45,sad,0,0,359,639
26.485,sad,0,0,359,639
26.512,sad,0,0,359,639
26.565,sad,0,0,359,639
26.614,sad,0,0,359,639
26.644000000000002,sad,0,0,359,639
26.68,sad,0,0,359,639
26.72,sad,0,0,359,639
26.756,sad,0,0,359,639
26.794,sad,0,0,359,639
26.834,sad,0,0,359,639
26.857,sad,0,0,359,639
26.898,sad,0,0,359,639
26.938,sad,0,0,359,639
26.968,sad,0,0,359,639
27.02,fear,0,0,359,639
27.061,sad,0,0,359,639
27.091,sad,0,0,359,639
27.132,sad,0,0,359,639
27.175,sad,0,0,359,639
27.217000000000002,sad,0,0,359,639
27.244,sad,0,0,359,639
27.284,sad,0,0,359,639
27.337,sad,0,0,359,639
27.369,sad,0,0,359,639
27.409,sad,0,0,359,639
27.448,sad,0,0,359,639
27.477,sad,0,0,359,639
27.532,sad,0,0,359,639
27.580000000000005,sad,0,0,359,639
27.606,sad,0,0,359,639
27.636,sad,0,0,359,639
27.681,sad,0,0,359,639
27.719,sad,0,0,359,639
27.758,sad,0,0,359,639
27.795,sad,0,0,359,639
27.842000000000002,sad,0,0,359,639
27.863,sad,0,0,359,639
27.907,sad,0,0,359,639
27.956,sad,0,0,359,639
27.989,sad,0,0,359,639
28.03,sad,0,0,359,639
28.064,sad,0,0,359,639
28.105,sad,0,0,359,639
28.149,sad,0,0,359,639
28.179000000000002,sad,0,0,359,639
28.219,sad,0,0,359,639
28.257,sad,0,0,359,639
28.296,sad,0,0,359,639
28.325,sad,0,0,359,639
28.364,fear,0,0,359,639
28.407,sad,0,0,359,639
28.452,sad,0,0,359,639
28.498,sad,0,0,359,639
28.535,sad,0,0,359,639
28.569,sad,0,0,359,639
28.599,sad,0,0,359,639
28.66,sad,0,0,359,639
28.674,sad,0,0,359,639
28.721,sad,0,0,359,639
28.759,sad,0,0,359,639
28.789,sad,0,0,359,639
28.843,sad,0,0,359,639
28.866,sad,0,0,359,639
28.907,sad,0,0,359,639
28.958000000000002,sad,0,0,359,639
28.986,fear,0,0,359,639
29.029,fear,0,0,359,639
29.071,fear,0,0,359,639
29.108,fear,0,0,359,639
29.14,fear,0,0,359,639
29.186,fear,0,0,359,639
29.224,fear,0,0,359,639
29.251,fear,0,0,359,639
29.299,fear,0,0,359,639
29.335,sad,0,0,359,639
29.362000000000002,fear,0,0,359,639
29.409,fear,0,0,359,639
29.448,fear,0,0,359,639
29.488,fear,0,0,359,639
29.529,fear,0,0,359,639
29.561,sad,0,0,359,639
29.6,fear,0,0,359,639
29.643,fear,0,0,359,639
29.669,fear,0,0,359,639
29.713,fear,0,0,359,639
29.76,fear,0,0,359,639
29.795,fear,0,0,359,639
29.829,fear,0,0,359,639
29.871000000000002,fear,0,0,359,639
29.911,fear,0,0,359,639
29.953,fear,0,0,359,639
29.993000000000002,fear,0,0,359,639
30.021,fear,0,0,359,639
30.079,fear,0,0,359,639
30.095,fear,0,0,359,639
30.14,fear,0,0,359,639
30.187,fear,0,0,359,639
30.21,fear,0,0,359,639
30.255,fear,0,0,359,639
30.295,fear,0,0,359,639
30.332,fear,0,0,359,639
30.38,sad,0,0,359,639
30.42,fear,0,0,359,639
30.459,fear,0,0,359,639
30.492,fear,0,0,359,639
30.529,fear,0,0,359,639
30.568,fear,0,0,359,639
30.609,fear,0,0,359,639
30.646,fear,0,0,359,639
30.68,fear,0,0,359,639
30.711000000000002,fear,0,0,359,639
30.759,fear,0,0,359,639
30.795,fear,0,0,359,639
30.84,fear,0,0,359,639
30.874000000000002,fear,0,0,359,639
30.922,fear,0,0,359,639
30.953,fear,0,0,359,639
30.998,fear,0,0,359,639
31.029,sad,0,0,359,639
31.060000000000002,fear,0,0,359,639
31.108,fear,0,0,359,639
31.150000000000002,fear,0,0,359,639
31.181,fear,0,0,359,639
31.216,fear,0,0,359,639
31.256,fear,0,0,359,639
31.29,fear,0,0,359,639
31.336000000000002,fear,0,0,359,639
31.379,fear,0,0,359,639
31.422,fear,0,0,359,639
31.445,fear,0,0,359,639
31.493000000000002,fear,0,0,359,639
31.529,fear,0,0,359,639
31.571,fear,0,0,359,639
31.604,fear,0,0,359,639
31.646,fear,0,0,359,639
31.675,fear,0,0,359,639
31.718,fear,0,0,359,639
31.758,fear,0,0,359,639
31.795,fear,0,0,359,639
31.841,fear,0,0,359,639
31.88,happy,0,0,359,639
31.923,sad,0,0,359,639
31.954,fear,0,0,359,639
31.989,happy,0,0,359,639
32.026,fear,0,0,359,639
32.06,happy,175,306,28,28
32.097,fear,0,0,359,639
32.141,fear,0,0,359,639
32.177,happy,175,306,28,28
32.224000000000004,happy,175,306,28,28
32.253,fear,0,0,359,639
32.293,fear,0,0,359,639
32.336,happy,175,308,30,30
32.364,fear,0,0,359,639
32.405,fear,0,0,359,639
32.446,fear,0,0,359,639
32.486000000000004,fear,0,0,359,639
32.517,fear,0,0,359,639
32.555,fear,0,0,359,639
32.604,sad,177,309,28,28
32.629,fear,0,0,359,639
32.671,fear,0,0,359,639
32.713,fear,0,0,359,639
32.757,fear,0,0,359,639
32.8,fear,0,0,359,639
32.843,fear,0,0,359,639
32.867,sad,0,0,359,639
32.91000000000001,fear,0,0,359,639
32.947,fear,0,0,359,639
32.981,fear,0,0,359,639
33.022,fear,0,0,359,639
33.064,fear,0,0,359,639
33.114,sad,0,0,359,639
33.148,sad,0,0,359,639
33.187,sad,0,0,359,639
33.222,sad,0,0,359,639
33.266,fear,0,0,359,639
33.3,fear,0,0,359,639
33.332,fear,0,0,359,639
33.378,fear,0,0,359,639
33.447,sad,0,0,359,639
33.448,sad,0,0,359,639
33.481,sad,0,0,359,639
33.529,sad,0,0,359,639
33.589,sad,0,0,359,639
33.611000000000004,fear,0,0,359,639
33.638,fear,0,0,359,639
33.67,fear,0,0,359,639
33.718,fear,0,0,359,639
33.758,fear,0,0,359,639
33.803,fear,0,0,359,639
33.839,fear,0,0,359,639
33.879,fear,0,0,359,639
33.932,fear,0,0,359,639
33.947,fear,0,0,359,639
33.986000000000004,fear,0,0,359,639
34.016,sad,0,0,359,639
34.078,sad,0,0,359,639
34.105000000000004,sad,0,0,359,639
34.141,sad,0,0,359,639
34.183,happy,0,0,359,639
34.223,neutral,173,300,28,28
34.258,sad,0,0,359,639
34.297000000000004,happy,175,301,29,29
34.331,angry,0,0,359,639
34.368,sad,0,0,359,639
34.406,sad,0,0,359,639
34.432,sad,0,0,359,639
34.476,happy,178,300,28,28
34.513,happy,0,0,359,639
34.566,angry,0,0,359,639
34.594,sad,0,0,359,639
34.635,sad,0,0,359,639
34.678,sad,0,0,359,639
34.707,sad,0,0,359,639
34.754,sad,0,0,359,639
34.788000000000004,sad,0,0,359,639
34.831,sad,0,0,359,639
34.861000000000004,sad,0,0,359,639
34.902,sad,0,0,359,639
34.949,sad,0,0,359,639
34.983000000000004,sad,0,0,359,639
35.039,sad,0,0,359,639
35.076,sad,0,0,359,639
35.108000000000004,sad,0,0,359,639
35.143,sad,0,0,359,639
35.184,sad,0,0,359,639
35.233000000000004,sad,0,0,359,639
35.268,sad,0,0,359,639
35.297000000000004,sad,0,0,359,639
35.342,angry,0,0,359,639
35.369,angry,0,0,359,639
35.416000000000004,sad,0,0,359,639
35.446,sad,0,0,359,639
35.483000000000004,sad,0,0,359,639
35.533,sad,0,0,359,639
35.575,sad,0,0,359,639
35.608000000000004,sad,0,0,359,639
35.645,sad,0,0,359,639
35.684,sad,0,0,359,639
35.731,sad,0,0,359,639
35.764,fear,179,303,30,30
35.804,fear,179,303,30,30
35.836,angry,180,302,30,30
35.869,angry,0,0,359,639
35.916000000000004,angry,180,302,29,29
35.948,sad,0,0,359,639
35.993,sad,0,0,359,639
36.031,angry,0,0,359,639
36.06,sad,0,0,359,639
36.105000000000004,sad,0,0,359,639
36.144,sad,0,0,359,639
36.179,sad,0,0,359,639
36.217,angry,0,0,359,639
36.249,angry,0,0,359,639
36.295,sad,0,0,359,639
36.332,sad,0,0,359,639
36.366,sad,0,0,359,639
36.404,sad,0,0,359,639
36.457,sad,0,0,359,639
36.480000000000004,sad,0,0,359,639
36.529,sad,0,0,359,639
36.571,sad,0,0,359,639
36.601,sad,0,0,359,639
36.644,fear,0,0,359,639
36.68,fear,0,0,359,639
36.719,fear,0,0,359,639
36.752,sad,0,0,359,639
36.803,sad,0,0,359,639
36.838,sad,0,0,359,639
36.863,sad,0,0,359,639
36.905,sad,0,0,359,639
36.957,sad,0,0,359,639
36.986000000000004,sad,0,0,359,639
37.032,sad,0,0,359,639
37.08,sad,0,0,359,639
37.097,sad,0,0,359,639
37.145,sad,0,0,359,639
37.181,sad,0,0,359,639
37.221,sad,0,0,359,639
37.253,sad,0,0,359,639
37.293,sad,0,0,359,639
37.33,sad,0,0,359,639
37.368,sad,0,0,359,639
37.412,sad,0,0,359,639
37.463,sad,0,0,359,639
37.498,angry,0,0,359,639
37.529,angry,0,0,359,639
37.567,sad,0,0,359,639
37.605000000000004,sad,0,0,359,639
37.639,sad,0,0,359,639
37.67,sad,0,0,359,639
37.714,sad,0,0,359,639
37.759,sad,0,0,359,639
37.802,sad,0,0,359,639
37.83,fear,175,304,29,29
37.871,angry,0,0,359,639
37.91000000000001,happy,177,306,28,28
37.952,happy,177,306,28,28
37.984,sad,0,0,359,639
38.026,sad,0,0,359,639
38.064,sad,0,0,359,639
38.105000000000004,happy,177,307,28,28
38.146,happy,176,307,29,29
38.176,sad,0,0,359,639
38.219,happy,176,307,29,29
38.254,sad,0,0,359,639
38.287,sad,0,0,359,639
38.332,sad,0,0,359,639
38.38,sad,0,0,359,639
38.409,happy,178,307,28,28
38.457,happy,178,307,27,27
38.486000000000004,sad,0,0,359,639
38.531,sad,0,0,359,639
38.568,sad,0,0,359,639
38.6,sad,0,0,359,639
38.64,angry,177,307,28,28
38.682,happy,178,307,28,28
38.72,sad,0,0,359,639
38.759,sad,0,0,359,639
38.794000000000004,happy,177,306,29,29
38.836,happy,177,306,29,29
38.889,happy,177,306,29,29
38.925000000000004,happy,177,306,29,29
38.951,sad,0,0,359,639
38.989000000000004,sad,0,0,359,639
39.029,happy,176,306,30,30
39.063,happy,0,0,359,639
39.104,sad,0,0,359,639
39.138,happy,178,307,28,28
39.178,angry,178,307,27,27
39.218,angry,178,307,28,28
39.267,angry,0,0,359,639
39.289,sad,0,0,359,639
39.341,sad,180,306,27,27
39.38,sad,0,0,359,639
39.416000000000004,fear,179,304,28,28
39.454,fear,0,0,359,639
39.49,fear,178,305,28,28
39.526,fear,179,306,26,26
39.569,fear,178,305,27,27
39.605000000000004,sad,0,0,359,639
39.65,sad,0,0,359,639
39.689,sad,0,0,359,639
39.723,sad,0,0,359,639
39.754,sad,0,0,359,639
39.803000000000004,sad,0,0,359,639
39.837,sad,0,0,359,639
39.879,sad,0,0,359,639
39.912,sad,0,0,359,639
39.961,sad,0,0,359,639
39.984,sad,0,0,359,639
40.031,sad,0,0,359,639
40.074,sad,0,0,359,639
40.099000000000004,sad,0,0,359,639
40.14,sad,0,0,359,639
40.181,sad,0,0,359,639
40.226,sad,0,0,359,639
40.266,sad,0,0,359,639
40.301,sad,0,0,359,639
40.34,sad,0,0,359,639
40.379,sad,0,0,359,639
40.41000000000001,sad,0,0,359,639
40.454,sad,0,0,359,639
40.492,sad,0,0,359,639
40.528,sad,0,0,359,639
40.566,sad,0,0,359,639
40.605000000000004,sad,0,0,359,639
40.644,sad,0,0,359,639
40.675000000000004,sad,0,0,359,639
40.721,sad,0,0,359,639
40.764,sad,0,0,359,639
40.805,happy,182,304,28,28
40.837,happy,182,304,28,28
40.87,sad,0,0,359,639
40.912,happy,182,304,28,28
40.937,sad,0,0,359,639
40.986000000000004,happy,0,0,359,639
41.028,sad,0,0,359,639
41.069,sad,0,0,359,639
41.096,sad,0,0,359,639
41.137,sad,0,0,359,639
41.189,sad,0,0,359,639
41.217,sad,0,0,359,639
41.262,sad,0,0,359,639
41.300000000000004,sad,0,0,359,639
41.352000000000004,sad,0,0,359,639
41.41000000000001,sad,0,0,359,639
41.438,sad,0,0,359,639
41.466,sad,0,0,359,639
41.522,sad,0,0,359,639
41.552,sad,0,0,359,639
41.579,sad,0,0,359,639
41.621,sad,0,0,359,639
41.671,sad,0,0,359,639
41.702,sad,0,0,359,639
41.744,sad,0,0,359,639
41.782,sad,0,0,359,639
41.815,sad,0,0,359,639
41.862,fear,0,0,359,639
41.902,sad,0,0,359,639
41.942,sad,0,0,359,639
41.974000000000004,sad,0,0,359,639
42.026,sad,0,0,359,639
42.067,sad,0,0,359,639
42.112,sad,0,0,359,639
42.149,sad,0,0,359,639
42.209,sad,0,0,359,639
42.243,sad,0,0,359,639
42.278,sad,0,0,359,639
42.324,sad,0,0,359,639
42.341,sad,0,0,359,639
42.391,sad,0,0,359,639
42.442,sad,0,0,359,639
42.477000000000004,sad,0,0,359,639
42.518,sad,0,0,359,639
42.554,sad,0,0,359,639
42.603,sad,0,0,359,639
42.627,sad,0,0,359,639
42.681,fear,0,0,359,639
42.723,sad,0,0,359,639
42.765,sad,0,0,359,639
42.802,sad,0,0,359,639
42.842,sad,0,0,359,639
42.877,sad,0,0,359,639
42.915,sad,0,0,359,639
42.953,sad,0,0,359,639
43.0,sad,0,0,359,639
43.036,sad,0,0,359,639
43.081,sad,0,0,359,639
43.12,sad,0,0,359,639
43.152,fear,0,0,359,639
43.197,fear,0,0,359,639
43.24,fear,0,0,359,639
43.275,fear,0,0,359,639
43.315,fear,0,0,359,639
43.364000000000004,fear,0,0,359,639
43.391,sad,0,0,359,639
43.44,sad,0,0,359,639
43.468,sad,0,0,359,639
43.51,sad,0,0,359,639
43.553000000000004,sad,0,0,359,639
43.592,sad,0,0,359,639
43.629,sad,0,0,359,639
43.668,sad,0,0,359,639
43.72,sad,0,0,359,639
43.758,sad,0,0,359,639
43.800000000000004,sad,0,0,359,639
43.827,sad,0,0,359,639
43.875,sad,0,0,359,639
43.909,sad,0,0,359,639
43.956,sad,0,0,359,639
43.993,sad,0,0,359,639
44.038000000000004,sad,0,0,359,639
44.076,sad,0,0,359,639
44.116,sad,0,0,359,639
44.154,sad,0,0,359,639
44.198,sad,0,0,359,639
44.238,sad,0,0,359,639
44.27,sad,0,0,359,639
44.307,sad,0,0,359,639
44.361000000000004,sad,0,0,359,639
44.399,sad,0,0,359,639
44.428000000000004,sad,0,0,359,639
44.472,sad,189,304,27,27
44.509,sad,0,0,359,639
44.555,sad,0,0,359,639
44.598,sad,0,0,359,639
44.63,sad,0,0,359,639
44.673,sad,0,0,359,639
44.709,sad,0,0,359,639
44.75,sad,0,0,359,639
44.777,sad,0,0,359,639
44.821,sad,0,0,359,639
44.871,sad,0,0,359,639
44.912,sad,0,0,359,639
44.939,sad,0,0,359,639
44.980000000000004,sad,0,0,359,639
45.02,sad,0,0,359,639
45.059,sad,0,0,359,639
45.104,sad,0,0,359,639
45.142,sad,0,0,359,639
45.182,sad,0,0,359,639
45.239000000000004,sad,0,0,359,639
45.274,sad,0,0,359,639
45.304,sad,0,0,359,639
45.354,sad,0,0,359,639
45.406,sad,0,0,359,639
45.429,sad,0,0,359,639
45.476,sad,0,0,359,639
45.514,sad,0,0,359,639
45.548,sad,0,0,359,639
45.59,sad,0,0,359,639
45.641,sad,0,0,359,639
45.669000000000004,sad,0,0,359,639
45.718,sad,0,0,359,639
45.752,sad,0,0,359,639
45.803000000000004,neutral,0,0,359,639
45.837,neutral,0,0,359,639
45.875,neutral,0,0,359,639
45.924,sad,0,0,359,639
45.934,sad,0,0,359,639
45.999,neutral,0,0,359,639
46.037,sad,0,0,359,639
46.066,neutral,0,0,359,639
46.119,angry,0,0,359,639
46.148,angry,0,0,359,639
46.206,sad,0,0,359,639
46.236000000000004,sad,0,0,359,639
46.277,angry,0,0,359,639
46.324,sad,0,0,359,639
46.363,sad,0,0,359,639
46.393,sad,0,0,359,639
46.428000000000004,sad,0,0,359,639
46.471,sad,0,0,359,639
46.522,sad,0,0,359,639
46.546,sad,0,0,359,639
46.591,sad,0,0,359,639
46.638,sad,0,0,359,639
46.682,sad,0,0,359,639
46.709,happy,189,300,28,28
46.75,happy,0,0,359,639
46.807,happy,0,0,359,639
46.839,sad,0,0,359,639
46.866,sad,0,0,359,639
46.896,happy,190,300,28,28
46.95,sad,0,0,359,639
46.989000000000004,sad,0,0,359,639
47.016,sad,0,0,359,639
47.084,sad,0,0,359,639
47.103,sad,0,0,359,639
47.142,sad,0,0,359,639
47.181000000000004,sad,0,0,359,639
47.222,sad,0,0,359,639
47.261,sad,0,0,359,639
47.305,sad,0,0,359,639
47.346,sad,0,0,359,639
47.398,sad,0,0,359,639
47.432,sad,0,0,359,639
47.476,sad,0,0,359,639
47.515,sad,0,0,359,639
47.545,sad,0,0,359,639
47.584,sad,0,0,359,639
47.645,sad,0,0,359,639
47.685,sad,0,0,359,639
47.721,sad,0,0,359,639
47.75,sad,0,0,359,639
47.792,sad,0,0,359,639
47.833,sad,0,0,359,639
47.877,sad,0,0,359,639
47.914,sad,0,0,359,639
47.961,sad,0,0,359,639
47.984,sad,0,0,359,639
48.028,sad,0,0,359,639
48.085,sad,0,0,359,639
48.121,sad,0,0,359,639
48.147,sad,0,0,359,639
48.193,sad,0,0,359,639
48.232,sad,0,0,359,639
48.282,sad,0,0,359,639
48.314,sad,0,0,359,639
48.346,sad,0,0,359,639
48.394,sad,0,0,359,639
48.44,sad,0,0,359,639
48.473,sad,0,0,359,639
48.508,sad,0,0,359,639
48.572,sad,0,0,359,639
48.604,sad,0,0,359,639
48.632,sad,0,0,359,639
48.68,sad,0,0,359,639
48.714,sad,0,0,359,639
48.761,sad,0,0,359,639
48.784,sad,0,0,359,639
48.842,sad,0,0,359,639
48.872,sad,0,0,359,639
48.916000000000004,sad,0,0,359,639
48.956,sad,0,0,359,639
49.002,sad,0,0,359,639
49.027,fear,0,0,359,639
49.081,fear,0,0,359,639
49.124,fear,0,0,359,639
49.152,fear,0,0,359,639
49.186,fear,0,0,359,639
49.230000000000004,fear,0,0,359,639
49.284,fear,0,0,359,639
49.306000000000004,fear,0,0,359,639
49.345,sad,0,0,359,639
49.394,fear,0,0,359,639
49.427,fear,0,0,359,639
49.458,angry,0,0,359,639
49.497,happy,184,292,29,29
49.549,happy,183,292,30,30
49.587,happy,183,293,29,29
49.616,happy,184,293,28,28
49.657,happy,184,293,29,29
49.709,happy,185,295,28,28
49.737,happy,186,297,27,27
49.779,angry,185,296,28,28
49.82,fear,0,0,359,639
49.861000000000004,angry,187,296,28,28
49.911,sad,0,0,359,639
49.949,sad,0,0,359,639
49.995000000000005,sad,0,0,359,639
50.039,sad,0,0,359,639
50.079,sad,0,0,359,639
50.106,sad,0,0,359,639
50.151,sad,0,0,359,639
50.205,sad,0,0,359,639
50.248,sad,0,0,359,639
50.274,sad,0,0,359,639
50.303000000000004,sad,0,0,359,639
50.359,sad,0,0,359,639
50.399,sad,0,0,359,639
50.428000000000004,sad,0,0,359,639
50.483000000000004,sad,0,0,359,639
50.515,fear,186,297,28,28
50.557,sad,0,0,359,639
50.599000000000004,sad,0,0,359,639
50.63,angry,186,297,27,27
50.676,sad,0,0,359,639
50.716,angry,0,0,359,639
50.755,angry,186,296,27,27
50.784,angry,185,295,29,29
50.836,happy,184,295,30,30
50.876,neutral,0,0,359,639
50.911,happy,185,296,28,28
50.96,happy,185,296,28,28
51.004,happy,185,296,28,28
51.038000000000004,happy,185,296,28,28
51.082,sad,0,0,359,639
51.117000000000004,happy,0,0,359,639
51.18,happy,185,296,28,28
51.208,happy,185,296,29,29
51.237,happy,185,296,29,29
51.299,happy,185,297,27,27
51.321,happy,185,297,27,27
51.377,happy,184,296,28,28
51.423,happy,185,296,28,28
51.46,happy,184,296,28,28
51.493,happy,184,296,28,28
51.538000000000004,happy,185,297,28,28
51.581,happy,185,296,28,28
51.621,angry,186,296,27,27
51.675000000000004,neutral,0,0,359,639
51.705,neutral,185,296,28,28
51.748,neutral,0,0,359,639
51.79,neutral,185,295,28,28
51.846,sad,0,0,359,639
51.879,neutral,0,0,359,639
51.916000000000004,neutral,0,0,359,639
51.958,sad,0,0,359,639
52.003,sad,0,0,359,639
52.033,sad,0,0,359,639
52.088,sad,0,0,359,639
52.125,sad,0,0,359,639
52.168,sad,0,0,359,639
52.216,sad,0,0,359,639
52.242000000000004,sad,0,0,359,639
52.286,sad,0,0,359,639
52.327,sad,0,0,359,639
52.38,sad,0,0,359,639
52.41000000000001,neutral,0,0,359,639
52.469,neutral,0,0,359,639
52.502,neutral,0,0,359,639
52.54,neutral,0,0,359,639
52.584,neutral,0,0,359,639
52.629,neutral,0,0,359,639
52.658,sad,0,0,359,639
52.704,sad,0,0,359,639
52.749,sad,0,0,359,639
52.782,sad,0,0,359,639
52.82,sad,0,0,359,639
52.861000000000004,sad,0,0,359,639
52.901,sad,0,0,359,639
52.94,sad,0,0,359,639
52.993,sad,0,0,359,639
53.021,sad,0,0,359,639
53.071,sad,0,0,359,639
53.114000000000004,angry,185,298,28,28
53.153,sad,0,0,359,639
53.202,angry,186,298,27,27
53.244,angry,186,298,27,27
53.286,happy,186,299,28,28
53.328,angry,185,299,28,28
53.378,angry,185,299,28,28
53.407,angry,186,299,28,28
53.457,angry,0,0,359,639
53.505,happy,187,299,28,28
53.545,sad,0,0,359,639
53.571,sad,0,0,359,639
53.620000000000005,neutral,187,299,28,28
53.669000000000004,sad,0,0,359,639
53.703,sad,188,299,28,28
53.752,sad,0,0,359,639
53.789,sad,0,0,359,639
53.835,sad,0,0,359,639
53.876,sad,0,0,359,639
53.914,sad,0,0,359,639
53.967,sad,0,0,359,639
53.99,sad,0,0,359,639
54.045,sad,0,0,359,639
54.071,sad,0,0,359,639
54.129,sad,0,0,359,639
54.165,sad,0,0,359,639
54.205,sad,0,0,359,639
54.248000000000005,sad,0,0,359,639
54.29,sad,0,0,359,639
54.333,sad,0,0,359,639
54.375,sad,0,0,359,639
54.403,sad,0,0,359,639
54.449,sad,0,0,359,639
54.496,sad,0,0,359,639
54.547000000000004,sad,0,0,359,639
54.573,sad,0,0,359,639
54.624,fear,0,0,359,639
54.664,sad,0,0,359,639
54.701,sad,0,0,359,639
54.751,sad,0,0,359,639
54.782,angry,0,0,359,639
54.845,angry,0,0,359,639
54.870000000000005,sad,0,0,359,639
54.92,sad,0,0,359,639
54.951,sad,0,0,359,639
54.999,sad,0,0,359,639
55.037,sad,0,0,359,639
55.079,sad,0,0,359,639
55.128,sad,0,0,359,639
55.18,sad,0,0,359,639
55.208,sad,0,0,359,639
55.241,sad,0,0,359,639
55.294000000000004,sad,0,0,359,639
55.336,sad,0,0,359,639
55.367000000000004,sad,0,0,359,639
55.42,sad,0,0,359,639
55.454,fear,0,0,359,639
55.496,fear,0,0,359,639
55.54,neutral,0,0,359,639
55.581,neutral,0,0,359,639
55.627,sad,0,0,359,639
55.664,happy,184,298,29,29
55.705,fear,0,0,359,639
55.744,fear,0,0,359,639
55.784,fear,0,0,359,639
55.831,sad,0,0,359,639
55.863,fear,0,0,359,639
55.92,fear,0,0,359,639
55.953,angry,185,298,28,28
56.004,sad,0,0,359,639
56.038000000000004,angry,186,298,28,28
56.088,angry,186,298,28,28
56.123000000000005,angry,0,0,359,639
56.163000000000004,angry,186,299,27,27
56.201,angry,187,299,27,27
56.242000000000004,fear,0,0,359,639
56.288000000000004,angry,186,298,28,28
56.339,angry,187,298,27,27
56.381,happy,187,298,28,28
56.418,angry,187,298,28,28
56.456,happy,0,0,359,639
56.497,happy,187,297,28,28
56.536,happy,187,298,28,28
56.593,neutral,0,0,359,639
56.629,neutral,0,0,359,639
56.657,sad,0,0,359,639
56.722,happy,187,298,29,29
56.744,happy,187,298,29,29
56.794000000000004,happy,188,298,28,28
56.842,happy,187,297,28,28
56.870000000000005,neutral,188,297,27,27
56.923,neutral,188,298,27,27
56.949,neutral,188,297,28,28
57.001,fear,0,0,359,639
57.039,neutral,188,296,28,28
57.082,neutral,187,295,29,29
57.114000000000004,neutral,187,295,28,28
57.158,happy,188,295,28,28
57.203,happy,188,294,29,29
57.231,happy,189,295,28,28
57.28500000000001,happy,189,297,28,28
57.321,happy,190,298,27,27
57.363,happy,0,0,359,639
57.403,fear,0,0,359,639
57.443,fear,0,0,359,639
57.484,sad,0,0,359,639
57.524,fear,188,297,28,28
57.575,happy,188,297,28,28
57.651,fear,188,295,29,29
57.678000000000004,neutral,187,294,29,29
57.706,fear,0,0,359,639
57.739000000000004,fear,189,297,28,28
57.789,fear,189,298,28,28
57.839,neutral,0,0,359,639
57.879,neutral,0,0,359,639
57.918,fear,0,0,359,639
57.961,sad,0,0,359,639
57.999,fear,0,0,359,639
58.037,sad,0,0,359,639
58.082,fear,0,0,359,639
58.124,fear,0,0,359,639
58.162,sad,0,0,359,639
58.205,fear,0,0,359,639
58.245000000000005,fear,0,0,359,639
58.291000000000004,sad,0,0,359,639
58.349000000000004,sad,0,0,359,639
58.394,sad,0,0,359,639
58.42,fear,0,0,359,639
58.462,sad,0,0,359,639
58.504,fear,0,0,359,639
58.534,fear,0,0,359,639
58.59,fear,0,0,359,639
58.631,fear,0,0,359,639
58.661,sad,0,0,359,639
58.708,sad,0,0,359,639
58.747,sad,0,0,359,639
58.789,fear,0,0,359,639
58.837,fear,191,298,27,27
58.870000000000005,neutral,191,298,27,27
58.909,neutral,192,298,27,27
58.968,angry,192,298,27,27
58.992000000000004,neutral,191,297,28,28
59.045,angry,192,298,28,28
59.082,sad,0,0,359,639
59.129,sad,192,299,28,28
59.166000000000004,sad,0,0,359,639
59.205,angry,192,299,28,28
59.252,sad,0,0,359,639
59.283,sad,0,0,359,639
59.347,angry,192,299,28,28
59.372,angry,192,300,27,27
59.413000000000004,angry,0,0,359,639
59.46,angry,0,0,359,639
59.499,angry,0,0,359,639
59.537,angry,0,0,359,639
59.582,angry,0,0,359,639
59.622,angry,191,297,28,28
59.662,angry,191,296,28,28
59.7,neutral,190,295,28,28
59.76,neutral,0,0,359,639
59.802,neutral,0,0,359,639
59.849000000000004,neutral,189,295,28,28
59.876000000000005,neutral,189,296,27,27
59.909,neutral,188,296,28,28
59.97,neutral,189,298,27,27
59.999,neutral,189,298,27,27
60.056000000000004,neutral,188,298,27,27
60.078,happy,189,298,27,27
60.132,happy,189,298,27,27
60.172000000000004,angry,188,298,27,27
60.206,angry,188,298,28,28
60.247,angry,187,299,29,29
60.289,happy,188,300,28,28
60.339,happy,188,300,27,27
60.376000000000005,angry,189,299,27,27
60.423,angry,188,300,27,27
60.455,sad,0,0,359,639
60.491,sad,0,0,359,639
60.543,sad,0,0,359,639
60.579,angry,188,300,27,27
60.63,angry,188,299,28,28
60.658,angry,0,0,359,639
60.705,fear,0,0,359,639
60.751000000000005,angry,189,300,27,27
60.78,happy,188,300,28,28
60.852000000000004,sad,0,0,359,639
60.877,sad,0,0,359,639
60.918,sad,189,301,27,27
60.961,happy,189,300,27,27
60.995000000000005,happy,188,299,28,28
61.034,happy,188,300,27,27
61.081,sad,0,0,359,639
61.127,happy,187,301,28,28
61.159,sad,0,0,359,639
61.21,angry,188,301,27,27
61.259,angry,189,300,28,28
61.291000000000004,angry,188,298,28,28
61.331,sad,189,298,27,27
61.366,angry,188,298,28,28
61.407,angry,188,300,27,27
61.45,happy,188,300,27,27
61.493,sad,188,299,27,27
61.544000000000004,neutral,188,298,28,28
61.582,happy,188,298,28,28
61.619,angry,188,299,28,28
61.663000000000004,angry,188,300,27,27
61.718,happy,0,0,359,639
61.746,happy,0,0,359,639
61.788000000000004,happy,0,0,359,639
61.831,happy,0,0,359,639
61.867000000000004,sad,0,0,359,639
61.91000000000001,happy,189,299,27,27
61.968,neutral,0,0,359,639
61.987,happy,190,300,27,27
62.042,neutral,189,300,27,27
62.082,angry,190,301,27,27
62.117000000000004,happy,189,301,27,27
62.168,happy,0,0,359,639
62.206,happy,0,0,359,639
62.246,happy,0,0,359,639
62.291000000000004,sad,0,0,359,639
62.34,happy,189,301,27,27
62.375,angry,189,301,28,28
62.407,happy,190,302,27,27
62.464,happy,191,300,27,27
62.506,happy,190,299,27,27
62.537,angry,191,299,27,27
62.582,happy,190,299,27,27
62.63,angry,190,300,26,26
62.676,happy,190,300,28,28
62.708,neutral,0,0,359,639
62.747,sad,0,0,359,639
62.789,sad,0,0,359,639
62.828,angry,0,0,359,639
62.879,sad,0,0,359,639
62.912,angry,0,0,359,639
62.95,sad,0,0,359,639
62.996,sad,0,0,359,639
63.047000000000004,sad,0,0,359,639
63.076,fear,0,0,359,639
63.137,sad,0,0,359,639
63.173,sad,0,0,359,639
63.196,sad,0,0,359,639
63.249,sad,0,0,359,639
63.298,neutral,187,295,29,29
63.333,sad,0,0,359,639
63.372,sad,0,0,359,639
63.41000000000001,sad,0,0,359,639
63.462,sad,0,0,359,639
63.5,sad,0,0,359,639
63.546,sad,0,0,359,639
63.577,sad,0,0,359,639
63.623000000000005,sad,0,0,359,639
63.659,sad,0,0,359,639
63.713,sad,0,0,359,639
63.742000000000004,sad,0,0,359,639
63.796,sad,0,0,359,639
63.85,sad,0,0,359,639
63.872,sad,0,0,359,639
63.921,sad,0,0,359,639
63.955,neutral,0,0,359,639
64.0,neutral,0,0,359,639
64.04,sad,0,0,359,639
64.07600000000001,neutral,0,0,359,639
64.126,neutral,0,0,359,639
64.17,neutral,0,0,359,639
64.21600000000001,neutral,0,0,359,639
64.251,neutral,0,0,359,639
64.294,neutral,0,0,359,639
64.33200000000001,neutral,0,0,359,639
64.37,neutral,0,0,359,639
64.42,neutral,0,0,359,639
64.456,neutral,0,0,359,639
64.5,neutral,0,0,359,639
64.539,neutral,0,0,359,639
64.59100000000001,neutral,0,0,359,639
64.62,neutral,0,0,359,639
64.665,neutral,0,0,359,639
64.712,neutral,0,0,359,639
64.744,neutral,0,0,359,639
64.798,neutral,0,0,359,639
64.822,neutral,0,0,359,639
64.866,neutral,0,0,359,639
64.911,neutral,0,0,359,639
64.961,happy,188,290,27,27
64.999,neutral,0,0,359,639
65.05,neutral,0,0,359,639
65.089,neutral,0,0,359,639
65.13,neutral,0,0,359,639
65.158,neutral,0,0,359,639
65.209,sad,0,0,359,639
65.249,sad,0,0,359,639
65.295,sad,0,0,359,639
65.343,happy,187,289,27,27
65.372,sad,0,0,359,639
65.416,angry,0,0,359,639
65.462,happy,188,290,27,27
65.505,angry,187,290,27,27
65.539,sad,0,0,359,639
65.58500000000001,sad,0,0,359,639
65.626,sad,0,0,359,639
65.658,happy,187,289,27,27
65.70400000000001,happy,187,289,27,27
65.743,happy,187,290,27,27
65.804,sad,0,0,359,639
65.84100000000001,happy,0,0,359,639
65.878,angry,0,0,359,639
65.928,sad,0,0,359,639
65.959,angry,184,288,28,28
66.002,sad,0,0,359,639
66.039,neutral,0,0,359,639
66.089,happy,182,287,28,28
66.124,sad,0,0,359,639
66.167,fear,0,0,359,639
66.199,angry,0,0,359,639
66.238,sad,0,0,359,639
66.28,neutral,0,0,359,639
66.321,sad,182,289,27,27
66.372,neutral,0,0,359,639
66.412,neutral,182,290,27,27
66.44,neutral,182,290,28,28
66.495,angry,0,0,359,639
66.532,neutral,0,0,359,639
66.578,neutral,0,0,359,639
66.617,sad,0,0,359,639
66.658,sad,182,288,27,27
66.70400000000001,happy,182,288,27,27
66.745,sad,182,288,27,27
66.786,neutral,0,0,359,639
66.84700000000001,sad,0,0,359,639
66.88,sad,0,0,359,639
66.92,sad,0,0,359,639
66.958,neutral,182,290,27,27
67.001,neutral,182,290,27,27
67.036,neutral,182,290,27,27
67.08,neutral,0,0,359,639
67.127,neutral,0,0,359,639
67.168,neutral,183,289,27,27
67.203,sad,0,0,359,639
67.254,neutral,0,0,359,639
67.289,neutral,0,0,359,639
67.336,neutral,0,0,359,639
67.37,neutral,0,0,359,639
67.417,neutral,0,0,359,639
67.46000000000001,neutral,0,0,359,639
67.503,sad,0,0,359,639
67.549,angry,0,0,359,639
67.57900000000001,sad,0,0,359,639
67.624,sad,0,0,359,639
67.662,fear,181,290,28,28
67.702,neutral,182,290,27,27
67.756,neutral,0,0,359,639
67.788,neutral,0,0,359,639
67.83800000000001,sad,181,290,29,29
67.877,sad,0,0,359,639
67.922,neutral,0,0,359,639
67.95400000000001,neutral,0,0,359,639
67.994,neutral,0,0,359,639
68.036,neutral,182,290,27,27
68.072,neutral,182,290,27,27
68.14,sad,0,0,359,639
68.183,sad,0,0,359,639
68.215,sad,0,0,359,639
68.25,sad,0,0,359,639
68.288,sad,0,0,359,639
68.34100000000001,sad,0,0,359,639
68.373,sad,182,290,28,28
68.414,sad,181,290,29,29
68.452,sad,0,0,359,639
68.491,sad,0,0,359,639
68.545,sad,0,0,359,639
68.58500000000001,sad,0,0,359,639
68.621,happy,0,0,359,639
68.66,sad,0,0,359,639
68.7,neutral,182,290,28,28
68.744,neutral,182,290,28,28
68.786,sad,0,0,359,639
68.839,sad,0,0,359,639
68.872,sad,0,0,359,639
68.917,sad,0,0,359,639
68.95700000000001,sad,0,0,359,639
69.008,sad,0,0,359,639
69.047,sad,0,0,359,639
69.08200000000001,sad,0,0,359,639
69.124,sad,0,0,359,639
69.168,sad,0,0,359,639
69.214,sad,0,0,359,639
69.255,sad,0,0,359,639
69.291,sad,0,0,359,639
69.34100000000001,sad,0,0,359,639
69.373,sad,0,0,359,639
69.424,sad,0,0,359,639
69.459,sad,0,0,359,639
69.498,angry,183,291,27,27
69.531,sad,0,0,359,639
69.57000000000002,sad,0,0,359,639
69.62,neutral,183,291,28,28
69.666,happy,0,0,359,639
69.721,happy,181,291,28,28
69.741,neutral,182,292,27,27
69.779,happy,181,292,28,28
69.834,angry,181,292,28,28
69.862,angry,181,292,29,29
69.913,happy,181,291,29,29
69.952,neutral,0,0,359,639
69.993,angry,182,290,28,28
70.043,fear,182,290,29,29
70.077,fear,182,290,28,28
70.124,neutral,0,0,359,639
70.165,neutral,183,292,27,27
70.202,happy,182,292,27,27
70.242,happy,0,0,359,639
70.288,happy,182,292,28,28
70.33,happy,182,293,28,28
70.367,sad,0,0,359,639
70.427,sad,0,0,359,639
70.45,angry,183,292,27,27
70.5,angry,182,292,28,28
70.55,sad,0,0,359,639
70.575,sad,0,0,359,639
70.629,angry,0,0,359,639
70.665,neutral,0,0,359,639
70.71300000000001,angry,182,293,27,27
70.742,sad,0,0,359,639
70.805,sad,0,0,359,639
70.84100000000001,neutral,0,0,359,639
70.867,angry,182,294,27,27
70.921,neutral,0,0,359,639
70.95100000000001,neutral,0,0,359,639
71.004,neutral,0,0,359,639
71.044,sad,0,0,359,639
71.07600000000001,neutral,0,0,359,639
71.129,neutral,0,0,359,639
71.18,neutral,0,0,359,639
71.20700000000001,neutral,0,0,359,639
71.26,neutral,0,0,359,639
71.291,neutral,0,0,359,639
71.337,neutral,0,0,359,639
71.37,happy,0,0,359,639
71.416,neutral,0,0,359,639
71.456,neutral,0,0,359,639
71.493,neutral,0,0,359,639
71.534,neutral,0,0,359,639
71.575,neutral,0,0,359,639
71.62,neutral,0,0,359,639
71.658,neutral,0,0,359,639
71.705,neutral,0,0,359,639
71.735,neutral,0,0,359,639
71.785,neutral,0,0,359,639
71.834,neutral,0,0,359,639
71.864,neutral,0,0,359,639
71.917,sad,0,0,359,639
71.95100000000001,neutral,0,0,359,639
71.992,neutral,0,0,359,639
72.033,neutral,0,0,359,639
72.072,neutral,0,0,359,639
72.12,neutral,0,0,359,639
72.158,neutral,0,0,359,639
72.206,neutral,0,0,359,639
72.237,sad,0,0,359,639
72.284,sad,0,0,359,639
72.328,sad,0,0,359,639
72.373,neutral,0,0,359,639
72.408,neutral,0,0,359,639
72.449,neutral,0,0,359,639
72.489,neutral,0,0,359,639
72.54,sad,0,0,359,639
72.569,sad,181,295,27,27
72.627,sad,0,0,359,639
72.661,sad,180,295,28,28
72.694,sad,0,0,359,639
72.752,happy,181,295,28,28
72.776,sad,0,0,359,639
72.83500000000001,sad,0,0,359,639
72.879,neutral,181,295,29,29
72.92,neutral,0,0,359,639
72.968,sad,0,0,359,639
72.998,angry,0,0,359,639
73.037,happy,181,294,28,28
73.08200000000001,sad,181,294,28,28
73.145,sad,181,293,29,29
73.162,neutral,182,293,28,28
73.21600000000001,angry,0,0,359,639
73.255,sad,0,0,359,639
73.281,sad,0,0,359,639
73.342,happy,0,0,359,639
73.382,sad,0,0,359,639
73.422,neutral,182,292,29,29
73.459,neutral,0,0,359,639
73.494,happy,183,293,28,28
73.541,angry,0,0,359,639
73.59,sad,0,0,359,639
73.625,sad,0,0,359,639
73.675,happy,185,292,28,28
73.705,angry,0,0,359,639
73.749,angry,185,291,28,28
73.796,sad,0,0,359,639
73.836,sad,0,0,359,639
73.879,sad,0,0,359,639
73.915,sad,0,0,359,639
73.95700000000001,fear,185,290,28,28
74.011,angry,184,290,29,29
74.046,angry,185,290,28,28
74.089,angry,184,289,28,28
74.122,angry,184,288,29,29
74.161,neutral,183,288,29,29
74.206,neutral,0,0,359,639
74.25,neutral,182,288,28,28
74.287,neutral,183,288,27,27
74.331,neutral,182,288,27,27
74.368,neutral,182,288,27,27
74.423,neutral,182,288,27,27
74.449,neutral,181,287,28,28
74.506,neutral,181,287,27,27
74.538,sad,0,0,359,639
74.57300000000001,neutral,181,288,27,27
74.628,sad,0,0,359,639
74.666,sad,0,0,359,639
74.708,sad,0,0,359,639
74.743,sad,0,0,359,639
74.795,sad,0,0,359,639
74.831,sad,0,0,359,639
74.868,sad,0,0,359,639
74.914,sad,0,0,359,639
74.944,sad,0,0,359,639
74.997,sad,0,0,359,639
75.036,neutral,0,0,359,639
75.065,sad,0,0,359,639
75.117,sad,0,0,359,639
75.157,sad,0,0,359,639
75.196,sad,0,0,359,639
75.236,sad,0,0,359,639
75.289,sad,0,0,359,639
75.324,sad,0,0,359,639
75.362,sad,0,0,359,639
75.421,sad,0,0,359,639
75.46300000000001,sad,0,0,359,639
75.505,sad,0,0,359,639
75.54,sad,0,0,359,639
75.58,sad,0,0,359,639
75.629,sad,0,0,359,639
75.662,sad,0,0,359,639
75.703,sad,0,0,359,639
75.75,sad,0,0,359,639
75.802,sad,0,0,359,639
75.84,sad,0,0,359,639
75.865,sad,0,0,359,639
75.916,sad,0,0,359,639
75.967,sad,0,0,359,639
76.002,sad,0,0,359,639
76.04,sad,0,0,359,639
76.08800000000001,sad,0,0,359,639
76.135,sad,0,0,359,639
76.165,sad,0,0,359,639
76.209,sad,0,0,359,639
76.254,sad,0,0,359,639
76.292,sad,0,0,359,639
76.33500000000001,sad,0,0,359,639
76.375,fear,0,0,359,639
76.421,fear,0,0,359,639
76.46900000000001,fear,0,0,359,639
76.494,sad,0,0,359,639
76.54,sad,0,0,359,639
76.598,sad,0,0,359,639
76.619,fear,0,0,359,639
76.662,sad,0,0,359,639
76.705,sad,0,0,359,639
76.744,sad,0,0,359,639
76.796,neutral,0,0,359,639
76.83800000000001,sad,0,0,359,639
76.871,sad,0,0,359,639
76.909,neutral,0,0,359,639
76.95100000000001,neutral,0,0,359,639
76.99,sad,0,0,359,639
77.03,sad,0,0,359,639
77.083,sad,0,0,359,639
77.114,sad,0,0,359,639
77.162,sad,0,0,359,639
77.203,sad,0,0,359,639
77.233,sad,0,0,359,639
77.283,sad,0,0,359,639
77.32300000000001,sad,0,0,359,639
77.372,sad,0,0,359,639
77.418,sad,0,0,359,639
77.461,sad,0,0,359,639
77.5,sad,0,0,359,639
77.544,sad,0,0,359,639
77.58,sad,0,0,359,639
77.627,sad,0,0,359,639
77.67,sad,0,0,359,639
77.71000000000001,sad,0,0,359,639
77.748,sad,0,0,359,639
77.797,sad,0,0,359,639
77.84100000000001,sad,0,0,359,639
77.873,sad,0,0,359,639
77.919,sad,0,0,359,639
77.964,sad,0,0,359,639
78.0,sad,0,0,359,639
78.042,sad,0,0,359,639
78.07900000000001,sad,0,0,359,639
78.116,sad,0,0,359,639
78.158,sad,0,0,359,639
78.197,sad,0,0,359,639
78.243,angry,186,294,27,27
78.282,sad,0,0,359,639
78.321,angry,185,293,28,28
78.374,sad,0,0,359,639
78.415,sad,0,0,359,639
78.456,sad,0,0,359,639
78.492,sad,0,0,359,639
78.538,sad,0,0,359,639
78.575,angry,187,294,27,27
78.623,sad,0,0,359,639
78.676,sad,0,0,359,639
78.70400000000001,angry,187,294,28,28
78.761,sad,0,0,359,639
78.787,sad,0,0,359,639
78.84400000000001,sad,0,0,359,639
78.877,sad,0,0,359,639
78.921,sad,0,0,359,639
78.964,sad,0,0,359,639
78.999,sad,0,0,359,639
79.047,sad,0,0,359,639
79.078,sad,0,0,359,639
79.118,sad,0,0,359,639
79.167,sad,0,0,359,639
79.209,sad,0,0,359,639
79.258,sad,0,0,359,639
79.296,angry,182,294,27,27
79.328,angry,0,0,359,639
79.37,sad,0,0,359,639
79.422,sad,0,0,359,639
79.462,sad,0,0,359,639
79.493,sad,0,0,359,639
79.532,sad,0,0,359,639
79.596,sad,0,0,359,639
79.621,sad,0,0,359,639
79.67,sad,183,293,27,27
79.706,sad,0,0,359,639
79.755,sad,183,295,27,27
79.793,sad,183,295,27,27
79.833,sad,0,0,359,639
79.874,sad,0,0,359,639
79.916,sad,0,0,359,639
79.959,sad,0,0,359,639
79.994,happy,0,0,359,639
80.045,sad,0,0,359,639
80.074,angry,0,0,359,639
80.114,sad,0,0,359,639
80.155,sad,0,0,359,639
80.20100000000001,neutral,184,292,27,27
80.245,sad,0,0,359,639
80.281,sad,183,292,27,27
80.333,sad,183,294,27,27
80.374,sad,0,0,359,639
80.415,sad,183,294,28,28
80.443,sad,183,294,28,28
80.498,sad,0,0,359,639
80.537,sad,0,0,359,639
80.58,sad,0,0,359,639
80.629,sad,0,0,359,639
80.664,sad,0,0,359,639
80.717,sad,0,0,359,639
