time_start,time_end,eID
10.1,29.233,eID_1
32.633,38.366,eID_1
41.2,63.866,eID_1
66.433,114.732,eID_1
122.232,131.499,eID_1
141.332,141.332,eID_1
141.532,142.332,eID_1
148.765,157.032,eID_1
162.932,168.198,eID_1
174.032,201.431,eID_1
219.864,254.664,eID_1
261.064,272.397,eID_1
275.564,301.63,eID_1
303.63,323.797,eID_1
328.163,344.963,eID_1
351.73,374.33,eID_1
374.93,385.929,eID_1
388.429,406.163,eID_1
413.429,420.929,eID_1
425.929,468.329,eID_1
479.029,499.428,eID_1
511.562,574.728,eID_1
575.361,616.827,eID_1
619.96,638.594,eID_1
644.594,655.46,eID_1
658.46,685.326,eID_1
690.326,694.76,eID_1
704.293,715.76,eID_1
719.726,725.226,eID_1
726.193,736.926,eID_1
747.326,764.459,eID_1
765.192,768.192,eID_1
776.992,796.325,eID_1
798.992,818.325,eID_1
819.025,859.258,eID_1
866.025,898.091,eID_1
898.624,898.924,eID_1
899.058,899.124,eID_1
901.291,928.457,eID_1
928.591,931.157,eID_1
952.124,956.69,eID_1
965.457,975.557,eID_1
979.99,984.957,eID_1
990.723,1048.556,eID_1
1054.089,1089.289,eID_1
1102.222,1136.489,eID_1
1137.722,1138.555,eID_1
1138.789,1140.122,eID_1
1140.889,1144.089,eID_1
1144.489,1162.855,eID_1
1164.422,1168.522,eID_1
1173.855,1181.755,eID_1
1182.988,1187.055,eID_1
1193.655,1262.721,eID_1
1268.654,1270.021,eID_1
1282.087,1338.787,eID_1
1340.753,1354.786,eID_1
1365.653,1370.886,eID_1
1388.486,1424.419,eID_1
1431.919,1436.919,eID_1
1441.552,1444.019,eID_1
1445.319,1482.819,eID_1
1493.652,1529.718,eID_1
1532.985,1545.651,eID_1
1551.284,1574.484,eID_1
1589.984,1592.851,eID_1
1597.484,1621.55,eID_1
1626.15,1630.584,eID_1
1630.65,1630.884,eID_1
1631.517,1631.55,eID_1
1634.417,1641.85,eID_1
1642.95,1643.117,eID_1
1643.817,1654.817,eID_1
1656.95,1661.217,eID_1
