x,y,z,timestamp
0.1,9.8,0.5,2025-12-11T15:35:58.973+00:00
0.1,9.700000000000001,1.0,2025-12-11T15:35:59.062+00:00
-0.30000000000000004,9.8,0.7000000000000001,2025-12-11T15:36:00.535+00:00
-0.1,9.9,0.8,2025-12-11T15:36:01.093+00:00
0.2,9.600000000000001,1.2000000000000002,2025-12-11T15:36:02.864+00:00
0.1,9.700000000000001,1.1,2025-12-11T15:36:03.143+00:00
0.4,9.8,0.5,2025-12-11T15:36:03.652+00:00
-0.2,9.700000000000001,0.5,2025-12-11T15:36:03.737+00:00
0.30000000000000004,9.8,0.7000000000000001,2025-12-11T15:36:04.188+00:00
0.30000000000000004,9.700000000000001,0.9,2025-12-11T15:35:59.85+00:00
0.2,9.8,0.6000000000000001,2025-12-11T15:36:00.174+00:00
-0.1,9.700000000000001,0.8,2025-12-11T15:36:01.875+00:00
0.2,9.8,0.6000000000000001,2025-12-11T15:36:02.745+00:00
-0.30000000000000004,9.9,0.9,2025-12-11T15:36:03.393+00:00
0.4,9.700000000000001,0.8,2025-12-11T15:36:04.298+00:00
-0.5,9.9,1.3,2025-12-11T15:36:04.997+00:00
0.2,9.8,1.2000000000000002,2025-12-11T15:36:04.4+00:00
-0.2,9.9,1.0,2025-12-11T15:36:04.827+00:00
0.1,9.8,0.4,2025-12-11T15:36:04.915+00:00
-0.30000000000000004,9.700000000000001,1.5,2025-12-11T15:36:05.085+00:00
-0.2,9.9,0.7000000000000001,2025-12-11T15:36:02.574+00:00
0.30000000000000004,9.8,0.7000000000000001,2025-12-11T15:36:02.961+00:00
0.30000000000000004,9.700000000000001,0.9,2025-12-11T15:36:03.571+00:00
-0.1,9.8,0.5,2025-12-11T15:36:03.843+00:00
0.30000000000000004,9.8,0.7000000000000001,2025-12-11T15:36:03.915+00:00
0.0,10.0,1.2000000000000002,2025-12-11T15:36:03.998+00:00
0.4,9.600000000000001,0.6000000000000001,2025-12-11T15:36:04.521+00:00
-0.30000000000000004,9.9,0.7000000000000001,2025-12-11T15:36:04.643+00:00
0.1,9.8,0.8,2025-12-11T15:36:04.747+00:00
0.1,9.700000000000001,0.8,2025-12-11T15:36:05.207+00:00
0.0,9.700000000000001,1.0,2025-12-11T15:36:05.301+00:00
-0.4,9.8,1.1,2025-12-11T15:36:05.387+00:00
-0.1,9.8,0.5,2025-12-11T15:35:54.919+00:00
0.0,9.8,0.4,2025-12-11T15:35:58.173+00:00
-0.1,9.9,0.6000000000000001,2025-12-11T15:36:00.904+00:00
0.2,9.8,0.5,2025-12-11T15:36:02.483+00:00
0.0,9.9,0.8,2025-12-11T15:35:57.44+00:00
0.0,9.8,0.8,2025-12-11T15:35:57.647+00:00
0.0,9.8,0.30000000000000004,2025-12-11T15:35:57.945+00:00
-0.1,9.8,1.0,2025-12-11T15:35:58.755+00:00
-0.30000000000000004,10.0,0.4,2025-12-11T15:35:59.759+00:00
0.0,9.700000000000001,0.5,2025-12-11T15:35:59.965+00:00
0.1,9.600000000000001,0.2,2025-12-11T15:36:00.451+00:00
0.0,9.8,0.9,2025-12-11T15:36:01.279+00:00
0.5,9.700000000000001,0.4,2025-12-11T15:36:01.785+00:00
0.0,9.9,0.6000000000000001,2025-12-11T15:35:55.554+00:00
0.0,9.9,0.2,2025-12-11T15:35:59.341+00:00
0.30000000000000004,9.600000000000001,1.0,2025-12-11T15:35:59.672+00:00
0.2,9.700000000000001,0.7000000000000001,2025-12-11T15:36:01.607+00:00
-0.2,9.8,0.8,2025-12-11T15:36:01.691+00:00
0.0,9.700000000000001,0.9,2025-12-11T15:36:02.288+00:00
0.2,9.8,0.6000000000000001,2025-12-11T15:35:56.5+00:00
0.1,9.8,0.8,2025-12-11T15:35:56.682+00:00
0.1,9.8,0.7000000000000001,2025-12-11T15:35:57.339+00:00
0.0,9.700000000000001,0.5,2025-12-11T15:35:59.558+00:00
0.4,9.700000000000001,0.7000000000000001,2025-12-11T15:36:01.007+00:00
0.30000000000000004,9.700000000000001,0.30000000000000004,2025-12-11T15:36:01.394+00:00
0.1,9.8,0.7000000000000001,2025-12-11T15:35:56.112+00:00
0.1,9.8,0.8,2025-12-11T15:35:56.956+00:00
0.0,9.8,0.8,2025-12-11T15:35:58.07+00:00
0.4,9.9,0.4,2025-12-11T15:36:00.637+00:00
0.1,10.0,0.8,2025-12-11T15:36:01.192+00:00
0.2,9.9,0.9,2025-12-11T15:36:02.062+00:00
-0.5,10.0,0.30000000000000004,2025-12-11T15:36:03.036+00:00
0.2,9.700000000000001,2.0,2025-12-11T15:34:56.983+00:00
-0.2,9.8,1.8,2025-12-11T15:34:57.064+00:00
0.1,9.9,1.9000000000000001,2025-12-11T15:34:57.17+00:00
1.0,9.9,1.7000000000000002,2025-12-11T15:34:57.266+00:00
0.30000000000000004,9.5,1.4000000000000001,2025-12-11T15:34:57.354+00:00
0.4,9.5,1.4000000000000001,2025-12-11T15:34:57.446+00:00
0.30000000000000004,9.9,1.2000000000000002,2025-12-11T15:34:57.537+00:00
0.6000000000000001,9.700000000000001,1.4000000000000001,2025-12-11T15:34:57.648+00:00
0.2,9.9,0.9,2025-12-11T15:34:57.735+00:00
0.2,9.600000000000001,0.30000000000000004,2025-12-11T15:34:58.437+00:00
-0.2,9.700000000000001,1.0,2025-12-11T15:34:59.87+00:00
0.1,9.8,0.30000000000000004,2025-12-11T15:35:01.294+00:00
-0.1,9.9,1.3,2025-12-11T15:35:01.372+00:00
0.0,9.700000000000001,0.7000000000000001,2025-12-11T15:35:02.379+00:00
0.0,9.8,1.2000000000000002,2025-12-11T15:35:02.792+00:00
0.30000000000000004,9.9,0.8,2025-12-11T15:35:03.859+00:00
0.2,9.8,0.9,2025-12-11T15:35:05.148+00:00
0.0,9.9,1.0,2025-12-11T15:35:06.057+00:00
0.0,9.700000000000001,1.3,2025-12-11T15:35:06.641+00:00
0.0,9.8,0.9,2025-12-11T15:35:06.945+00:00
0.0,9.8,1.1,2025-12-11T15:35:07.502+00:00
0.0,9.8,1.0,2025-12-11T15:35:08.657+00:00
0.2,9.9,1.2000000000000002,2025-12-11T15:35:08.83+00:00
0.7000000000000001,9.9,1.5,2025-12-11T15:34:57.842+00:00
0.1,9.8,0.4,2025-12-11T15:34:59.684+00:00
0.30000000000000004,9.9,1.5,2025-12-11T15:35:00.762+00:00
0.0,9.8,0.5,2025-12-11T15:35:02.207+00:00
0.0,9.8,0.7000000000000001,2025-12-11T15:35:03.525+00:00
-0.30000000000000004,9.9,1.4000000000000001,2025-12-11T15:35:03.606+00:00
0.2,9.8,0.8,2025-12-11T15:35:05.268+00:00
0.0,9.8,1.1,2025-12-11T15:35:06.159+00:00
0.1,9.8,0.6000000000000001,2025-12-11T15:35:07.123+00:00
-0.1,9.700000000000001,0.9,2025-12-11T15:34:59.598+00:00
0.0,9.8,0.4,2025-12-11T15:35:00.506+00:00
-0.2,9.700000000000001,1.2000000000000002,2025-12-11T15:35:01.6+00:00
0.0,9.700000000000001,0.8,2025-12-11T15:35:02.456+00:00
-0.1,9.8,1.0,2025-12-11T15:35:02.535+00:00
0.1,10.0,2.0,2025-12-11T15:35:03.94+00:00
0.1,9.8,0.4,2025-12-11T15:35:04.439+00:00
0.0,9.8,0.9,2025-12-11T15:35:04.832+00:00
0.0,9.8,1.1,2025-12-11T15:35:05.368+00:00
0.30000000000000004,9.8,0.9,2025-12-11T15:35:05.969+00:00
0.4,9.700000000000001,-0.1,2025-12-11T15:35:06.225+00:00
0.30000000000000004,9.700000000000001,0.4,2025-12-11T15:34:59.342+00:00
0.1,9.700000000000001,0.5,2025-12-11T15:34:59.941+00:00
0.1,9.700000000000001,0.9,2025-12-11T15:35:01.024+00:00
0.4,9.700000000000001,1.0,2025-12-11T15:35:02.11+00:00
0.1,9.700000000000001,1.0,2025-12-11T15:35:03.062+00:00
0.0,9.8,1.0,2025-12-11T15:35:03.236+00:00
-0.7000000000000001,9.8,0.4,2025-12-11T15:35:03.698+00:00
0.2,9.600000000000001,1.0,2025-12-11T15:35:04.152+00:00
0.2,9.8,1.0,2025-12-11T15:35:04.536+00:00
0.30000000000000004,9.9,1.2000000000000002,2025-12-11T15:34:57.929+00:00
0.2,9.4,0.6000000000000001,2025-12-11T15:34:58.034+00:00
0.30000000000000004,9.4,1.1,2025-12-11T15:34:58.138+00:00
0.1,9.700000000000001,0.30000000000000004,2025-12-11T15:35:00.252+00:00
0.1,9.700000000000001,1.2000000000000002,2025-12-11T15:35:01.214+00:00
0.0,9.700000000000001,0.8,2025-12-11T15:35:02.288+00:00
0.2,9.700000000000001,0.7000000000000001,2025-12-11T15:35:05.554+00:00
0.0,9.8,1.4000000000000001,2025-12-11T15:35:06.305+00:00
0.4,9.8,1.3,2025-12-11T15:35:06.394+00:00
0.2,9.8,1.3,2025-12-11T15:35:07.207+00:00
-0.6000000000000001,10.0,0.9,2025-12-11T15:35:07.417+00:00
0.1,9.9,0.7000000000000001,2025-12-11T15:34:58.244+00:00
0.1,9.8,0.6000000000000001,2025-12-11T15:34:58.351+00:00
0.2,9.8,0.7000000000000001,2025-12-11T15:34:59.232+00:00
0.1,9.700000000000001,0.4,2025-12-11T15:35:00.691+00:00
0.5,9.8,1.0,2025-12-11T15:35:00.848+00:00
0.0,9.8,0.2,2025-12-11T15:35:00.941+00:00
0.2,9.8,1.1,2025-12-11T15:35:02.89+00:00
-0.1,9.700000000000001,0.9,2025-12-11T15:35:03.328+00:00
0.2,9.700000000000001,0.5,2025-12-11T15:35:05.467+00:00
0.2,9.8,0.8,2025-12-11T15:35:06.732+00:00
0.0,9.700000000000001,1.0,2025-12-11T15:35:07.747+00:00
0.1,9.8,0.5,2025-12-11T15:34:59.054+00:00
0.2,9.8,0.2,2025-12-11T15:34:59.422+00:00
0.2,9.9,1.0,2025-12-11T15:35:01.125+00:00
0.2,9.700000000000001,0.7000000000000001,2025-12-11T15:35:01.946+00:00
0.1,9.8,0.9,2025-12-11T15:35:02.032+00:00
-0.1,9.8,0.9,2025-12-11T15:35:04.34+00:00
0.2,9.700000000000001,0.9,2025-12-11T15:35:04.742+00:00
0.30000000000000004,9.700000000000001,0.4,2025-12-11T15:34:59.507+00:00
0.30000000000000004,9.8,0.7000000000000001,2025-12-11T15:35:00.086+00:00
0.1,9.8,0.4,2025-12-11T15:35:00.166+00:00
0.30000000000000004,9.9,1.0,2025-12-11T15:35:00.342+00:00
0.2,9.8,0.30000000000000004,2025-12-11T15:35:00.421+00:00
-0.2,9.700000000000001,0.8,2025-12-11T15:35:01.489+00:00
0.1,9.8,1.1,2025-12-11T15:35:01.857+00:00
0.0,9.8,1.0,2025-12-11T15:35:02.615+00:00
0.0,9.700000000000001,0.9,2025-12-11T15:35:02.696+00:00
0.0,9.700000000000001,1.1,2025-12-11T15:35:03.421+00:00
0.2,9.700000000000001,0.2,2025-12-11T15:35:04.945+00:00
0.2,9.9,0.7000000000000001,2025-12-11T15:34:59.776+00:00
-0.30000000000000004,9.700000000000001,0.6000000000000001,2025-12-11T15:35:01.764+00:00
0.0,9.8,0.8,2025-12-11T15:35:02.979+00:00
-0.5,9.700000000000001,0.8,2025-12-11T15:35:03.781+00:00
-0.30000000000000004,9.8,0.9,2025-12-11T15:35:04.038+00:00
0.2,9.9,1.5,2025-12-11T15:35:05.036+00:00
0.2,9.700000000000001,0.8,2025-12-11T15:35:06.85+00:00
0.2,9.8,1.2000000000000002,2025-12-11T15:35:08.122+00:00
0.30000000000000004,9.9,0.6000000000000001,2025-12-11T15:34:58.951+00:00
0.1,9.700000000000001,0.5,2025-12-11T15:35:00.594+00:00
0.0,9.700000000000001,0.30000000000000004,2025-12-11T15:35:01.676+00:00
0.30000000000000004,9.8,1.3,2025-12-11T15:35:04.233+00:00
0.30000000000000004,9.700000000000001,0.9,2025-12-11T15:35:04.635+00:00
0.2,9.700000000000001,0.6000000000000001,2025-12-11T15:35:07.03+00:00
0.0,9.8,1.1,2025-12-11T15:35:05.642+00:00
0.0,9.9,0.7000000000000001,2025-12-11T15:35:06.547+00:00
0.30000000000000004,9.9,1.1,2025-12-11T15:35:08.373+00:00
0.30000000000000004,9.700000000000001,0.5,2025-12-11T15:35:11.235+00:00
0.2,9.600000000000001,-0.30000000000000004,2025-12-11T15:35:11.316+00:00
0.4,9.9,1.0,2025-12-11T15:35:12.141+00:00
0.2,9.8,1.1,2025-12-11T15:35:12.405+00:00
0.30000000000000004,9.9,0.9,2025-12-11T15:35:13.441+00:00
0.0,9.8,0.8,2025-12-11T15:35:07.575+00:00
0.30000000000000004,9.700000000000001,0.7000000000000001,2025-12-11T15:35:07.655+00:00
0.30000000000000004,9.700000000000001,0.5,2025-12-11T15:35:09.751+00:00
0.30000000000000004,9.8,0.8,2025-12-11T15:35:10.477+00:00
0.4,9.8,0.7000000000000001,2025-12-11T15:35:10.647+00:00
0.30000000000000004,9.8,0.9,2025-12-11T15:35:10.715+00:00
0.1,9.8,1.1,2025-12-11T15:35:11.786+00:00
0.2,9.8,0.4,2025-12-11T15:35:13.006+00:00
0.1,9.8,1.0,2025-12-11T15:35:13.092+00:00
0.1,9.8,0.6000000000000001,2025-12-11T15:35:13.181+00:00
0.2,9.700000000000001,0.7000000000000001,2025-12-11T15:35:13.819+00:00
0.30000000000000004,9.8,0.9,2025-12-11T15:35:14.621+00:00
0.2,9.8,0.7000000000000001,2025-12-11T15:35:14.714+00:00
0.30000000000000004,9.8,0.9,2025-12-11T15:35:08.562+00:00
0.30000000000000004,9.8,0.9,2025-12-11T15:35:08.74+00:00
0.1,9.8,0.7000000000000001,2025-12-11T15:35:09.162+00:00
0.30000000000000004,9.8,1.4000000000000001,2025-12-11T15:35:09.509+00:00
0.2,9.700000000000001,0.7000000000000001,2025-12-11T15:35:09.86+00:00
0.2,9.8,0.9,2025-12-11T15:35:12.486+00:00
0.30000000000000004,9.8,0.9,2025-12-11T15:35:12.577+00:00
0.2,9.8,0.5,2025-12-11T15:35:15.286+00:00
0.1,9.9,0.8,2025-12-11T15:35:15.382+00:00
0.1,9.700000000000001,-0.7000000000000001,2025-12-11T15:35:16.444+00:00
0.2,9.8,0.8,2025-12-11T15:35:08.04+00:00
0.2,9.8,1.7000000000000002,2025-12-11T15:35:08.907+00:00
0.4,9.700000000000001,0.7000000000000001,2025-12-11T15:35:10.561+00:00
0.2,9.8,0.7000000000000001,2025-12-11T15:35:10.791+00:00
0.2,10.0,1.5,2025-12-11T15:35:11.603+00:00
0.30000000000000004,9.8,0.7000000000000001,2025-12-11T15:35:12.685+00:00
0.2,9.8,0.6000000000000001,2025-12-11T15:35:14.165+00:00
0.4,9.9,0.9,2025-12-11T15:35:15.818+00:00
0.2,9.8,0.7000000000000001,2025-12-11T15:35:16.974+00:00
0.2,9.8,0.8,2025-12-11T15:35:07.963+00:00
0.2,9.8,0.6000000000000001,2025-12-11T15:35:09.004+00:00
0.2,9.8,1.1,2025-12-11T15:35:09.333+00:00
0.4,9.8,0.7000000000000001,2025-12-11T15:35:09.953+00:00
0.7000000000000001,9.700000000000001,0.1,2025-12-11T15:35:10.955+00:00
0.2,9.8,0.9,2025-12-11T15:35:11.872+00:00
0.2,9.8,0.9,2025-12-11T15:35:12.306+00:00
0.30000000000000004,9.700000000000001,0.4,2025-12-11T15:35:13.905+00:00
0.2,9.8,0.9,2025-12-11T15:35:14.083+00:00
0.30000000000000004,9.8,0.9,2025-12-11T15:35:14.255+00:00
0.1,9.8,0.9,2025-12-11T15:35:14.973+00:00
0.2,9.8,0.8,2025-12-11T15:35:17.328+00:00
0.2,9.8,0.6000000000000001,2025-12-11T15:35:18.679+00:00
0.0,9.8,1.1,2025-12-11T15:35:08.459+00:00
0.2,9.8,1.1,2025-12-11T15:35:10.057+00:00
-0.2,9.8,1.3,2025-12-11T15:35:11.06+00:00
0.2,9.8,1.0,2025-12-11T15:35:11.96+00:00
0.2,9.700000000000001,0.8,2025-12-11T15:35:12.04+00:00
0.30000000000000004,9.8,1.1,2025-12-11T15:35:12.227+00:00
0.4,9.700000000000001,0.6000000000000001,2025-12-11T15:35:14.447+00:00
0.2,9.8,0.6000000000000001,2025-12-11T15:35:14.537+00:00
0.2,9.8,0.6000000000000001,2025-12-11T15:35:14.883+00:00
0.4,9.700000000000001,1.1,2025-12-11T15:35:16.356+00:00
0.30000000000000004,9.8,1.3,2025-12-11T15:35:08.201+00:00
0.2,9.700000000000001,0.8,2025-12-11T15:35:09.08+00:00
0.5,9.700000000000001,0.30000000000000004,2025-12-11T15:35:11.15+00:00
0.6000000000000001,9.8,1.4000000000000001,2025-12-11T15:35:11.517+00:00
0.1,9.8,0.9,2025-12-11T15:35:12.918+00:00
0.30000000000000004,9.8,1.0,2025-12-11T15:35:14.794+00:00
-0.2,9.8,0.7000000000000001,2025-12-11T15:35:08.278+00:00
-0.1,9.8,0.9,2025-12-11T15:35:10.872+00:00
0.30000000000000004,9.8,1.2000000000000002,2025-12-11T15:35:11.7+00:00
0.0,9.9,1.4000000000000001,2025-12-11T15:35:13.713+00:00
0.2,9.9,0.8,2025-12-11T15:35:15.056+00:00
0.5,9.9,1.1,2025-12-11T15:35:16.272+00:00
0.2,9.8,1.0,2025-12-11T15:35:09.423+00:00
0.30000000000000004,9.8,0.8,2025-12-11T15:35:10.371+00:00
0.2,9.9,1.1,2025-12-11T15:35:13.35+00:00
0.2,9.700000000000001,0.2,2025-12-11T15:35:13.528+00:00
0.1,9.8,1.2000000000000002,2025-12-11T15:35:13.611+00:00
0.1,9.700000000000001,0.7000000000000001,2025-12-11T15:35:14.35+00:00
0.30000000000000004,9.8,0.9,2025-12-11T15:35:15.566+00:00
0.2,9.9,0.8,2025-12-11T15:35:16.165+00:00
0.1,9.8,0.8,2025-12-11T15:35:17.511+00:00
-0.1,9.9,1.0,2025-12-11T15:35:10.279+00:00
0.30000000000000004,9.700000000000001,0.6000000000000001,2025-12-11T15:35:13.994+00:00
0.30000000000000004,9.700000000000001,0.5,2025-12-11T15:35:15.211+00:00
0.1,9.8,0.6000000000000001,2025-12-11T15:35:15.654+00:00
0.1,9.8,1.0,2025-12-11T15:35:15.907+00:00
0.30000000000000004,9.8,1.0,2025-12-11T15:35:15.992+00:00
0.2,9.8,0.6000000000000001,2025-12-11T15:35:16.078+00:00
0.30000000000000004,9.8,0.6000000000000001,2025-12-11T15:35:16.89+00:00
0.2,9.8,0.8,2025-12-11T15:35:18.15+00:00
0.2,9.700000000000001,0.7000000000000001,2025-12-11T15:35:18.501+00:00
0.30000000000000004,9.700000000000001,0.8,2025-12-11T15:35:19.45+00:00
0.30000000000000004,9.8,1.0,2025-12-11T15:35:15.137+00:00
0.4,9.700000000000001,0.2,2025-12-11T15:35:15.735+00:00
0.30000000000000004,9.8,0.8,2025-12-11T15:35:16.808+00:00
0.1,9.9,0.8,2025-12-11T15:35:17.679+00:00
0.30000000000000004,9.8,0.5,2025-12-11T15:35:19.053+00:00
0.2,9.8,0.4,2025-12-11T15:35:19.915+00:00
0.2,9.8,0.7000000000000001,2025-12-11T15:35:20.013+00:00
0.1,9.700000000000001,0.7000000000000001,2025-12-11T15:35:21.264+00:00
0.30000000000000004,9.8,0.4,2025-12-11T15:35:21.666+00:00
0.30000000000000004,9.8,0.6000000000000001,2025-12-11T15:35:17.414+00:00
0.30000000000000004,9.8,0.6000000000000001,2025-12-11T15:35:19.147+00:00
0.2,9.8,0.5,2025-12-11T15:35:21.086+00:00
0.1,9.8,0.4,2025-12-11T15:35:21.177+00:00
0.0,9.8,0.8,2025-12-11T15:35:17.159+00:00
0.0,9.700000000000001,0.8,2025-12-11T15:35:17.77+00:00
0.2,9.8,0.6000000000000001,2025-12-11T15:35:17.95+00:00
0.2,9.8,0.6000000000000001,2025-12-11T15:35:20.902+00:00
0.2,9.8,1.0,2025-12-11T15:35:20.994+00:00
0.30000000000000004,9.700000000000001,0.4,2025-12-11T15:35:22.083+00:00
0.1,9.9,0.1,2025-12-11T15:35:22.82+00:00
0.0,9.8,0.2,2025-12-11T15:35:24.044+00:00
0.1,9.8,0.1,2025-12-11T15:35:25.402+00:00
0.1,9.8,0.7000000000000001,2025-12-11T15:35:17.072+00:00
0.4,9.9,0.6000000000000001,2025-12-11T15:35:18.758+00:00
0.2,9.700000000000001,0.1,2025-12-11T15:35:18.943+00:00
0.30000000000000004,9.8,0.30000000000000004,2025-12-11T15:35:24.238+00:00
0.2,9.9,0.30000000000000004,2025-12-11T15:35:25.11+00:00
0.4,9.9,1.2000000000000002,2025-12-11T15:35:16.524+00:00
0.1,9.700000000000001,0.8,2025-12-11T15:35:16.716+00:00
0.5,9.8,0.9,2025-12-11T15:35:17.599+00:00
0.2,9.8,0.9,2025-12-11T15:35:21.45+00:00
0.30000000000000004,9.700000000000001,0.1,2025-12-11T15:35:21.842+00:00
0.30000000000000004,9.700000000000001,0.0,2025-12-11T15:35:22.562+00:00
0.2,9.8,0.9,2025-12-11T15:35:22.707+00:00
0.2,9.8,0.2,2025-12-11T15:35:23.12+00:00
0.2,9.8,0.8,2025-12-11T15:35:17.233+00:00
0.30000000000000004,9.8,0.5,2025-12-11T15:35:18.59+00:00
0.4,9.8,0.1,2025-12-11T15:35:18.847+00:00
0.2,9.8,1.0,2025-12-11T15:35:20.173+00:00
0.2,9.8,0.4,2025-12-11T15:35:20.254+00:00
0.1,9.8,1.0,2025-12-11T15:35:20.684+00:00
0.1,9.8,0.6000000000000001,2025-12-11T15:35:21.561+00:00
0.30000000000000004,9.8,0.4,2025-12-11T15:35:21.996+00:00
0.2,9.700000000000001,0.2,2025-12-11T15:35:22.362+00:00
0.0,9.700000000000001,-0.4,2025-12-11T15:35:22.467+00:00
0.1,9.9,0.6000000000000001,2025-12-11T15:35:23.021+00:00
0.1,9.8,0.7000000000000001,2025-12-11T15:35:24.335+00:00
0.30000000000000004,9.9,0.5,2025-12-11T15:35:24.583+00:00
0.1,9.8,0.5,2025-12-11T15:35:25.016+00:00
0.2,9.9,0.7000000000000001,2025-12-11T15:35:17.864+00:00
0.2,9.700000000000001,0.8,2025-12-11T15:35:18.039+00:00
0.2,9.8,0.8,2025-12-11T15:35:18.236+00:00
0.2,9.8,0.9,2025-12-11T15:35:18.382+00:00
0.2,9.8,0.6000000000000001,2025-12-11T15:35:19.246+00:00
0.0,9.8,0.4,2025-12-11T15:35:19.337+00:00
0.2,9.9,0.9,2025-12-11T15:35:20.097+00:00
0.0,9.8,0.5,2025-12-11T15:35:20.595+00:00
0.1,9.600000000000001,0.2,2025-12-11T15:35:22.93+00:00
0.30000000000000004,9.8,0.7000000000000001,2025-12-11T15:35:23.745+00:00
0.2,9.9,0.6000000000000001,2025-12-11T15:35:19.535+00:00
0.2,9.8,0.6000000000000001,2025-12-11T15:35:20.35+00:00
0.30000000000000004,9.8,0.6000000000000001,2025-12-11T15:35:21.764+00:00
0.2,9.8,0.6000000000000001,2025-12-11T15:35:23.579+00:00
0.30000000000000004,9.700000000000001,0.30000000000000004,2025-12-11T15:35:23.669+00:00
0.2,9.8,0.30000000000000004,2025-12-11T15:35:24.91+00:00
0.1,9.700000000000001,0.1,2025-12-11T15:35:25.847+00:00
0.2,9.8,0.30000000000000004,2025-12-11T15:35:26.034+00:00
0.30000000000000004,9.700000000000001,0.4,2025-12-11T15:35:29.679+00:00
0.30000000000000004,9.8,0.2,2025-12-11T15:35:30.343+00:00
0.2,9.8,0.7000000000000001,2025-12-11T15:35:30.839+00:00
0.4,9.700000000000001,0.7000000000000001,2025-12-11T15:35:31.323+00:00
0.0,9.8,0.7000000000000001,2025-12-11T15:35:19.639+00:00
0.30000000000000004,9.9,0.8,2025-12-11T15:35:21.358+00:00
0.2,9.700000000000001,0.2,2025-12-11T15:35:23.199+00:00
0.1,9.8,0.7000000000000001,2025-12-11T15:35:23.362+00:00
0.4,10.0,1.3,2025-12-11T15:35:23.849+00:00
0.30000000000000004,9.8,0.4,2025-12-11T15:35:25.217+00:00
0.1,9.700000000000001,0.4,2025-12-11T15:35:25.298+00:00
0.2,9.700000000000001,0.4,2025-12-11T15:35:25.934+00:00
0.30000000000000004,9.8,0.30000000000000004,2025-12-11T15:35:31.24+00:00
0.2,9.8,0.2,2025-12-11T15:35:20.445+00:00
0.1,9.8,0.5,2025-12-11T15:35:20.793+00:00
0.2,9.8,0.4,2025-12-11T15:35:22.259+00:00
0.1,9.8,1.0,2025-12-11T15:35:23.942+00:00
0.30000000000000004,9.8,0.30000000000000004,2025-12-11T15:35:26.127+00:00
0.2,9.8,0.6000000000000001,2025-12-11T15:35:26.215+00:00
0.30000000000000004,9.8,0.30000000000000004,2025-12-11T15:35:26.296+00:00
0.2,9.8,0.2,2025-12-11T15:35:32.11+00:00
0.1,9.8,0.6000000000000001,2025-12-11T15:35:32.654+00:00
0.4,9.8,0.4,2025-12-11T15:35:32.733+00:00
0.30000000000000004,9.9,0.1,2025-12-11T15:35:32.905+00:00
0.2,9.8,0.8,2025-12-11T15:35:21.921+00:00
0.2,9.8,0.4,2025-12-11T15:35:22.159+00:00
0.2,9.8,0.4,2025-12-11T15:35:23.279+00:00
0.2,9.8,0.5,2025-12-11T15:35:25.672+00:00
0.2,9.8,0.5,2025-12-11T15:35:30.162+00:00
0.5,9.9,1.1,2025-12-11T15:35:30.453+00:00
0.30000000000000004,9.9,0.30000000000000004,2025-12-11T15:35:31.681+00:00
0.30000000000000004,9.8,0.30000000000000004,2025-12-11T15:35:32.028+00:00
0.30000000000000004,9.8,0.7000000000000001,2025-12-11T15:35:32.266+00:00
0.2,9.9,0.6000000000000001,2025-12-11T15:35:23.485+00:00
0.1,9.700000000000001,0.2,2025-12-11T15:35:24.141+00:00
0.2,9.8,0.30000000000000004,2025-12-11T15:35:25.58+00:00
0.30000000000000004,9.8,0.0,2025-12-11T15:35:26.401+00:00
0.30000000000000004,9.8,0.30000000000000004,2025-12-11T15:35:31.133+00:00
-0.1,9.700000000000001,0.1,2025-12-11T15:35:33.023+00:00
0.30000000000000004,9.8,0.30000000000000004,2025-12-11T15:35:34.32+00:00
0.1,9.8,0.30000000000000004,2025-12-11T15:35:34.739+00:00
0.1,9.9,0.9,2025-12-11T15:35:25.493+00:00
0.2,9.700000000000001,0.2,2025-12-11T15:35:33.141+00:00
0.30000000000000004,9.8,0.6000000000000001,2025-12-11T15:35:34.226+00:00
0.2,9.9,0.7000000000000001,2025-12-11T15:35:35.911+00:00
0.30000000000000004,9.8,0.30000000000000004,2025-12-11T15:35:36.672+00:00
0.2,9.700000000000001,0.5,2025-12-11T15:35:36.871+00:00
0.4,9.8,0.6000000000000001,2025-12-11T15:35:25.771+00:00
0.30000000000000004,9.9,0.8,2025-12-11T15:35:26.499+00:00
0.2,9.8,0.1,2025-12-11T15:35:26.615+00:00
0.2,9.8,0.4,2025-12-11T15:35:30.755+00:00
0.30000000000000004,9.8,0.1,2025-12-11T15:35:30.926+00:00
0.2,9.8,0.5,2025-12-11T15:35:31.031+00:00
0.30000000000000004,9.9,0.5,2025-12-11T15:35:31.402+00:00
0.30000000000000004,9.700000000000001,0.5,2025-12-11T15:35:31.504+00:00
0.2,9.8,0.2,2025-12-11T15:35:31.765+00:00
0.1,9.600000000000001,-0.8,2025-12-11T15:35:35.331+00:00
0.0,9.8,0.30000000000000004,2025-12-11T15:35:35.735+00:00
0.30000000000000004,9.9,0.4,2025-12-11T15:35:37.069+00:00
0.4,9.9,0.4,2025-12-11T15:35:37.414+00:00
0.30000000000000004,9.8,0.2,2025-12-11T15:35:38.104+00:00
0.2,9.9,0.4,2025-12-11T15:35:38.349+00:00
0.30000000000000004,9.9,0.4,2025-12-11T15:35:30.57+00:00
0.30000000000000004,9.700000000000001,0.2,2025-12-11T15:35:31.598+00:00
0.2,9.8,0.4,2025-12-11T15:35:31.849+00:00
0.30000000000000004,9.8,0.5,2025-12-11T15:35:34.952+00:00
0.1,9.8,0.4,2025-12-11T15:35:35.144+00:00
-0.2,9.700000000000001,-1.1,2025-12-11T15:35:35.413+00:00
0.2,9.8,0.6000000000000001,2025-12-11T15:35:35.584+00:00
0.4,9.8,0.4,2025-12-11T15:35:37.822+00:00
0.2,9.8,0.5,2025-12-11T15:35:39.527+00:00
0.30000000000000004,9.8,0.2,2025-12-11T15:35:31.939+00:00
0.30000000000000004,9.9,0.2,2025-12-11T15:35:32.362+00:00
0.2,9.700000000000001,-0.1,2025-12-11T15:35:34.866+00:00
0.2,9.8,0.4,2025-12-11T15:35:35.232+00:00
0.30000000000000004,9.8,0.0,2025-12-11T15:35:35.497+00:00
0.1,9.8,0.8,2025-12-11T15:35:35.659+00:00
0.2,9.8,0.7000000000000001,2025-12-11T15:35:35.824+00:00
0.2,9.8,0.30000000000000004,2025-12-11T15:35:37.657+00:00
0.2,9.8,0.2,2025-12-11T15:35:32.197+00:00
0.5,9.8,0.30000000000000004,2025-12-11T15:35:33.336+00:00
0.30000000000000004,9.9,0.6000000000000001,2025-12-11T15:35:33.531+00:00
0.2,9.9,0.6000000000000001,2025-12-11T15:35:33.642+00:00
0.2,9.8,0.9,2025-12-11T15:35:33.856+00:00
0.30000000000000004,9.9,0.30000000000000004,2025-12-11T15:35:34.402+00:00
0.2,9.700000000000001,0.5,2025-12-11T15:35:34.564+00:00
0.30000000000000004,9.8,0.5,2025-12-11T15:35:36.281+00:00
0.30000000000000004,9.700000000000001,0.2,2025-12-11T15:35:32.815+00:00
0.30000000000000004,9.8,0.5,2025-12-11T15:35:35.053+00:00
0.1,9.8,0.30000000000000004,2025-12-11T15:35:37.334+00:00
0.2,9.8,0.6000000000000001,2025-12-11T15:35:37.495+00:00
0.30000000000000004,9.8,0.6000000000000001,2025-12-11T15:35:38.195+00:00
0.30000000000000004,9.8,0.2,2025-12-11T15:35:40.335+00:00
0.4,9.9,0.2,2025-12-11T15:35:40.776+00:00
0.4,9.8,0.4,2025-12-11T15:35:41.943+00:00
0.1,9.8,0.30000000000000004,2025-12-11T15:35:33.957+00:00
0.2,9.9,0.5,2025-12-11T15:35:34.036+00:00
0.30000000000000004,9.8,0.2,2025-12-11T15:35:34.652+00:00
0.2,9.700000000000001,0.5,2025-12-11T15:35:36+00:00
0.30000000000000004,9.8,0.4,2025-12-11T15:35:36.767+00:00
0.2,9.8,0.6000000000000001,2025-12-11T15:35:38.459+00:00
0.2,9.9,0.7000000000000001,2025-12-11T15:35:34.48+00:00
0.30000000000000004,9.700000000000001,0.5,2025-12-11T15:35:36.107+00:00
0.2,9.8,0.5,2025-12-11T15:35:37.155+00:00
0.30000000000000004,9.700000000000001,0.4,2025-12-11T15:35:37.741+00:00
0.2,9.8,0.4,2025-12-11T15:35:37.915+00:00
0.5,9.600000000000001,0.5,2025-12-11T15:35:43.991+00:00
0.1,9.8,0.30000000000000004,2025-12-11T15:35:36.37+00:00
0.30000000000000004,9.8,0.4,2025-12-11T15:35:37.571+00:00
0.1,9.8,0.30000000000000004,2025-12-11T15:35:41.132+00:00
0.1,9.8,0.30000000000000004,2025-12-11T15:35:41.493+00:00
0.30000000000000004,9.8,1.2000000000000002,2025-12-11T15:35:43.523+00:00
0.30000000000000004,9.600000000000001,0.2,2025-12-11T15:35:43.606+00:00
0.4,9.8,0.9,2025-12-11T15:35:44.383+00:00
0.30000000000000004,9.8,0.7000000000000001,2025-12-11T15:35:36.19+00:00
0.30000000000000004,9.8,0.4,2025-12-11T15:35:36.521+00:00
0.30000000000000004,9.8,0.6000000000000001,2025-12-11T15:35:39.703+00:00
0.4,9.8,0.4,2025-12-11T15:35:40.965+00:00
0.30000000000000004,9.8,0.1,2025-12-11T15:35:42.41+00:00
0.5,9.8,0.2,2025-12-11T15:35:42.488+00:00
0.8,9.4,-0.2,2025-12-11T15:35:43.33+00:00
0.5,9.600000000000001,0.9,2025-12-11T15:35:44.152+00:00
0.2,9.700000000000001,0.30000000000000004,2025-12-11T15:35:36.969+00:00
0.30000000000000004,9.700000000000001,0.2,2025-12-11T15:35:37.24+00:00
0.30000000000000004,9.8,0.6000000000000001,2025-12-11T15:35:38.013+00:00
0.4,9.700000000000001,0.1,2025-12-11T15:35:39.615+00:00
0.1,9.8,0.6000000000000001,2025-12-11T15:35:39.885+00:00
0.30000000000000004,9.8,0.30000000000000004,2025-12-11T15:35:40.598+00:00
0.1,9.700000000000001,0.7000000000000001,2025-12-11T15:35:42.032+00:00
1.5,10.0,1.1,2025-12-11T15:35:43.141+00:00
-0.2,9.9,0.7000000000000001,2025-12-11T15:35:43.806+00:00
0.2,9.8,0.30000000000000004,2025-12-11T15:35:43.909+00:00
0.30000000000000004,9.700000000000001,0.8,2025-12-11T15:35:44.804+00:00
-0.1,9.9,0.4,2025-12-11T15:35:45.558+00:00
0.2,9.8,0.30000000000000004,2025-12-11T15:35:38.544+00:00
0.2,9.8,0.4,2025-12-11T15:35:39.189+00:00
0.1,9.700000000000001,0.4,2025-12-11T15:35:39.302+00:00
0.1,9.8,0.4,2025-12-11T15:35:39.423+00:00
0.1,9.8,0.4,2025-12-11T15:35:40.008+00:00
0.30000000000000004,9.8,0.2,2025-12-11T15:35:40.079+00:00
0.2,9.8,0.5,2025-12-11T15:35:40.167+00:00
0.30000000000000004,9.8,0.2,2025-12-11T15:35:40.253+00:00
0.30000000000000004,9.8,0.4,2025-12-11T15:35:40.422+00:00
0.30000000000000004,9.8,0.4,2025-12-11T15:35:40.499+00:00
0.2,9.8,-0.2,2025-12-11T15:35:42.219+00:00
0.4,9.700000000000001,0.2,2025-12-11T15:35:42.313+00:00
0.2,9.8,0.4,2025-12-11T15:35:45.649+00:00
0.2,9.9,0.30000000000000004,2025-12-11T15:35:45.835+00:00
0.30000000000000004,9.8,0.9,2025-12-11T15:35:45.916+00:00
0.2,9.8,0.6000000000000001,2025-12-11T15:35:47.397+00:00
0.1,9.700000000000001,0.5,2025-12-11T15:35:48.417+00:00
0.2,9.9,0.1,2025-12-11T15:35:39.797+00:00
0.1,9.8,0.30000000000000004,2025-12-11T15:35:41.05+00:00
0.30000000000000004,9.700000000000001,0.4,2025-12-11T15:35:41.575+00:00
0.2,9.8,0.4,2025-12-11T15:35:42.576+00:00
0.2,9.8,0.6000000000000001,2025-12-11T15:35:42.758+00:00
0.0,9.700000000000001,0.30000000000000004,2025-12-11T15:35:44.264+00:00
0.1,9.8,0.4,2025-12-11T15:35:45.372+00:00
0.0,9.9,0.4,2025-12-11T15:35:46.265+00:00
0.30000000000000004,9.700000000000001,0.8,2025-12-11T15:35:46.435+00:00
0.2,9.700000000000001,0.6000000000000001,2025-12-11T15:35:46.973+00:00
0.30000000000000004,9.8,0.4,2025-12-11T15:35:40.694+00:00
0.0,9.700000000000001,0.2,2025-12-11T15:35:40.881+00:00
0.2,9.8,0.4,2025-12-11T15:35:41.674+00:00
0.0,10.0,-0.2,2025-12-11T15:35:43.416+00:00
-0.30000000000000004,10.100000000000001,0.1,2025-12-11T15:35:44.075+00:00
0.2,9.8,0.5,2025-12-11T15:35:45.278+00:00
0.0,9.9,0.30000000000000004,2025-12-11T15:35:46.717+00:00
0.2,9.8,0.7000000000000001,2025-12-11T15:35:46.8+00:00
-0.1,9.9,0.4,2025-12-11T15:35:47.154+00:00
0.0,9.9,0.5,2025-12-11T15:35:47.691+00:00
0.1,9.8,0.4,2025-12-11T15:35:41.405+00:00
0.2,9.9,0.8,2025-12-11T15:35:41.859+00:00
0.7000000000000001,9.8,1.0,2025-12-11T15:35:42.86+00:00
0.1,9.8,0.5,2025-12-11T15:35:44.596+00:00
0.2,9.8,0.5,2025-12-11T15:35:47.497+00:00
0.2,9.8,0.6000000000000001,2025-12-11T15:35:41.773+00:00
0.30000000000000004,9.9,1.5,2025-12-11T15:35:42.95+00:00
0.1,9.9,0.4,2025-12-11T15:35:46.881+00:00
0.2,9.700000000000001,0.7000000000000001,2025-12-11T15:35:47.6+00:00
-0.2,9.8,0.7000000000000001,2025-12-11T15:35:52.045+00:00
0.1,9.9,0.4,2025-12-11T15:35:42.116+00:00
0.6000000000000001,9.8,1.3,2025-12-11T15:35:43.05+00:00
1.2000000000000002,9.4,0.2,2025-12-11T15:35:43.232+00:00
0.2,9.8,0.2,2025-12-11T15:35:43.703+00:00
0.0,9.9,0.8,2025-12-11T15:35:44.488+00:00
0.1,9.700000000000001,0.6000000000000001,2025-12-11T15:35:45.013+00:00
-0.1,9.700000000000001,-0.2,2025-12-11T15:35:45.996+00:00
0.1,9.8,0.8,2025-12-11T15:35:49.214+00:00
0.1,9.8,0.8,2025-12-11T15:35:50.344+00:00
0.0,9.8,0.8,2025-12-11T15:35:50.794+00:00
0.1,9.8,0.30000000000000004,2025-12-11T15:35:44.912+00:00
0.2,9.8,0.1,2025-12-11T15:35:45.191+00:00
0.1,9.8,0.7000000000000001,2025-12-11T15:35:45.744+00:00
0.2,9.8,0.5,2025-12-11T15:35:46.088+00:00
0.0,9.8,0.4,2025-12-11T15:35:48.001+00:00
0.2,9.9,0.9,2025-12-11T15:35:49.1+00:00
0.0,10.0,1.1,2025-12-11T15:35:50.159+00:00
0.0,9.700000000000001,0.5,2025-12-11T15:35:50.714+00:00
0.0,9.9,0.30000000000000004,2025-12-11T15:35:52.924+00:00
0.4,9.700000000000001,0.30000000000000004,2025-12-11T15:35:45.457+00:00
0.1,9.8,0.8,2025-12-11T15:35:47.319+00:00
0.30000000000000004,9.700000000000001,1.0,2025-12-11T15:35:48.322+00:00
0.1,9.8,0.5,2025-12-11T15:35:49.428+00:00
0.6000000000000001,9.700000000000001,0.8,2025-12-11T15:35:50.968+00:00
0.1,9.8,0.7000000000000001,2025-12-11T15:35:51.426+00:00
-0.30000000000000004,10.0,0.6000000000000001,2025-12-11T15:35:52.244+00:00
-0.1,9.9,0.4,2025-12-11T15:35:52.721+00:00
0.0,9.700000000000001,0.9,2025-12-11T15:35:52.813+00:00
-0.1,9.8,0.5,2025-12-11T15:35:53.83+00:00
0.1,9.8,0.5,2025-12-11T15:35:46.175+00:00
0.4,9.700000000000001,0.9,2025-12-11T15:35:48.508+00:00
0.30000000000000004,9.700000000000001,0.9,2025-12-11T15:35:48.617+00:00
0.2,9.8,0.6000000000000001,2025-12-11T15:35:48.789+00:00
-0.2,9.8,0.5,2025-12-11T15:35:48.881+00:00
0.0,9.8,0.8,2025-12-11T15:35:50.63+00:00
0.30000000000000004,9.8,0.8,2025-12-11T15:35:51.338+00:00
0.1,9.8,0.9,2025-12-11T15:35:51.528+00:00
0.1,9.8,0.7000000000000001,2025-12-11T15:35:51.607+00:00
0.0,9.9,0.7000000000000001,2025-12-11T15:35:51.783+00:00
-0.30000000000000004,9.8,0.6000000000000001,2025-12-11T15:35:53.105+00:00
0.1,9.8,0.8,2025-12-11T15:35:53.382+00:00
0.1,9.8,0.6000000000000001,2025-12-11T15:35:46.624+00:00
0.1,9.8,0.9,2025-12-11T15:35:47.069+00:00
0.30000000000000004,9.8,0.6000000000000001,2025-12-11T15:35:47.24+00:00
0.4,9.9,0.7000000000000001,2025-12-11T15:35:48.707+00:00
0.2,9.8,0.7000000000000001,2025-12-11T15:35:50.077+00:00
0.1,9.700000000000001,0.8,2025-12-11T15:35:50.24+00:00
0.1,9.8,0.7000000000000001,2025-12-11T15:35:51.964+00:00
-0.1,9.8,0.9,2025-12-11T15:35:55.26+00:00
0.2,9.700000000000001,0.5,2025-12-11T15:35:47.904+00:00
0.7000000000000001,9.700000000000001,0.7000000000000001,2025-12-11T15:35:48.1+00:00
0.1,9.9,0.4,2025-12-11T15:35:48.203+00:00
0.30000000000000004,9.700000000000001,0.9,2025-12-11T15:35:48.982+00:00
0.2,9.600000000000001,0.7000000000000001,2025-12-11T15:35:49.31+00:00
-0.1,9.700000000000001,0.7000000000000001,2025-12-11T15:35:49.721+00:00
0.1,9.8,0.6000000000000001,2025-12-11T15:35:50.432+00:00
0.1,9.700000000000001,0.6000000000000001,2025-12-11T15:35:50.53+00:00
-0.2,9.9,0.5,2025-12-11T15:35:50.889+00:00
0.1,9.700000000000001,0.5,2025-12-11T15:35:53.932+00:00
-0.30000000000000004,9.8,0.6000000000000001,2025-12-11T15:35:54.026+00:00
0.1,9.8,0.7000000000000001,2025-12-11T15:35:54.288+00:00
0.1,9.8,0.2,2025-12-11T15:35:55.03+00:00
0.0,9.8,0.7000000000000001,2025-12-11T15:35:55.655+00:00
0.1,9.700000000000001,0.5,2025-12-11T15:35:55.732+00:00
0.2,9.8,0.7000000000000001,2025-12-11T15:35:49.624+00:00
0.0,9.8,0.6000000000000001,2025-12-11T15:35:49.808+00:00
0.30000000000000004,9.9,0.9,2025-12-11T15:35:49.888+00:00
0.30000000000000004,9.700000000000001,0.6000000000000001,2025-12-11T15:35:52.514+00:00
0.30000000000000004,9.8,0.8,2025-12-11T15:35:53.017+00:00
-0.2,9.9,0.4,2025-12-11T15:35:53.489+00:00
0.1,9.8,0.8,2025-12-11T15:35:53.701+00:00
0.1,9.8,0.7000000000000001,2025-12-11T15:35:55.348+00:00
0.1,9.8,0.5,2025-12-11T15:35:56.217+00:00
0.1,9.8,0.7000000000000001,2025-12-11T15:35:56.856+00:00
0.5,9.600000000000001,0.6000000000000001,2025-12-11T15:35:49.973+00:00
0.30000000000000004,9.8,0.6000000000000001,2025-12-11T15:35:52.348+00:00
0.2,9.8,0.5,2025-12-11T15:35:53.186+00:00
0.4,9.8,0.8,2025-12-11T15:35:53.281+00:00
0.1,9.9,0.7000000000000001,2025-12-11T15:35:54.199+00:00
0.30000000000000004,9.700000000000001,0.6000000000000001,2025-12-11T15:35:54.389+00:00
-0.1,9.8,0.7000000000000001,2025-12-11T15:35:55.835+00:00
0.1,9.700000000000001,0.5,2025-12-11T15:35:55.918+00:00
0.0,9.8,0.5,2025-12-11T15:35:56.015+00:00
0.1,9.8,0.8,2025-12-11T15:35:56.767+00:00
-0.2,9.8,0.7000000000000001,2025-12-11T15:35:49.526+00:00
-0.1,9.8,0.4,2025-12-11T15:35:51.058+00:00
-0.2,9.8,0.7000000000000001,2025-12-11T15:35:51.244+00:00
0.0,9.9,0.7000000000000001,2025-12-11T15:35:51.69+00:00
0.1,9.8,0.8,2025-12-11T15:35:51.866+00:00
0.30000000000000004,9.8,0.7000000000000001,2025-12-11T15:35:52.133+00:00
-0.2,9.8,0.4,2025-12-11T15:35:54.803+00:00
0.2,9.8,0.4,2025-12-11T15:35:55.45+00:00
-0.1,9.8,0.6000000000000001,2025-12-11T15:35:56.4+00:00
-0.1,9.8,0.9,2025-12-11T15:35:57.166+00:00
0.1,9.700000000000001,0.5,2025-12-11T15:35:57.256+00:00
0.2,9.700000000000001,1.0,2025-12-11T15:35:57.837+00:00
0.30000000000000004,9.700000000000001,1.1,2025-12-11T15:35:59.245+00:00
0.1,9.8,0.9,2025-12-11T15:35:52.625+00:00
0.1,9.700000000000001,0.6000000000000001,2025-12-11T15:35:54.11+00:00
-0.2,9.8,0.6000000000000001,2025-12-11T15:35:54.503+00:00
-0.1,9.8,0.7000000000000001,2025-12-11T15:35:54.599+00:00
0.30000000000000004,9.700000000000001,0.5,2025-12-11T15:35:54.685+00:00
-0.30000000000000004,9.8,0.5,2025-12-11T15:35:56.317+00:00
0.0,9.8,0.4,2025-12-11T15:35:56.59+00:00
0.0,9.8,0.8,2025-12-11T15:35:57.064+00:00
0.2,9.9,0.8,2025-12-11T15:35:59.441+00:00
0.2,9.700000000000001,0.6000000000000001,2025-12-11T15:36:00.731+00:00
0.30000000000000004,9.8,0.30000000000000004,2025-12-11T15:36:01.972+00:00
0.2,9.8,0.4,2025-12-11T15:36:03.307+00:00
0.1,9.8,0.4,2025-12-11T15:35:53.598+00:00
0.1,9.8,0.8,2025-12-11T15:35:57.529+00:00
0.0,9.700000000000001,0.4,2025-12-11T15:35:59.15+00:00
0.0,9.8,0.8,2025-12-11T15:36:00.359+00:00
0.1,9.8,0.7000000000000001,2025-12-11T15:36:00.813+00:00
0.1,9.9,0.30000000000000004,2025-12-11T15:36:02.652+00:00
0.1,9.8,0.30000000000000004,2025-12-11T15:36:03.233+00:00
-0.2,9.9,0.5,2025-12-11T15:35:57.729+00:00
0.1,9.8,0.5,2025-12-11T15:35:58.436+00:00
0.2,9.8,0.5,2025-12-11T15:35:58.53+00:00
0.0,9.9,0.9,2025-12-11T15:36:00.076+00:00
0.1,9.700000000000001,0.5,2025-12-11T15:36:00.266+00:00
0.2,9.8,0.6000000000000001,2025-12-11T15:36:01.489+00:00
0.30000000000000004,9.600000000000001,0.4,2025-12-11T15:36:02.386+00:00
0.0,9.700000000000001,0.9,2025-12-11T15:36:06.29+00:00
-0.1,9.9,0.6000000000000001,2025-12-11T15:36:13.121+00:00
-0.2,9.8,0.7000000000000001,2025-12-11T15:36:33.932+00:00
0.1,9.8,1.0,2025-12-11T15:36:33.961+00:00
0.1,9.8,1.0,2025-12-11T15:36:06.199+00:00
-0.1,9.9,0.8,2025-12-11T15:36:06.768+00:00
-0.4,9.8,0.9,2025-12-11T15:36:07.015+00:00
-0.1,9.8,1.0,2025-12-11T15:36:07.099+00:00
-0.1,9.9,0.7000000000000001,2025-12-11T15:36:07.962+00:00
-0.2,9.8,1.1,2025-12-11T15:36:09.345+00:00
-0.2,9.700000000000001,0.7000000000000001,2025-12-11T15:36:09.613+00:00
0.0,9.700000000000001,1.0,2025-12-11T15:36:10.394+00:00
-0.1,9.8,0.6000000000000001,2025-12-11T15:36:11.536+00:00
-0.2,9.8,1.1,2025-12-11T15:36:11.956+00:00
-0.2,9.9,0.8,2025-12-11T15:36:05.474+00:00
0.0,9.8,1.2000000000000002,2025-12-11T15:36:06.386+00:00
0.1,9.700000000000001,1.0,2025-12-11T15:36:07.406+00:00
-0.1,9.8,0.9,2025-12-11T15:36:07.775+00:00
-0.5,9.700000000000001,1.0,2025-12-11T15:36:07.858+00:00
0.0,9.8,1.1,2025-12-11T15:36:09.424+00:00
0.0,9.8,0.7000000000000001,2025-12-11T15:36:10.296+00:00
-0.2,9.8,0.8,2025-12-11T15:36:10.567+00:00
0.0,9.700000000000001,1.1,2025-12-11T15:36:11.25+00:00
-0.1,9.700000000000001,0.6000000000000001,2025-12-11T15:36:12.128+00:00
-0.1,9.8,0.7000000000000001,2025-12-11T15:36:12.3+00:00
-0.4,9.9,0.4,2025-12-11T15:36:13.308+00:00
-0.30000000000000004,9.9,0.7000000000000001,2025-12-11T15:36:13.515+00:00
0.0,9.9,1.1,2025-12-11T15:36:05.747+00:00
-0.2,9.9,0.5,2025-12-11T15:36:05.929+00:00
-0.1,9.8,1.0,2025-12-11T15:36:06.021+00:00
-0.1,9.700000000000001,1.2000000000000002,2025-12-11T15:36:06.109+00:00
-0.1,9.8,0.7000000000000001,2025-12-11T15:36:07.217+00:00
0.0,9.8,0.8,2025-12-11T15:36:08.479+00:00
0.1,9.700000000000001,0.8,2025-12-11T15:36:08.885+00:00
-0.1,9.8,1.1,2025-12-11T15:36:10.096+00:00
-0.2,9.8,0.9,2025-12-11T15:36:11.149+00:00
-0.1,9.9,0.7000000000000001,2025-12-11T15:36:11.858+00:00
-0.30000000000000004,9.9,0.9,2025-12-11T15:36:12.563+00:00
0.0,9.8,0.7000000000000001,2025-12-11T15:36:12.744+00:00
-0.5,9.8,0.9,2025-12-11T15:36:06.849+00:00
0.1,9.700000000000001,1.3,2025-12-11T15:36:08.054+00:00
-0.1,9.700000000000001,0.9,2025-12-11T15:36:08.268+00:00
-0.30000000000000004,9.8,0.6000000000000001,2025-12-11T15:36:10.755+00:00
-0.1,9.8,0.9,2025-12-11T15:36:10.837+00:00
0.2,9.8,0.9,2025-12-11T15:36:11.771+00:00
0.0,9.700000000000001,0.9,2025-12-11T15:36:12.382+00:00
-0.30000000000000004,9.700000000000001,0.8,2025-12-11T15:36:18.984+00:00
-0.2,9.9,0.9,2025-12-11T15:36:34.067+00:00
-0.1,9.8,0.6000000000000001,2025-12-11T15:36:08.367+00:00
0.1,9.8,1.1,2025-12-11T15:36:08.589+00:00
-0.1,9.8,0.6000000000000001,2025-12-11T15:36:09.704+00:00
-0.2,9.8,1.0,2025-12-11T15:36:09.842+00:00
-0.1,9.8,0.7000000000000001,2025-12-11T15:36:10.659+00:00
0.0,9.600000000000001,1.0,2025-12-11T15:36:05.559+00:00
0.1,9.700000000000001,1.1,2025-12-11T15:36:05.636+00:00
-0.1,9.700000000000001,1.1,2025-12-11T15:36:06.67+00:00
0.30000000000000004,9.700000000000001,0.8,2025-12-11T15:36:06.941+00:00
-0.1,9.8,1.0,2025-12-11T15:36:07.584+00:00
-0.30000000000000004,9.9,0.8,2025-12-11T15:36:08.175+00:00
-0.4,9.8,0.7000000000000001,2025-12-11T15:36:09.071+00:00
-0.1,9.8,0.7000000000000001,2025-12-11T15:36:09.919+00:00
-0.1,9.8,0.8,2025-12-11T15:36:10.003+00:00
-0.2,9.8,0.7000000000000001,2025-12-11T15:36:10.483+00:00
0.0,9.700000000000001,0.8,2025-12-11T15:36:11.643+00:00
-0.2,9.8,1.2000000000000002,2025-12-11T15:36:12.22+00:00
0.1,9.8,1.3,2025-12-11T15:36:12.472+00:00
-0.2,9.700000000000001,1.3,2025-12-11T15:36:05.835+00:00
-0.1,9.8,1.1,2025-12-11T15:36:06.584+00:00
-0.30000000000000004,9.9,0.9,2025-12-11T15:36:08.676+00:00
0.0,9.8,0.6000000000000001,2025-12-11T15:36:12.034+00:00
-0.1,9.8,0.5,2025-12-11T15:36:12.656+00:00
-0.1,9.8,0.6000000000000001,2025-12-11T15:36:12.847+00:00
0.2,9.600000000000001,0.6000000000000001,2025-12-11T15:36:13.42+00:00
0.1,9.700000000000001,1.2000000000000002,2025-12-11T15:36:07.315+00:00
-0.1,9.8,1.1,2025-12-11T15:36:07.666+00:00
0.0,9.8,0.6000000000000001,2025-12-11T15:36:08.794+00:00
-0.1,9.8,1.0,2025-12-11T15:36:08.972+00:00
0.0,9.700000000000001,0.9,2025-12-11T15:36:09.174+00:00
-0.2,9.8,0.8,2025-12-11T15:36:10.206+00:00
-0.2,9.9,0.8,2025-12-11T15:36:11.059+00:00
-0.2,9.700000000000001,0.8,2025-12-11T15:36:34.025+00:00
0.0,9.700000000000001,0.8,2025-12-11T15:36:34.845+00:00
0.0,9.8,0.8,2025-12-11T15:36:06.49+00:00
-0.1,9.8,0.9,2025-12-11T15:36:09.262+00:00
-0.1,9.8,0.9,2025-12-11T15:36:09.512+00:00
-0.1,9.8,0.9,2025-12-11T15:36:11.347+00:00
0.1,9.8,1.1,2025-12-11T15:36:11.443+00:00
-0.1,9.8,0.7000000000000001,2025-12-11T15:36:12.931+00:00
-0.5,9.700000000000001,0.9,2025-12-11T15:36:13.019+00:00
0.2,9.700000000000001,0.8,2025-12-11T15:36:13.213+00:00
0.2,9.8,0.6000000000000001,2025-12-11T15:36:13.811+00:00
-0.5,9.8,0.9,2025-12-11T15:36:13.599+00:00
-0.30000000000000004,9.8,0.7000000000000001,2025-12-11T15:36:13.704+00:00
0.1,9.700000000000001,1.0,2025-12-11T15:36:18.511+00:00
-0.4,9.8,1.0,2025-12-11T15:36:19.67+00:00
-0.2,9.700000000000001,1.3,2025-12-11T15:36:20.775+00:00
-0.2,9.9,0.5,2025-12-11T15:36:28.205+00:00
0.0,9.700000000000001,0.7000000000000001,2025-12-11T15:36:33.979+00:00
-0.1,9.8,0.9,2025-12-11T15:36:34.005+00:00
-0.4,9.9,1.1,2025-12-11T15:36:35.076+00:00
0.2,9.8,1.0,2025-12-11T15:36:35.852+00:00
0.1,9.700000000000001,0.9,2025-12-11T15:36:36.008+00:00
-0.1,9.700000000000001,0.5,2025-12-11T15:36:36.222+00:00
-0.1,9.8,0.7000000000000001,2025-12-11T15:36:36.276+00:00
0.0,9.8,0.9,2025-12-11T15:36:36.689+00:00
-0.8,10.0,-0.1,2025-12-11T15:36:37.381+00:00
0.1,9.8,1.0,2025-12-11T15:36:21.885+00:00
-0.1,9.8,0.8,2025-12-11T15:36:34.067+00:00
-2.9000000000000004,7.300000000000001,5.9,2025-12-11T15:36:34.269+00:00
-0.30000000000000004,9.9,1.1,2025-12-11T15:36:35.842+00:00
0.0,9.8,0.7000000000000001,2025-12-11T15:36:36.085+00:00
-0.2,9.9,0.1,2025-12-11T15:36:36.52+00:00
0.0,9.700000000000001,-0.2,2025-12-11T15:36:37.043+00:00
-0.1,9.8,0.30000000000000004,2025-12-11T15:36:17.689+00:00
0.1,9.700000000000001,1.2000000000000002,2025-12-11T15:36:29.485+00:00
-0.1,9.8,0.7000000000000001,2025-12-11T15:36:34.069+00:00
0.1,9.8,0.4,2025-12-11T15:36:34.346+00:00
-0.1,9.8,0.5,2025-12-11T15:36:34.363+00:00
0.0,9.9,1.0,2025-12-11T15:36:36.269+00:00
0.1,9.8,1.7000000000000002,2025-12-11T15:36:36.571+00:00
0.30000000000000004,9.9,1.7000000000000002,2025-12-11T15:36:37.169+00:00
0.1,9.700000000000001,0.9,2025-12-11T15:36:19.3+00:00
-0.1,9.8,1.0,2025-12-11T15:36:24.8+00:00
-0.2,9.700000000000001,0.7000000000000001,2025-12-11T15:36:33.977+00:00
-0.2,9.600000000000001,0.5,2025-12-11T15:36:33.982+00:00
-0.1,9.8,1.3,2025-12-11T15:36:36.008+00:00
0.1,9.700000000000001,0.8,2025-12-11T15:36:36.064+00:00
-0.5,9.9,1.1,2025-12-11T15:36:36.255+00:00
-0.2,9.700000000000001,1.4000000000000001,2025-12-11T15:36:37.285+00:00
0.0,9.8,0.7000000000000001,2025-12-11T15:36:22.603+00:00
0.0,9.700000000000001,0.8,2025-12-11T15:36:34.934+00:00
0.1,9.700000000000001,0.9,2025-12-11T15:36:36.352+00:00
-0.5,9.700000000000001,0.8,2025-12-11T15:36:36.922+00:00
0.2,9.700000000000001,0.9,2025-12-11T15:36:37.989+00:00
-0.5,9.9,0.1,2025-12-11T15:36:38.402+00:00
0.0,9.8,1.1,2025-12-11T15:36:26.069+00:00
0.0,9.8,0.9,2025-12-11T15:36:34.324+00:00
-0.2,9.8,0.8,2025-12-11T15:36:34.076+00:00
-0.1,9.8,0.8,2025-12-11T15:36:34.348+00:00
0.2,9.8,0.7000000000000001,2025-12-11T15:36:35.837+00:00
0.1,9.8,0.6000000000000001,2025-12-11T15:36:36.036+00:00
-0.5,9.9,0.9,2025-12-11T15:36:36.193+00:00
0.0,9.8,0.6000000000000001,2025-12-11T15:36:36.344+00:00
0.0,9.8,1.0,2025-12-11T15:36:36.358+00:00
0.1,9.8,0.30000000000000004,2025-12-11T15:36:37.985+00:00
-0.7000000000000001,9.600000000000001,1.1,2025-12-11T15:36:43.102+00:00
0.0,9.700000000000001,1.0,2025-12-11T15:36:34.07+00:00
-0.2,9.9,0.6000000000000001,2025-12-11T15:36:34.866+00:00
-0.30000000000000004,9.9,1.2000000000000002,2025-12-11T15:36:34.902+00:00
0.1,9.8,1.1,2025-12-11T15:36:34.906+00:00
0.2,9.8,0.7000000000000001,2025-12-11T15:36:35.09+00:00
-0.2,9.8,0.7000000000000001,2025-12-11T15:36:36.026+00:00
-0.1,9.9,0.8,2025-12-11T15:36:36.06+00:00
-0.2,9.8,0.9,2025-12-11T15:36:36.374+00:00
-0.7000000000000001,9.8,0.7000000000000001,2025-12-11T15:36:37.949+00:00
-0.30000000000000004,9.8,1.2000000000000002,2025-12-11T15:36:38.127+00:00
-0.30000000000000004,9.8,1.0,2025-12-11T15:36:38.656+00:00
0.2,9.8,0.9,2025-12-11T15:36:34.07+00:00
0.0,9.700000000000001,1.1,2025-12-11T15:36:34.362+00:00
-0.2,9.8,0.7000000000000001,2025-12-11T15:36:34.93+00:00
0.0,9.700000000000001,0.6000000000000001,2025-12-11T15:36:34.945+00:00
0.0,9.8,0.7000000000000001,2025-12-11T15:36:36.006+00:00
-0.30000000000000004,9.600000000000001,0.6000000000000001,2025-12-11T15:36:36.438+00:00
-0.30000000000000004,9.8,0.7000000000000001,2025-12-11T15:36:38.562+00:00
-0.2,9.8,0.30000000000000004,2025-12-11T15:36:38.932+00:00
-0.30000000000000004,10.0,-0.30000000000000004,2025-12-11T15:36:43.127+00:00
-0.1,9.8,0.8,2025-12-11T15:36:34.283+00:00
-0.30000000000000004,9.8,0.5,2025-12-11T15:36:35.788+00:00
-0.1,9.700000000000001,1.0,2025-12-11T15:36:35.099+00:00
-0.30000000000000004,9.700000000000001,0.9,2025-12-11T15:36:36.36+00:00
0.1,9.700000000000001,1.2000000000000002,2025-12-11T15:36:36.805+00:00
0.2,9.600000000000001,0.7000000000000001,2025-12-11T15:36:38.557+00:00
0.0,9.700000000000001,0.7000000000000001,2025-12-11T15:36:43.344+00:00
-0.1,9.700000000000001,1.1,2025-12-11T15:36:43.302+00:00
0.30000000000000004,9.700000000000001,1.0,2025-12-11T15:36:34.85+00:00
0.0,9.8,1.0,2025-12-11T15:36:34.937+00:00
-0.2,9.8,1.0,2025-12-11T15:36:34.954+00:00
0.2,9.8,0.5,2025-12-11T15:36:36.372+00:00
0.1,9.700000000000001,0.7000000000000001,2025-12-11T15:36:36.471+00:00
-0.2,9.8,0.2,2025-12-11T15:36:36.697+00:00
0.2,9.8,0.7000000000000001,2025-12-11T15:36:37.628+00:00
0.1,9.8,1.1,2025-12-11T15:36:38.172+00:00
-0.1,9.8,0.5,2025-12-11T15:36:38.836+00:00
0.0,9.600000000000001,0.4,2025-12-11T15:36:43.251+00:00
-0.1,9.8,0.1,2025-12-11T15:36:37.974+00:00
0.1,9.600000000000001,-0.7000000000000001,2025-12-11T15:36:38.38+00:00
0.2,9.8,0.8,2025-12-11T15:36:38.741+00:00
0.0,9.9,0.9,2025-12-11T15:36:43.187+00:00
-0.2,9.9,1.0,2025-12-11T15:36:43.279+00:00
0.2,9.8,0.8,2025-12-11T15:36:43.284+00:00
-1.6,9.700000000000001,0.6000000000000001,2025-12-11T15:36:43.406+00:00
-0.1,9.9,0.5,2025-12-11T15:36:43.483+00:00
-0.6000000000000001,8.4,6.5,2025-12-11T15:36:43.665+00:00
0.7000000000000001,9.5,1.0,2025-12-11T15:36:43.491+00:00
-0.5,9.600000000000001,1.4000000000000001,2025-12-11T15:36:43.77+00:00
0.30000000000000004,8.8,1.0,2025-12-11T15:36:43.936+00:00
0.2,8.1,5.800000000000001,2025-12-11T15:36:44.097+00:00
0.2,8.1,5.300000000000001,2025-12-11T15:36:44.68+00:00
0.2,8.200000000000001,5.0,2025-12-11T15:36:44.979+00:00
0.4,8.0,5.6000000000000005,2025-12-11T15:36:45.039+00:00
0.5,9.600000000000001,1.2000000000000002,2025-12-11T15:36:37.394+00:00
0.5,9.700000000000001,1.0,2025-12-11T15:36:38.468+00:00
-0.4,9.9,1.2000000000000002,2025-12-11T15:36:39.036+00:00
0.0,9.9,0.9,2025-12-11T15:36:43.35+00:00
0.5,9.700000000000001,1.8,2025-12-11T15:36:43.479+00:00
0.1,9.8,1.9000000000000001,2025-12-11T15:36:43.854+00:00
0.2,8.0,6.6000000000000005,2025-12-11T15:36:44.295+00:00
0.0,8.0,5.7,2025-12-11T15:36:44.822+00:00
0.4,7.9,5.1000000000000005,2025-12-11T15:36:45.255+00:00
-0.8,5.5,4.5,2025-12-11T15:36:45.525+00:00
2.6,11.600000000000001,3.7,2025-12-11T15:36:45.609+00:00
-0.1,9.8,0.7000000000000001,2025-12-11T15:36:43.317+00:00
-0.2,9.9,0.9,2025-12-11T15:36:43.386+00:00
-0.30000000000000004,9.600000000000001,1.5,2025-12-11T15:36:43.939+00:00
3.0,8.200000000000001,5.0,2025-12-11T15:36:45.705+00:00
2.9000000000000004,9.200000000000001,4.9,2025-12-11T15:36:46.404+00:00
-0.2,9.700000000000001,0.9,2025-12-11T15:36:43.207+00:00
-0.1,9.8,1.4000000000000001,2025-12-11T15:36:43.277+00:00
0.4,9.700000000000001,0.7000000000000001,2025-12-11T15:36:43.31+00:00
0.2,9.600000000000001,1.5,2025-12-11T15:36:43.445+00:00
-0.2,7.9,6.1000000000000005,2025-12-11T15:36:44.11+00:00
0.2,8.0,6.2,2025-12-11T15:36:44.438+00:00
2.2,5.2,6.0,2025-12-11T15:36:46.681+00:00
-0.2,9.700000000000001,1.0,2025-12-11T15:36:43.242+00:00
0.0,9.600000000000001,1.6,2025-12-11T15:36:43.33+00:00
-0.30000000000000004,10.200000000000001,0.1,2025-12-11T15:36:43.577+00:00
0.2,9.5,1.5,2025-12-11T15:36:43.865+00:00
0.30000000000000004,5.7,0.6000000000000001,2025-12-11T15:36:43.949+00:00
0.1,8.0,5.1000000000000005,2025-12-11T15:36:44.413+00:00
-0.1,8.200000000000001,5.800000000000001,2025-12-11T15:36:44.568+00:00
1.4000000000000001,11.4,8.4,2025-12-11T15:36:45.797+00:00
5.0,10.600000000000001,7.4,2025-12-11T15:36:46.491+00:00
-3.0,4.6000000000000005,1.7000000000000002,2025-12-11T15:36:46.772+00:00
-1.4000000000000001,2.6,3.9000000000000004,2025-12-11T15:36:47.075+00:00
-0.30000000000000004,9.8,1.4000000000000001,2025-12-11T15:36:43.313+00:00
-0.2,9.9,1.3,2025-12-11T15:36:43.424+00:00
0.30000000000000004,9.700000000000001,1.5,2025-12-11T15:36:43.496+00:00
0.2,9.600000000000001,1.4000000000000001,2025-12-11T15:36:43.957+00:00
0.1,9.8,1.2000000000000002,2025-12-11T15:36:44.098+00:00
-0.1,9.4,0.5,2025-12-11T15:36:43.588+00:00
-0.4,7.9,6.1000000000000005,2025-12-11T15:36:44.22+00:00
0.9,7.800000000000001,5.7,2025-12-11T15:36:46.041+00:00
1.8,8.3,4.9,2025-12-11T15:36:46.131+00:00
6.6000000000000005,7.4,0.8,2025-12-11T15:36:46.589+00:00
-0.30000000000000004,1.6,13.200000000000001,2025-12-11T15:36:47.168+00:00
-0.30000000000000004,8.8,19.0,2025-12-11T15:36:47.344+00:00
1.6,7.4,6.0,2025-12-11T15:36:48.507+00:00
1.9000000000000001,7.4,6.800000000000001,2025-12-11T15:36:48.587+00:00
1.3,7.4,5.5,2025-12-11T15:36:49.402+00:00
-0.5,9.9,2.2,2025-12-11T15:36:43.685+00:00
-0.4,9.0,5.1000000000000005,2025-12-11T15:36:43.976+00:00
0.2,8.0,5.6000000000000005,2025-12-11T15:36:44.129+00:00
-2.5,3.7,5.5,2025-12-11T15:36:47.425+00:00
0.7000000000000001,8.200000000000001,7.800000000000001,2025-12-11T15:36:43.595+00:00
0.5,9.700000000000001,2.1,2025-12-11T15:36:43.596+00:00
0.6000000000000001,7.800000000000001,6.1000000000000005,2025-12-11T15:36:44.025+00:00
0.1,8.1,5.4,2025-12-11T15:36:44.666+00:00
0.7000000000000001,7.300000000000001,5.6000000000000005,2025-12-11T15:36:45.351+00:00
-1.0,6.6000000000000005,4.3,2025-12-11T15:36:45.431+00:00
1.8,7.9,5.6000000000000005,2025-12-11T15:36:46.308+00:00
-6.9,4.6000000000000005,2.3000000000000003,2025-12-11T15:36:46.879+00:00
1.1,7.1000000000000005,6.1000000000000005,2025-12-11T15:36:47.759+00:00
1.9000000000000001,7.5,6.2,2025-12-11T15:36:49.042+00:00
0.9,9.0,7.4,2025-12-11T15:36:43.735+00:00
-0.7000000000000001,7.9,6.5,2025-12-11T15:36:43.703+00:00
0.0,9.700000000000001,2.2,2025-12-11T15:36:43.848+00:00
0.1,9.700000000000001,0.9,2025-12-11T15:36:43.969+00:00
0.1,8.0,5.300000000000001,2025-12-11T15:36:44.315+00:00
0.5,8.4,5.2,2025-12-11T15:36:45.077+00:00
3.5,6.2,7.9,2025-12-11T15:36:45.877+00:00
0.9,8.200000000000001,5.1000000000000005,2025-12-11T15:36:45.959+00:00
-10.700000000000001,-1.0,3.0,2025-12-11T15:36:47.261+00:00
-1.8,9.1,0.7000000000000001,2025-12-11T15:36:43.969+00:00
1.0,7.6000000000000005,6.300000000000001,2025-12-11T15:36:47.93+00:00
1.1,7.1000000000000005,5.4,2025-12-11T15:36:48.027+00:00
1.5,7.300000000000001,5.5,2025-12-11T15:36:49.588+00:00
1.9000000000000001,7.800000000000001,6.0,2025-12-11T15:36:46.221+00:00
1.8,2.3000000000000003,23.0,2025-12-11T15:36:46.972+00:00
0.0,8.1,1.5,2025-12-11T15:36:47.506+00:00
0.9,7.0,7.0,2025-12-11T15:36:47.682+00:00
1.2000000000000002,7.800000000000001,7.2,2025-12-11T15:36:47.842+00:00
-3.0,7.2,5.800000000000001,2025-12-11T15:36:54.315+00:00
1.7000000000000002,7.4,5.7,2025-12-11T15:36:48.333+00:00
2.1,7.300000000000001,5.6000000000000005,2025-12-11T15:36:48.418+00:00
1.7000000000000002,7.6000000000000005,6.300000000000001,2025-12-11T15:36:48.837+00:00
1.4000000000000001,7.5,5.9,2025-12-11T15:36:49.138+00:00
2.3000000000000003,7.300000000000001,6.4,2025-12-11T15:36:49.326+00:00
2.1,7.4,5.4,2025-12-11T15:36:49.864+00:00
1.1,7.300000000000001,5.300000000000001,2025-12-11T15:36:50.113+00:00
2.1,7.800000000000001,7.1000000000000005,2025-12-11T15:36:50.82+00:00
1.7000000000000002,7.6000000000000005,4.800000000000001,2025-12-11T15:36:51.294+00:00
-3.1,5.9,4.7,2025-12-11T15:36:52.961+00:00
-3.6,7.800000000000001,5.300000000000001,2025-12-11T15:36:53.153+00:00
-1.9000000000000001,8.200000000000001,7.7,2025-12-11T15:36:47.594+00:00
2.0,7.1000000000000005,6.800000000000001,2025-12-11T15:36:48.132+00:00
2.0,7.4,6.2,2025-12-11T15:36:48.757+00:00
2.1,7.7,6.5,2025-12-11T15:36:49.498+00:00
2.3000000000000003,7.5,6.4,2025-12-11T15:36:49.951+00:00
1.9000000000000001,7.7,4.5,2025-12-11T15:36:50.652+00:00
2.2,7.6000000000000005,5.7,2025-12-11T15:36:50.897+00:00
2.0,7.2,4.6000000000000005,2025-12-11T15:36:51.119+00:00
-1.3,3.3000000000000003,-2.9000000000000004,2025-12-11T15:36:51.477+00:00
-4.1000000000000005,5.2,8.1,2025-12-11T15:36:52.165+00:00
-2.6,5.5,6.4,2025-12-11T15:36:52.269+00:00
-2.1,7.2,5.1000000000000005,2025-12-11T15:36:53.061+00:00
-3.1,7.6000000000000005,6.300000000000001,2025-12-11T15:36:53.255+00:00
-1.7000000000000002,7.6000000000000005,7.300000000000001,2025-12-11T15:36:54.433+00:00
1.8,7.5,6.0,2025-12-11T15:36:48.673+00:00
1.9000000000000001,7.4,6.2,2025-12-11T15:36:49.77+00:00
3.0,7.1000000000000005,5.5,2025-12-11T15:36:51.211+00:00
2.9000000000000004,2.6,22.6,2025-12-11T15:36:51.399+00:00
-3.6,-0.5,17.2,2025-12-11T15:36:51.815+00:00
-4.5,7.300000000000001,4.5,2025-12-11T15:36:54.87+00:00
1.5,7.4,5.9,2025-12-11T15:36:48.242+00:00
2.0,7.4,5.7,2025-12-11T15:36:48.949+00:00
1.6,7.1000000000000005,6.1000000000000005,2025-12-11T15:36:49.236+00:00
1.9000000000000001,7.4,6.300000000000001,2025-12-11T15:36:49.678+00:00
0.1,7.4,4.9,2025-12-11T15:36:50.742+00:00
-2.6,6.0,7.5,2025-12-11T15:36:54.774+00:00
1.5,7.4,6.800000000000001,2025-12-11T15:36:50.2+00:00
0.7000000000000001,7.6000000000000005,6.800000000000001,2025-12-11T15:36:50.287+00:00
1.4000000000000001,3.7,8.3,2025-12-11T15:36:51.635+00:00
-3.2,5.300000000000001,5.4,2025-12-11T15:36:52.067+00:00
-3.1,7.5,5.4,2025-12-11T15:36:53.433+00:00
-3.9000000000000004,7.6000000000000005,7.0,2025-12-11T15:36:53.806+00:00
-10.5,3.7,6.9,2025-12-11T15:36:51.725+00:00
-2.6,6.0,7.9,2025-12-11T15:36:52.361+00:00
-2.8000000000000003,7.6000000000000005,5.5,2025-12-11T15:36:53.345+00:00
-3.9000000000000004,7.5,6.1000000000000005,2025-12-11T15:36:53.524+00:00
0.5,7.5,5.2,2025-12-11T15:36:50.368+00:00
1.5,7.5,7.800000000000001,2025-12-11T15:36:50.544+00:00
0.30000000000000004,4.6000000000000005,1.1,2025-12-11T15:36:51.555+00:00
-2.5,7.5,4.6000000000000005,2025-12-11T15:36:54.223+00:00
2.1,7.7,5.0,2025-12-11T15:36:50.024+00:00
3.0,6.6000000000000005,7.300000000000001,2025-12-11T15:36:50.459+00:00
-4.6000000000000005,6.2,6.7,2025-12-11T15:36:52.452+00:00
-1.2000000000000002,5.2,8.700000000000001,2025-12-11T15:36:52.634+00:00
-0.4,6.9,11.3,2025-12-11T15:36:52.863+00:00
-3.3000000000000003,6.9,4.5,2025-12-11T15:36:53.715+00:00
-5.300000000000001,4.800000000000001,5.2,2025-12-11T15:36:51.899+00:00
-4.5,4.0,8.4,2025-12-11T15:36:51.981+00:00
-3.1,4.1000000000000005,7.0,2025-12-11T15:36:52.545+00:00
-3.5,6.9,6.5,2025-12-11T15:36:53.632+00:00
2.2,10.100000000000001,6.1000000000000005,2025-12-11T15:36:54.519+00:00
-4.0,6.2,9.3,2025-12-11T15:36:54.613+00:00
-3.8000000000000003,6.300000000000001,10.200000000000001,2025-12-11T15:36:54.694+00:00
-3.9000000000000004,7.5,3.5,2025-12-11T15:36:54.962+00:00
-3.2,7.300000000000001,6.6000000000000005,2025-12-11T15:36:55.072+00:00
-3.4000000000000004,7.2,6.4,2025-12-11T15:36:55.158+00:00
-3.1,7.4,5.9,2025-12-11T15:36:55.24+00:00
-2.9000000000000004,6.9,6.4,2025-12-11T15:36:55.326+00:00
-3.4000000000000004,6.9,6.0,2025-12-11T15:36:55.407+00:00
-3.3000000000000003,7.0,6.5,2025-12-11T15:36:55.496+00:00
-2.8000000000000003,6.7,5.9,2025-12-11T15:36:55.589+00:00
-3.6,6.9,6.0,2025-12-11T15:36:55.676+00:00
-2.7,6.9,7.0,2025-12-11T15:36:55.766+00:00
-1.8,6.2,7.0,2025-12-11T15:36:55.875+00:00
1.9000000000000001,5.5,8.4,2025-12-11T15:36:55.965+00:00
1.0,6.6000000000000005,6.7,2025-12-11T15:36:56.041+00:00
