id,recording_id,sensor_type_id,timestamp,offset_ms,data,created_at
ca3e1ddc-1699-45ad-97f3-9bfa7b5bdcf7,f565c08a-5fb8-41c5-9da7-e2a5dc1a6af8,d4ad2653-b430-40c2-9f47-bdc140119c57,2025-12-11 15:35:54.843+00,58110,"{""x"":-0.0471238898038469,""y"":-0.04014257279586958,""z"":0.022689280275926284}",2025-12-11 15:35:55.350966+00
d7d079eb-79c0-47c7-9c6e-943621953728,f565c08a-5fb8-41c5-9da7-e2a5dc1a6af8,d4ad2653-b430-40c2-9f47-bdc140119c57,2025-12-11 15:35:58.432+00,61699,"{""x"":0.027925268031909273,""y"":0.03839724354387525,""z"":-0.020943951023931956}",2025-12-11 15:35:58.968432+00
b043ca88-ec3e-4d5d-a369-3aaaef9b98b0,f565c08a-5fb8-41c5-9da7-e2a5dc1a6af8,98a08aec-2fa6-4f63-9386-0f43015d701c,2025-12-11 15:35:58.536+00,61803,"{""x"":-0.1,""y"":0,""z"":0}",2025-12-11 15:35:59.058904+00
501ea27c-656b-4c3e-816e-5326857446a3,f565c08a-5fb8-41c5-9da7-e2a5dc1a6af8,3b48eed5-6ece-4eb8-8c88-b5e645839385,2025-12-11 15:35:58.973+00,62240,"{""x"":0.1,""y"":9.8,""z"":0.5}",2025-12-11 15:35:59.481267+00
798d33b6-bce6-4545-b714-53f4cba75c60,f565c08a-5fb8-41c5-9da7-e2a5dc1a6af8,3b48eed5-6ece-4eb8-8c88-b5e645839385,2025-12-11 15:35:59.062+00,62329,"{""x"":0.1,""y"":9.700000000000001,""z"":1}",2025-12-11 15:35:59.567447+00
3efa5fe6-b37e-4ce9-ad7c-614a89c3360b,f565c08a-5fb8-41c5-9da7-e2a5dc1a6af8,ac98dfca-0ee5-4d28-8657-4d29dbfc8f09,2025-12-11 15:35:59.407+00,62673,"{""x"":0.1,""y"":9.8,""z"":0.6000000000000001}",2025-12-11 15:35:59.911344+00
a790b16e-a788-4b76-b2f0-4ff829d82064,f565c08a-5fb8-41c5-9da7-e2a5dc1a6af8,d4ad2653-b430-40c2-9f47-bdc140119c57,2025-12-11 15:35:59.826+00,63093,"{""x"":-0.04014257279586958,""y"":0.008726646259971648,""z"":0.0017453292519943296}",2025-12-11 15:36:00.373246+00
b4f47fc1-c10e-459d-b781-09dd22c4c122,f565c08a-5fb8-41c5-9da7-e2a5dc1a6af8,d4ad2653-b430-40c2-9f47-bdc140119c57,2025-12-11 15:35:59.973+00,63240,"{""x"":0.07853981633974483,""y"":0.006981317007977318,""z"":0.006981317007977318}",2025-12-11 15:36:00.471647+00
4f92f11d-7835-42ec-bd3b-c828b27e6596,f565c08a-5fb8-41c5-9da7-e2a5dc1a6af8,c850391c-5cf3-4b3f-9fac-26438f5a9353,2025-12-11 15:36:00.111+00,63378,"{""quaternion"":[0.4799752369263268,0.4867241816644196,0.5245265989859674,0.5075383629607042]}",2025-12-11 15:36:00.611714+00
3d65da2b-9df2-4cb7-8b09-3572e84eda0b,f565c08a-5fb8-41c5-9da7-e2a5dc1a6af8,98a08aec-2fa6-4f63-9386-0f43015d701c,2025-12-11 15:36:00.35+00,63616,"{""x"":-0.2,""y"":0,""z"":0.1}",2025-12-11 15:36:00.863479+00
26dd9de0-b4e1-43dc-83ae-5afb6ac83150,f565c08a-5fb8-41c5-9da7-e2a5dc1a6af8,3b48eed5-6ece-4eb8-8c88-b5e645839385,2025-12-11 15:36:00.535+00,63802,"{""x"":-0.30000000000000004,""y"":9.8,""z"":0.7000000000000001}",2025-12-11 15:36:01.037375+00
f3468965-0341-4d97-a6bd-a6e0c81c52e7,f565c08a-5fb8-41c5-9da7-e2a5dc1a6af8,d4ad2653-b430-40c2-9f47-bdc140119c57,2025-12-11 15:36:00.675+00,63942,"{""x"":0.029670597283903602,""y"":0.05585053606381855,""z"":-0.008726646259971648}",2025-12-11 15:36:01.183088+00
58c2b08c-e153-4df2-8968-2dbbf97cf3f9,f565c08a-5fb8-41c5-9da7-e2a5dc1a6af8,c850391c-5cf3-4b3f-9fac-26438f5a9353,2025-12-11 15:36:00.752+00,64018,"{""quaternion"":[0.48435240779126604,0.4843524077912661,0.5256019091871496,0.5045276238150193]}",2025-12-11 15:36:01.263055+00
c1c7cc7d-6942-4e66-8399-e6582d07151b,f565c08a-5fb8-41c5-9da7-e2a5dc1a6af8,98a08aec-2fa6-4f63-9386-0f43015d701c,2025-12-11 15:36:00.927+00,64194,"{""x"":-0.1,""y"":0,""z"":0}",2025-12-11 15:36:01.437511+00
eccf6e45-125e-479b-8b21-696396754b52,f565c08a-5fb8-41c5-9da7-e2a5dc1a6af8,98a08aec-2fa6-4f63-9386-0f43015d701c,2025-12-11 15:36:01.017+00,64284,"{""x"":0,""y"":0.1,""z"":0.2}",2025-12-11 15:36:01.526704+00
856e1b7e-e962-4f95-8524-276b04474291,f565c08a-5fb8-41c5-9da7-e2a5dc1a6af8,3b48eed5-6ece-4eb8-8c88-b5e645839385,2025-12-11 15:36:01.093+00,64360,"{""x"":-0.1,""y"":9.9,""z"":0.8}",2025-12-11 15:36:01.61179+00
d6307815-cd86-4f5c-85b1-c239f5a65045,f565c08a-5fb8-41c5-9da7-e2a5dc1a6af8,ac98dfca-0ee5-4d28-8657-4d29dbfc8f09,2025-12-11 15:36:01.186+00,64453,"{""x"":0.1,""y"":9.8,""z"":0.6000000000000001}",2025-12-11 15:36:01.696735+00
2493b1cb-a1e5-4cc0-9ccf-9b9515f2570e,f565c08a-5fb8-41c5-9da7-e2a5dc1a6af8,ac98dfca-0ee5-4d28-8657-4d29dbfc8f09,2025-12-11 15:36:01.362+00,64629,"{""x"":0.2,""y"":9.8,""z"":0.6000000000000001}",2025-12-11 15:36:01.871068+00
b26c2aa8-012c-4d97-b011-c9d8fbacd180,f565c08a-5fb8-41c5-9da7-e2a5dc1a6af8,c850391c-5cf3-4b3f-9fac-26438f5a9353,2025-12-11 15:36:01.5+00,64767,"{""quaternion"":[0.4809592142300126,0.48772199469948313,0.5256019091871496,0.5045276238150193]}",2025-12-11 15:36:02.012148+00
829e2ced-a1a2-4ec8-b089-daffb4454060,f565c08a-5fb8-41c5-9da7-e2a5dc1a6af8,98a08aec-2fa6-4f63-9386-0f43015d701c,2025-12-11 15:36:01.652+00,64919,"{""x"":-0.2,""y"":-0.1,""z"":0.1}",2025-12-11 15:36:02.190965+00
db041df5-68db-4b29-982c-154c778f508b,f565c08a-5fb8-41c5-9da7-e2a5dc1a6af8,98a08aec-2fa6-4f63-9386-0f43015d701c,2025-12-11 15:36:01.848+00,65115,"{""x"":0,""y"":0.1,""z"":-0.1}",2025-12-11 15:36:02.366877+00
5e404b70-d0fd-4eda-9921-5e8eafc47e66,f565c08a-5fb8-41c5-9da7-e2a5dc1a6af8,98a08aec-2fa6-4f63-9386-0f43015d701c,2025-12-11 15:36:01.94+00,65207,"{""x"":-0.2,""y"":0,""z"":0.4}",2025-12-11 15:36:02.450243+00
a40c5d07-60c2-423b-b10c-f600e39c2478,f565c08a-5fb8-41c5-9da7-e2a5dc1a6af8,98a08aec-2fa6-4f63-9386-0f43015d701c,2025-12-11 15:36:02.03+00,65297,"{""x"":0.1,""y"":-0.1,""z"":-0.2}",2025-12-11 15:36:02.53499+00
d1488445-bd5b-4148-b8fc-60a8ecf3face,f565c08a-5fb8-41c5-9da7-e2a5dc1a6af8,98a08aec-2fa6-4f63-9386-0f43015d701c,2025-12-11 15:36:02.122+00,65389,"{""x"":0.2,""y"":-0.1,""z"":-0.2}",2025-12-11 15:36:02.730861+00
350f2a81-64c4-4db3-b8a0-b13dcc6303cd,f565c08a-5fb8-41c5-9da7-e2a5dc1a6af8,c850391c-5cf3-4b3f-9fac-26438f5a9353,2025-12-11 15:36:02.546+00,65813,"{""quaternion"":[0.4804679573725313,0.48722383026609317,0.5250650538061651,0.5060337641211637]}",2025-12-11 15:36:03.054854+00
7accdf33-7144-42db-9c51-20617dee5acf,f565c08a-5fb8-41c5-9da7-e2a5dc1a6af8,3b48eed5-6ece-4eb8-8c88-b5e645839385,2025-12-11 15:36:02.864+00,66131,"{""x"":0.2,""y"":9.600000000000001,""z"":1.2000000000000002}",2025-12-11 15:36:03.385207+00
abd2420f-cd6b-4e5d-a63a-d8f8d1a65e03,f565c08a-5fb8-41c5-9da7-e2a5dc1a6af8,c850391c-5cf3-4b3f-9fac-26438f5a9353,2025-12-11 15:36:02.962+00,66229,"{""quaternion"":[0.478988043765194,0.4823437383549912,0.5272823918180076,0.5097923609455183]}",2025-12-11 15:36:03.490628+00
a3ceaa24-5b8b-4d6d-bbaf-a562390b99ae,f565c08a-5fb8-41c5-9da7-e2a5dc1a6af8,3b48eed5-6ece-4eb8-8c88-b5e645839385,2025-12-11 15:36:03.143+00,66410,"{""x"":0.1,""y"":9.700000000000001,""z"":1.1}",2025-12-11 15:36:03.646326+00
a2e8dd7c-0aa7-49fb-a619-540d0f87e8ae,f565c08a-5fb8-41c5-9da7-e2a5dc1a6af8,ac98dfca-0ee5-4d28-8657-4d29dbfc8f09,2025-12-11 15:36:03.344+00,66611,"{""x"":0.1,""y"":9.8,""z"":0.6000000000000001}",2025-12-11 15:36:03.862649+00
4e71d79a-52d6-4dfd-b666-29d7947884fb,f565c08a-5fb8-41c5-9da7-e2a5dc1a6af8,d4ad2653-b430-40c2-9f47-bdc140119c57,2025-12-11 15:36:03.477+00,66744,"{""x"":0.03316125578789226,""y"":0.05759586531581288,""z"":-0.012217304763960306}",2025-12-11 15:36:04.013021+00
36d26f31-6b1d-4c26-9f95-bfc7674349ff,f565c08a-5fb8-41c5-9da7-e2a5dc1a6af8,3b48eed5-6ece-4eb8-8c88-b5e645839385,2025-12-11 15:36:03.652+00,66919,"{""x"":0.4,""y"":9.8,""z"":0.5}",2025-12-11 15:36:04.170394+00
1676dccb-a52e-4aba-9893-c3541d162af3,f565c08a-5fb8-41c5-9da7-e2a5dc1a6af8,3b48eed5-6ece-4eb8-8c88-b5e645839385,2025-12-11 15:36:03.737+00,67004,"{""x"":-0.2,""y"":9.700000000000001,""z"":0.5}",2025-12-11 15:36:04.246165+00
c929eb69-33de-4b4a-8022-07f91690bb60,f565c08a-5fb8-41c5-9da7-e2a5dc1a6af8,d4ad2653-b430-40c2-9f47-bdc140119c57,2025-12-11 15:36:03.791+00,67058,"{""x"":0.12740903539558607,""y"":-0.06981317007977318,""z"":0.015707963267948967}",2025-12-11 15:36:04.306933+00
7a7ff936-e908-4643-8705-8c3b228078df,f565c08a-5fb8-41c5-9da7-e2a5dc1a6af8,d4ad2653-b430-40c2-9f47-bdc140119c57,2025-12-11 15:36:03.888+00,67155,"{""x"":0.005235987755982989,""y"":0.013962634015954637,""z"":-0.05061454830783556}",2025-12-11 15:36:04.406198+00
be7b49ad-c7af-4201-ba30-bdbe28aae7f7,f565c08a-5fb8-41c5-9da7-e2a5dc1a6af8,c850391c-5cf3-4b3f-9fac-26438f5a9353,2025-12-11 15:36:03.975+00,67242,"{""quaternion"":[0.47293875549590997,0.4762520699800206,0.5206231792782717,0.527697266041724]}",2025-12-11 15:36:04.47886+00
bc6fa201-b453-4beb-9c7b-633816422f00,f565c08a-5fb8-41c5-9da7-e2a5dc1a6af8,d4ad2653-b430-40c2-9f47-bdc140119c57,2025-12-11 15:36:03.983+00,67250,"{""x"":-0.07330382858376185,""y"":-0.0645771823237902,""z"":0.04014257279586958}",2025-12-11 15:36:04.488995+00
9a0f4481-b8af-4955-8aff-72504dff2afe,f565c08a-5fb8-41c5-9da7-e2a5dc1a6af8,d4ad2653-b430-40c2-9f47-bdc140119c57,2025-12-11 15:36:04.07+00,67337,"{""x"":-0.029670597283903602,""y"":-0.08203047484373349,""z"":-0.0645771823237902}",2025-12-11 15:36:04.586397+00
ceb54e25-b5f1-4066-a59c-5b7005117d3b,f565c08a-5fb8-41c5-9da7-e2a5dc1a6af8,3b48eed5-6ece-4eb8-8c88-b5e645839385,2025-12-11 15:36:04.188+00,67455,"{""x"":0.30000000000000004,""y"":9.8,""z"":0.7000000000000001}",2025-12-11 15:36:04.695922+00
9ca4f82f-4d84-4316-9a1e-02b03f6677a5,f565c08a-5fb8-41c5-9da7-e2a5dc1a6af8,98a08aec-2fa6-4f63-9386-0f43015d701c,2025-12-11 15:36:04.259+00,67526,"{""x"":0.2,""y"":-0.1,""z"":0.1}",2025-12-11 15:36:04.772399+00
d44fa147-b372-4a4d-ab5f-e81997ab41f5,f565c08a-5fb8-41c5-9da7-e2a5dc1a6af8,d4ad2653-b430-40c2-9f47-bdc140119c57,2025-12-11 15:36:04.279+00,67546,"{""x"":-0.19722220547535924,""y"":-0.10297442586766545,""z"":0.027925268031909273}",2025-12-11 15:36:04.799052+00
b023a8bd-a432-4fd8-ba17-7afe413a6266,f565c08a-5fb8-41c5-9da7-e2a5dc1a6af8,98a08aec-2fa6-4f63-9386-0f43015d701c,2025-12-11 15:35:54.836+00,58103,"{""x"":0.1,""y"":0,""z"":0}",2025-12-11 15:35:55.356825+00
88e927b0-96d8-44da-ac59-8e9bb82f9c32,f565c08a-5fb8-41c5-9da7-e2a5dc1a6af8,ac98dfca-0ee5-4d28-8657-4d29dbfc8f09,2025-12-11 15:35:59.661+00,62928,"{""x"":0,""y"":9.8,""z"":0.6000000000000001}",2025-12-11 15:36:00.174933+00
979623dd-c659-45b0-8f9f-978ef9209c67,f565c08a-5fb8-41c5-9da7-e2a5dc1a6af8,3b48eed5-6ece-4eb8-8c88-b5e645839385,2025-12-11 15:35:59.85+00,63117,"{""x"":0.30000000000000004,""y"":9.700000000000001,""z"":0.9}",2025-12-11 15:36:00.375024+00
417f4f5c-aab2-4102-812e-752e894497c8,f565c08a-5fb8-41c5-9da7-e2a5dc1a6af8,d4ad2653-b430-40c2-9f47-bdc140119c57,2025-12-11 15:36:00.072+00,63339,"{""x"":-0.027925268031909273,""y"":0.03665191429188092,""z"":-0.012217304763960306}",2025-12-11 15:36:00.575389+00
3354fae3-fdf0-4c3f-a294-6a9676d3d4de,f565c08a-5fb8-41c5-9da7-e2a5dc1a6af8,3b48eed5-6ece-4eb8-8c88-b5e645839385,2025-12-11 15:36:00.174+00,63441,"{""x"":0.2,""y"":9.8,""z"":0.6000000000000001}",2025-12-11 15:36:00.676414+00
6ace1bda-102d-43f5-8681-8b7dd36c26e9,f565c08a-5fb8-41c5-9da7-e2a5dc1a6af8,d4ad2653-b430-40c2-9f47-bdc140119c57,2025-12-11 15:36:00.325+00,63592,"{""x"":0.020943951023931956,""y"":-0.029670597283903602,""z"":-0.04537856055185257}",2025-12-11 15:36:00.83759+00
071bc1bb-28a1-45ad-83ff-cd8a27aef423,f565c08a-5fb8-41c5-9da7-e2a5dc1a6af8,ac98dfca-0ee5-4d28-8657-4d29dbfc8f09,2025-12-11 15:36:00.452+00,63719,"{""x"":0,""y"":9.8,""z"":0.6000000000000001}",2025-12-11 15:36:00.972421+00
526e05cc-f645-4929-8914-328d5995c39e,f565c08a-5fb8-41c5-9da7-e2a5dc1a6af8,baf037ae-fcf3-4ef7-a040-1a876ff3dcb7,2025-12-11 15:36:00.656+00,63923,"{""speed"":0.0005400276859290898,""heading"":null,""accuracy"":13.913999557495117,""altitude"":359.1000061035156,""latitude"":46.0672668,""longitude"":14.4881877}",2025-12-11 15:36:01.155847+00
80878cc0-e381-4a89-bcbe-d533129972de,f565c08a-5fb8-41c5-9da7-e2a5dc1a6af8,ac98dfca-0ee5-4d28-8657-4d29dbfc8f09,2025-12-11 15:36:01+00,64267,"{""x"":0.1,""y"":9.8,""z"":0.6000000000000001}",2025-12-11 15:36:01.50076+00
4d2aa1b3-69b4-4975-b62c-5938d41b67ef,f565c08a-5fb8-41c5-9da7-e2a5dc1a6af8,d4ad2653-b430-40c2-9f47-bdc140119c57,2025-12-11 15:36:01.036+00,64303,"{""x"":0.07504915783575618,""y"":-0.05061454830783556,""z"":0.05061454830783556}",2025-12-11 15:36:01.553726+00
27297bfd-6bcb-41f4-9827-99de5bf66b34,f565c08a-5fb8-41c5-9da7-e2a5dc1a6af8,98a08aec-2fa6-4f63-9386-0f43015d701c,2025-12-11 15:36:01.123+00,64390,"{""x"":-0.1,""y"":0,""z"":0.1}",2025-12-11 15:36:01.634596+00
491f2cb1-bb43-42d3-b305-f51c93c8dbf3,f565c08a-5fb8-41c5-9da7-e2a5dc1a6af8,d4ad2653-b430-40c2-9f47-bdc140119c57,2025-12-11 15:36:01.211+00,64478,"{""x"":-0.031415926535897934,""y"":0.03316125578789226,""z"":-0.022689280275926284}",2025-12-11 15:36:01.714952+00
bfc636dd-5db3-45a6-8fdb-0d3fed8cee2a,f565c08a-5fb8-41c5-9da7-e2a5dc1a6af8,d4ad2653-b430-40c2-9f47-bdc140119c57,2025-12-11 15:36:01.307+00,64573,"{""x"":-0.061086523819801536,""y"":-0.03316125578789226,""z"":-0.003490658503988659}",2025-12-11 15:36:01.811959+00
bcb62ca3-118c-4e44-83bc-6336f2dc2004,f565c08a-5fb8-41c5-9da7-e2a5dc1a6af8,ac98dfca-0ee5-4d28-8657-4d29dbfc8f09,2025-12-11 15:36:01.732+00,64999,"{""x"":0.2,""y"":9.8,""z"":0.6000000000000001}",2025-12-11 15:36:02.249026+00
169353ef-b7d3-4e6e-bd75-d9337e1cf982,f565c08a-5fb8-41c5-9da7-e2a5dc1a6af8,ac98dfca-0ee5-4d28-8657-4d29dbfc8f09,2025-12-11 15:36:01.81+00,65077,"{""x"":0.2,""y"":9.8,""z"":0.6000000000000001}",2025-12-11 15:36:02.31458+00
1529c560-7ceb-47a1-9cc1-f01b1d17410f,f565c08a-5fb8-41c5-9da7-e2a5dc1a6af8,3b48eed5-6ece-4eb8-8c88-b5e645839385,2025-12-11 15:36:01.875+00,65142,"{""x"":-0.1,""y"":9.700000000000001,""z"":0.8}",2025-12-11 15:36:02.388398+00
95228974-6446-40cd-9c66-d6cdf35a23d6,f565c08a-5fb8-41c5-9da7-e2a5dc1a6af8,d4ad2653-b430-40c2-9f47-bdc140119c57,2025-12-11 15:36:02.419+00,65686,"{""x"":-0.06632251157578452,""y"":0.03839724354387525,""z"":0.020943951023931956}",2025-12-11 15:36:02.930331+00
a72d0c0e-038f-4307-a5c3-41675516a3cb,f565c08a-5fb8-41c5-9da7-e2a5dc1a6af8,3b48eed5-6ece-4eb8-8c88-b5e645839385,2025-12-11 15:36:02.745+00,66012,"{""x"":0.2,""y"":9.8,""z"":0.6000000000000001}",2025-12-11 15:36:03.262507+00
f3721d61-1883-4661-b76f-ddfbd2d33055,f565c08a-5fb8-41c5-9da7-e2a5dc1a6af8,98a08aec-2fa6-4f63-9386-0f43015d701c,2025-12-11 15:36:02.849+00,66116,"{""x"":-0.2,""y"":0,""z"":0.1}",2025-12-11 15:36:03.372513+00
a5361160-fc84-472b-946f-680faf1ccd3d,f565c08a-5fb8-41c5-9da7-e2a5dc1a6af8,d4ad2653-b430-40c2-9f47-bdc140119c57,2025-12-11 15:36:03.119+00,66386,"{""x"":-0.03490658503988659,""y"":-0.022689280275926284,""z"":0.04363323129985824}",2025-12-11 15:36:03.635639+00
d6bf8dfe-7187-4873-ae96-e5295a9f62c8,f565c08a-5fb8-41c5-9da7-e2a5dc1a6af8,3b48eed5-6ece-4eb8-8c88-b5e645839385,2025-12-11 15:36:03.393+00,66659,"{""x"":-0.30000000000000004,""y"":9.9,""z"":0.9}",2025-12-11 15:36:03.971822+00
f3f283c8-8117-4f5f-95ac-76d2cfd598e5,f565c08a-5fb8-41c5-9da7-e2a5dc1a6af8,ac98dfca-0ee5-4d28-8657-4d29dbfc8f09,2025-12-11 15:36:03.446+00,66713,"{""x"":0.1,""y"":9.8,""z"":0.6000000000000001}",2025-12-11 15:36:04.013134+00
2d3c6448-6a10-4d08-af85-d3b806d3e739,f565c08a-5fb8-41c5-9da7-e2a5dc1a6af8,ac98dfca-0ee5-4d28-8657-4d29dbfc8f09,2025-12-11 15:36:03.61+00,66877,"{""x"":0.1,""y"":9.8,""z"":0.7000000000000001}",2025-12-11 15:36:04.116316+00
862542cd-7fa5-4784-9803-4e589bdc5132,f565c08a-5fb8-41c5-9da7-e2a5dc1a6af8,c850391c-5cf3-4b3f-9fac-26438f5a9353,2025-12-11 15:36:03.791+00,67058,"{""quaternion"":[0.47350528395908176,0.4751610206921922,0.5240937414103813,0.5247289783231452]}",2025-12-11 15:36:04.306933+00
80bf2162-26ed-4f44-a38c-8f6e39609d5f,f565c08a-5fb8-41c5-9da7-e2a5dc1a6af8,98a08aec-2fa6-4f63-9386-0f43015d701c,2025-12-11 15:36:03.801+00,67067,"{""x"":0,""y"":0,""z"":-0.1}",2025-12-11 15:36:04.313509+00
0c5a65ec-13e6-4bab-91da-8881e2ca5afe,f565c08a-5fb8-41c5-9da7-e2a5dc1a6af8,ac98dfca-0ee5-4d28-8657-4d29dbfc8f09,2025-12-11 15:36:03.896+00,67163,"{""x"":0.1,""y"":9.8,""z"":0.7000000000000001}",2025-12-11 15:36:04.404508+00
691126ce-10cf-4b26-a7e4-db5fc2ba215b,f565c08a-5fb8-41c5-9da7-e2a5dc1a6af8,c850391c-5cf3-4b3f-9fac-26438f5a9353,2025-12-11 15:36:03.892+00,67159,"{""quaternion"":[0.47319496960716007,0.4765100790761731,0.5209052263797725,0.5269557954966775]}",2025-12-11 15:36:04.405588+00
de7e3c80-a0da-4424-80b7-6155e5a6e092,f565c08a-5fb8-41c5-9da7-e2a5dc1a6af8,ac98dfca-0ee5-4d28-8657-4d29dbfc8f09,2025-12-11 15:36:03.983+00,67250,"{""x"":0.1,""y"":9.8,""z"":0.7000000000000001}",2025-12-11 15:36:04.500495+00
7437fa81-1d06-4856-b26e-3203f5e486b1,f565c08a-5fb8-41c5-9da7-e2a5dc1a6af8,98a08aec-2fa6-4f63-9386-0f43015d701c,2025-12-11 15:36:04.075+00,67342,"{""x"":0.2,""y"":0,""z"":-0.2}",2025-12-11 15:36:04.588171+00
8c2ef436-a106-4856-8a8e-f96985dd68a7,f565c08a-5fb8-41c5-9da7-e2a5dc1a6af8,3b48eed5-6ece-4eb8-8c88-b5e645839385,2025-12-11 15:36:04.298+00,67565,"{""x"":0.4,""y"":9.700000000000001,""z"":0.8}",2025-12-11 15:36:04.817175+00
bdd6fac2-4b55-4a55-bced-001714863e23,f565c08a-5fb8-41c5-9da7-e2a5dc1a6af8,c850391c-5cf3-4b3f-9fac-26438f5a9353,2025-12-11 15:36:04.389+00,67656,"{""quaternion"":[0.4714559211503442,0.4797570308230736,0.5217489866746817,0.5247289783231452]}",2025-12-11 15:36:04.903992+00
1b8915a0-7c7d-4d64-9cee-f01f06ed1bcb,f565c08a-5fb8-41c5-9da7-e2a5dc1a6af8,98a08aec-2fa6-4f63-9386-0f43015d701c,2025-12-11 15:36:04.425+00,67692,"{""x"":-0.30000000000000004,""y"":0.1,""z"":-0.1}",2025-12-11 15:36:04.965487+00
90869b59-33ff-4a52-995d-0810942052e1,f565c08a-5fb8-41c5-9da7-e2a5dc1a6af8,98a08aec-2fa6-4f63-9386-0f43015d701c,2025-12-11 15:36:04.537+00,67804,"{""x"":0.1,""y"":0,""z"":0.30000000000000004}",2025-12-11 15:36:05.055415+00
91fc0e55-cfae-4a71-b673-1ca5b2fc6433,f565c08a-5fb8-41c5-9da7-e2a5dc1a6af8,98a08aec-2fa6-4f63-9386-0f43015d701c,2025-12-11 15:36:04.636+00,67903,"{""x"":-0.1,""y"":0.1,""z"":0.1}",2025-12-11 15:36:05.143394+00
263c04fc-ea24-4da2-9b44-5221458a1bd1,f565c08a-5fb8-41c5-9da7-e2a5dc1a6af8,ac98dfca-0ee5-4d28-8657-4d29dbfc8f09,2025-12-11 15:36:04.657+00,67924,"{""x"":0,""y"":9.8,""z"":1}",2025-12-11 15:36:05.172934+00
ecdf8d28-2448-4f93-b073-f52372aec9f7,f565c08a-5fb8-41c5-9da7-e2a5dc1a6af8,ac98dfca-0ee5-4d28-8657-4d29dbfc8f09,2025-12-11 15:36:04.748+00,68015,"{""x"":0,""y"":9.8,""z"":1}",2025-12-11 15:36:05.267971+00
ad46afc1-6a6f-4dc6-b666-90e6e9693a80,f565c08a-5fb8-41c5-9da7-e2a5dc1a6af8,d4ad2653-b430-40c2-9f47-bdc140119c57,2025-12-11 15:36:04.772+00,68039,"{""x"":0.020943951023931956,""y"":0.04188790204786391,""z"":0}",2025-12-11 15:36:05.277177+00
ae53d1be-1782-4488-b57f-2e285d0afa98,f565c08a-5fb8-41c5-9da7-e2a5dc1a6af8,ac98dfca-0ee5-4d28-8657-4d29dbfc8f09,2025-12-11 15:36:04.838+00,68105,"{""x"":-0.1,""y"":9.8,""z"":1}",2025-12-11 15:36:05.339335+00
90d9603e-1e6c-4d69-90ff-8d751951bcd1,f565c08a-5fb8-41c5-9da7-e2a5dc1a6af8,d4ad2653-b430-40c2-9f47-bdc140119c57,2025-12-11 15:36:04.862+00,68129,"{""x"":-0.03490658503988659,""y"":0.05759586531581288,""z"":0.003490658503988659}",2025-12-11 15:36:05.363437+00
805c376c-fe2c-4a56-b9f7-6e4b8714227b,f565c08a-5fb8-41c5-9da7-e2a5dc1a6af8,98a08aec-2fa6-4f63-9386-0f43015d701c,2025-12-11 15:36:04.92+00,68187,"{""x"":-0.2,""y"":0,""z"":0.1}",2025-12-11 15:36:05.419257+00
3170466c-2691-43d6-b1fb-cacf1ebcb50f,f565c08a-5fb8-41c5-9da7-e2a5dc1a6af8,d4ad2653-b430-40c2-9f47-bdc140119c57,2025-12-11 15:36:04.957+00,68224,"{""x"":0.1291543646475804,""y"":0.11344640137963143,""z"":-0.14311699866353503}",2025-12-11 15:36:05.466558+00
c86f3b25-622a-4a7c-b4eb-d04e8ddbd9e4,f565c08a-5fb8-41c5-9da7-e2a5dc1a6af8,3b48eed5-6ece-4eb8-8c88-b5e645839385,2025-12-11 15:36:04.997+00,68263,"{""x"":-0.5,""y"":9.9,""z"":1.3}",2025-12-11 15:36:05.499124+00
719e7f9b-648e-427a-9825-0a70ca78f336,f565c08a-5fb8-41c5-9da7-e2a5dc1a6af8,c850391c-5cf3-4b3f-9fac-26438f5a9353,2025-12-11 15:36:05.034+00,68301,"{""quaternion"":[0.4714559211503442,0.4797570308230736,0.5217489866746817,0.5247289783231452]}",2025-12-11 15:36:05.545557+00
9c8f1963-315e-4558-b0f9-25ac0b016a31,f565c08a-5fb8-41c5-9da7-e2a5dc1a6af8,c850391c-5cf3-4b3f-9fac-26438f5a9353,2025-12-11 15:35:54.865+00,58132,"{""quaternion"":[0.4786317052190431,0.4870591617417532,0.5239865463667835,0.5090414157503712]}",2025-12-11 15:35:55.379079+00
ab77b429-3d6c-4ac4-bb04-546fd2d41277,f565c08a-5fb8-41c5-9da7-e2a5dc1a6af8,c850391c-5cf3-4b3f-9fac-26438f5a9353,2025-12-11 15:36:02.371+00,65638,"{""quaternion"":[0.4811106863121174,0.4878755966346154,0.5238699641075711,0.5060337641211637]}",2025-12-11 15:36:02.877674+00
df92552e-0b02-43cb-be85-312c45d3309d,f565c08a-5fb8-41c5-9da7-e2a5dc1a6af8,d4ad2653-b430-40c2-9f47-bdc140119c57,2025-12-11 15:36:02.614+00,65881,"{""x"":0.10297442586766545,""y"":-0.048869219055841226,""z"":-0.10821041362364843}",2025-12-11 15:36:03.123413+00
00cfb93c-f74d-44e0-a1c3-012b5710b58a,f565c08a-5fb8-41c5-9da7-e2a5dc1a6af8,baf037ae-fcf3-4ef7-a040-1a876ff3dcb7,2025-12-11 15:36:02.677+00,65944,"{""speed"":0.38890907168388367,""heading"":319.7167053222656,""accuracy"":13.668999671936035,""altitude"":359.1000061035156,""latitude"":46.0672749,""longitude"":14.4881778}",2025-12-11 15:36:03.190333+00
46c84c92-3e53-466b-bf65-e3609e871ff5,f565c08a-5fb8-41c5-9da7-e2a5dc1a6af8,98a08aec-2fa6-4f63-9386-0f43015d701c,2025-12-11 15:36:02.737+00,66004,"{""x"":-0.30000000000000004,""y"":0.1,""z"":-0.4}",2025-12-11 15:36:03.269219+00
8dd4af0f-a165-4df6-8cd9-f33ff6fbb550,f565c08a-5fb8-41c5-9da7-e2a5dc1a6af8,c850391c-5cf3-4b3f-9fac-26438f5a9353,2025-12-11 15:36:02.864+00,66131,"{""quaternion"":[0.4792865156966091,0.4843320568527917,0.5266384777089967,0.5082900828980423]}",2025-12-11 15:36:03.380076+00
ba871eb2-e080-49bd-a431-7d65554147cd,f565c08a-5fb8-41c5-9da7-e2a5dc1a6af8,98a08aec-2fa6-4f63-9386-0f43015d701c,2025-12-11 15:36:03.022+00,66289,"{""x"":0.2,""y"":0,""z"":-0.30000000000000004}",2025-12-11 15:36:03.543154+00
98682c1f-fd8d-4101-be0b-3467a7f2f37c,f565c08a-5fb8-41c5-9da7-e2a5dc1a6af8,d4ad2653-b430-40c2-9f47-bdc140119c57,2025-12-11 15:36:03.297+00,66564,"{""x"":-0.015707963267948967,""y"":-0.048869219055841226,""z"":-0.015707963267948967}",2025-12-11 15:36:03.805194+00
a9ec486c-ed54-4cc4-822d-f9c6b9c656cc,f565c08a-5fb8-41c5-9da7-e2a5dc1a6af8,d4ad2653-b430-40c2-9f47-bdc140119c57,2025-12-11 15:36:03.386+00,66653,"{""x"":-0.1117010721276371,""y"":-0.027925268031909273,""z"":0.024434609527920613}",2025-12-11 15:36:03.970358+00
67368bd9-a934-4e81-8f7a-2dbf2ff137cf,f565c08a-5fb8-41c5-9da7-e2a5dc1a6af8,c850391c-5cf3-4b3f-9fac-26438f5a9353,2025-12-11 15:36:03.436+00,66703,"{""quaternion"":[0.4760373460995924,0.4743785557402291,0.5269518082466638,0.5202645699620939]}",2025-12-11 15:36:04.009262+00
8387bc17-fa06-40fd-a818-96251b779464,f565c08a-5fb8-41c5-9da7-e2a5dc1a6af8,98a08aec-2fa6-4f63-9386-0f43015d701c,2025-12-11 15:36:03.41+00,66676,"{""x"":0,""y"":0,""z"":-0.2}",2025-12-11 15:36:04.015363+00
dfaa0243-695b-4043-b2d3-f3fb4774437a,f565c08a-5fb8-41c5-9da7-e2a5dc1a6af8,c850391c-5cf3-4b3f-9fac-26438f5a9353,2025-12-11 15:36:03.681+00,66948,"{""quaternion"":[0.4733517499211577,0.47170231773733756,0.5258649549482319,0.5262139236518696]}",2025-12-11 15:36:04.195456+00
ed975c4e-db4a-4fb9-903e-3181d4b61cd6,f565c08a-5fb8-41c5-9da7-e2a5dc1a6af8,98a08aec-2fa6-4f63-9386-0f43015d701c,2025-12-11 15:36:03.719+00,66986,"{""x"":-0.1,""y"":-0.1,""z"":0.2}",2025-12-11 15:36:04.23276+00
fa542c2f-ac22-4cae-b59c-3245bc87e8ae,f565c08a-5fb8-41c5-9da7-e2a5dc1a6af8,ac98dfca-0ee5-4d28-8657-4d29dbfc8f09,2025-12-11 15:36:03.797+00,67064,"{""x"":0.1,""y"":9.8,""z"":0.7000000000000001}",2025-12-11 15:36:04.309817+00
907dcc2a-56d0-442e-b7ff-6f1a97bd959f,f565c08a-5fb8-41c5-9da7-e2a5dc1a6af8,98a08aec-2fa6-4f63-9386-0f43015d701c,2025-12-11 15:36:03.899+00,67166,"{""x"":-0.1,""y"":0.1,""z"":-0.1}",2025-12-11 15:36:04.405275+00
f0a2ed4c-454d-457c-b524-f432fbdae436,f565c08a-5fb8-41c5-9da7-e2a5dc1a6af8,ac98dfca-0ee5-4d28-8657-4d29dbfc8f09,2025-12-11 15:36:04.081+00,67348,"{""x"":0.1,""y"":9.8,""z"":0.7000000000000001}",2025-12-11 15:36:04.594295+00
303986c5-7ac6-4122-b63a-2f86fdca2d69,f565c08a-5fb8-41c5-9da7-e2a5dc1a6af8,ac98dfca-0ee5-4d28-8657-4d29dbfc8f09,2025-12-11 15:36:04.19+00,67457,"{""x"":0.1,""y"":9.8,""z"":0.8}",2025-12-11 15:36:04.695538+00