x,y,z,timestamp
0.10821041362364843,-0.07853981633974483,-0.04188790204786391,2025-12-11T15:29:42.472+00:00
-0.1780235837034216,-0.17976891295541594,0.2635447170511438,2025-12-11T15:29:42.614+00:00
0.061086523819801536,0.08028514559173916,-0.03839724354387525,2025-12-11T15:29:47.638+00:00
-0.05235987755982989,-0.09599310885968813,0.061086523819801536,2025-12-11T15:29:47.74+00:00
0.0017453292519943296,0.0471238898038469,-0.024434609527920613,2025-12-11T15:29:47.841+00:00
0.06283185307179587,0.0645771823237902,-0.026179938779914945,2025-12-11T15:29:48.034+00:00
0.026179938779914945,-0.029670597283903602,0.03316125578789226,2025-12-11T15:29:48.2+00:00
-0.04363323129985824,0.08028514559173916,-0.03490658503988659,2025-12-11T15:29:48.278+00:00
-0.026179938779914945,0.03316125578789226,0.03490658503988659,2025-12-11T15:29:48.368+00:00
0.0017453292519943296,0.08726646259971647,-0.020943951023931956,2025-12-11T15:29:48.522+00:00
0.04537856055185257,0.11344640137963143,-0.022689280275926284,2025-12-11T15:29:49.022+00:00
-0.09599310885968813,0.019198621771937624,0.012217304763960306,2025-12-11T15:29:49.114+00:00
-0.010471975511965978,0.015707963267948967,-0.03665191429188092,2025-12-11T15:29:49.205+00:00
-0.031415926535897934,0.048869219055841226,-0.005235987755982989,2025-12-11T15:29:49.952+00:00
0.04014257279586958,0.05759586531581288,-0.04188790204786391,2025-12-11T15:29:50.048+00:00
0.06632251157578452,0.09075712110370514,-0.0767944870877505,2025-12-11T15:29:50.647+00:00
-0.026179938779914945,-0.08726646259971647,0.020943951023931956,2025-12-11T15:29:50.849+00:00
-0.031415926535897934,0.06283185307179587,0.04014257279586958,2025-12-11T15:29:54.037+00:00
0.42586033748661645,1.2042771838760875,0.42935099599060506,2025-12-11T15:30:54.521+00:00
-1.117010721276371,-1.0576695267085636,0.07330382858376185,2025-12-11T15:30:55.844+00:00
-0.4642575810304917,0.31590459461097364,-0.008726646259971648,2025-12-11T15:30:56.317+00:00
0.16057029118347832,0.5026548245743669,0.17278759594743862,2025-12-11T15:30:58.574+00:00
-0.029670597283903602,0.04363323129985824,-0.003490658503988659,2025-12-11T15:29:52.143+00:00
-0.019198621771937624,0.09075712110370514,-0.005235987755982989,2025-12-11T15:29:52.313+00:00
0.07155849933176751,-0.015707963267948967,-0.06632251157578452,2025-12-11T15:29:53.859+00:00
-0.031415926535897934,0.003490658503988659,0.0471238898038469,2025-12-11T15:29:54.224+00:00
-0.27576202181510406,0.5358160803622591,-0.08377580409572782,2025-12-11T15:30:56.4+00:00
0.2426007660272118,0.3368485456349056,-0.2426007660272118,2025-12-11T15:30:56.487+00:00
-0.019198621771937624,0.015707963267948967,-0.013962634015954637,2025-12-11T15:29:49.54+00:00
0.027925268031909273,-0.07330382858376185,0.03665191429188092,2025-12-11T15:29:50.224+00:00
-0.04188790204786391,-0.13264502315156904,0.024434609527920613,2025-12-11T15:29:51.127+00:00
0.05061454830783556,-0.061086523819801536,0.05061454830783556,2025-12-11T15:29:51.234+00:00
0.031415926535897934,-0.027925268031909273,0.017453292519943295,2025-12-11T15:29:51.493+00:00
-0.048869219055841226,0.06981317007977318,-0.003490658503988659,2025-12-11T15:29:53.379+00:00
0.10995574287564276,-0.0471238898038469,0.024434609527920613,2025-12-11T15:30:59.484+00:00
-0.09948376736367678,-0.08726646259971647,0.013962634015954637,2025-12-11T15:31:04.843+00:00
0.04188790204786391,0.012217304763960306,0.14835298641951802,2025-12-11T15:31:05.206+00:00
0.27401669256310973,0.2059488517353309,0.04363323129985824,2025-12-11T15:31:05.321+00:00
0.07504915783575618,-0.04537856055185257,0.006981317007977318,2025-12-11T15:29:50.143+00:00
-0.015707963267948967,-0.07155849933176751,0.015707963267948967,2025-12-11T15:29:52.42+00:00
0.08552113334772216,0.09250245035569947,-0.013962634015954637,2025-12-11T15:29:52.5+00:00
-0.08726646259971647,-0.054105206811824215,0.026179938779914945,2025-12-11T15:29:52.694+00:00
0.005235987755982989,-0.020943951023931956,-0.022689280275926284,2025-12-11T15:29:54.129+00:00
0.008726646259971648,0.019198621771937624,-0.054105206811824215,2025-12-11T15:29:54.429+00:00
-1.3857914260834976,-0.8656833089891874,0.38048177693476387,2025-12-11T15:30:54.608+00:00
1.2723450247038663,1.2583823906879117,-1.3334315485236679,2025-12-11T15:30:54.699+00:00
0.5462880558742251,0.4642575810304917,-0.32812189937493397,2025-12-11T15:31:00.379+00:00
0.10122909661567112,0.2670353755551324,-0.41538836197465046,2025-12-11T15:31:00.62+00:00
-0.022689280275926284,-0.003490658503988659,0.017453292519943295,2025-12-11T15:29:52.038+00:00
0.09599310885968813,0.03490658503988659,-0.029670597283903602,2025-12-11T15:29:52.222+00:00
0.03839724354387525,0.04363323129985824,0.008726646259971648,2025-12-11T15:29:53.463+00:00
0.16755160819145565,-0.32288591161895097,-0.054105206811824215,2025-12-11T15:31:00.843+00:00
0.1710422666954443,-0.024434609527920613,-0.061086523819801536,2025-12-11T15:31:04.995+00:00
-0.06632251157578452,0.13264502315156904,0.0645771823237902,2025-12-11T15:31:05.108+00:00
0.03665191429188092,0.14835298641951802,-0.07330382858376185,2025-12-11T15:31:05.785+00:00
0.34382986264288296,0.7312929565856241,-0.2932153143350474,2025-12-11T15:31:05.928+00:00
0.06632251157578452,-0.14311699866353503,-0.005235987755982989,2025-12-11T15:31:06.161+00:00
0.026179938779914945,0.03839724354387525,0.010471975511965978,2025-12-11T15:29:49.333+00:00
-0.059341194567807204,-0.07330382858376185,0.07504915783575618,2025-12-11T15:29:50.453+00:00
-0.04188790204786391,-0.0017453292519943296,-0.0017453292519943296,2025-12-11T15:29:51.752+00:00
-0.005235987755982989,-0.027925268031909273,0.026179938779914945,2025-12-11T15:29:52.595+00:00
0.04363323129985824,0.019198621771937624,-0.006981317007977318,2025-12-11T15:29:52.787+00:00
-0.08552113334772216,-0.05061454830783556,0.03490658503988659,2025-12-11T15:29:53.069+00:00
0.03316125578789226,-0.09250245035569947,-0.10297442586766545,2025-12-11T15:31:01.219+00:00
0.04188790204786391,-0.006981317007977318,0.09773843811168245,2025-12-11T15:31:01.462+00:00
-0.03490658503988659,0.16929693744344998,0.10821041362364843,2025-12-11T15:31:04.357+00:00
0.026179938779914945,0.015707963267948967,0.003490658503988659,2025-12-11T15:29:49.442+00:00
-0.06981317007977318,0.010471975511965978,0.008726646259971648,2025-12-11T15:29:50.347+00:00
-0.061086523819801536,0.03316125578789226,0.017453292519943295,2025-12-11T15:29:50.755+00:00
0.005235987755982989,0.005235987755982989,-0.026179938779914945,2025-12-11T15:29:50.941+00:00
0.059341194567807204,0.09075712110370514,0.006981317007977318,2025-12-11T15:29:51.04+00:00
-0.031415926535897934,-0.061086523819801536,0.0471238898038469,2025-12-11T15:29:51.407+00:00
0.012217304763960306,0.048869219055841226,-0.07504915783575618,2025-12-11T15:29:51.583+00:00
-0.07155849933176751,0.04363323129985824,-0.0017453292519943296,2025-12-11T15:29:51.852+00:00
0.029670597283903602,-0.1117010721276371,-0.010471975511965978,2025-12-11T15:29:52.981+00:00
-0.03665191429188092,-0.024434609527920613,0.006981317007977318,2025-12-11T15:29:54.523+00:00
-0.006981317007977318,-0.06283185307179587,0.03490658503988659,2025-12-11T15:31:04.486+00:00
0.10646508437165411,0.04363323129985824,-0.153588974175501,2025-12-11T15:31:04.594+00:00
0.06981317007977318,0.03665191429188092,-0.06806784082777885,2025-12-11T15:29:49.741+00:00
0.015707963267948967,0.012217304763960306,-0.0017453292519943296,2025-12-11T15:29:50.56+00:00
0.05235987755982989,0.04363323129985824,-0.054105206811824215,2025-12-11T15:29:51.675+00:00
0.07504915783575618,0.07504915783575618,-0.0890117918517108,2025-12-11T15:29:53.661+00:00
0.08203047484373349,0.3036872898470134,-0.17453292519943295,2025-12-11T15:31:05.679+00:00
-0.11693705988362008,0.04014257279586958,0.09250245035569947,2025-12-11T15:31:06.295+00:00
0.18151424220741028,-0.0890117918517108,-0.031415926535897934,2025-12-11T15:31:06.557+00:00
0.015707963267948967,-0.005235987755982989,-0.006981317007977318,2025-12-11T15:29:49.646+00:00
0.04014257279586958,0.03490658503988659,-0.029670597283903602,2025-12-11T15:29:51.946+00:00
0.06806784082777885,0.005235987755982989,0.013962634015954637,2025-12-11T15:29:53.552+00:00
0.04188790204786391,0.012217304763960306,0.061086523819801536,2025-12-11T15:29:53.764+00:00
-0.04363323129985824,0.008726646259971648,0.029670597283903602,2025-12-11T15:29:53.956+00:00
0.020943951023931956,0.10821041362364843,-0.07155849933176751,2025-12-11T15:29:54.329+00:00
0.7016223593017205,-0.5846852994181004,0.19896753472735357,2025-12-11T15:30:54.803+00:00
0.14311699866353503,-0.20245819323134223,-0.03490658503988659,2025-12-11T15:31:01.696+00:00
0.21467549799530253,0.015707963267948967,0.010471975511965978,2025-12-11T15:31:06.667+00:00
0.05235987755982989,0.13788101090755203,-0.0767944870877505,2025-12-11T15:29:49.847+00:00
0.017453292519943295,-0.06283185307179587,-0.054105206811824215,2025-12-11T15:29:51.326+00:00
0.012217304763960306,-0.017453292519943295,0.010471975511965978,2025-12-11T15:29:53.16+00:00
0.013962634015954637,-0.029670597283903602,-0.005235987755982989,2025-12-11T15:29:53.269+00:00
0.010471975511965978,-0.03316125578789226,0.010471975511965978,2025-12-11T15:29:54.611+00:00
0.029670597283903602,0.048869219055841226,-0.03665191429188092,2025-12-11T15:29:54.71+00:00
0.04188790204786391,0.05759586531581288,-0.03665191429188092,2025-12-11T15:29:54.801+00:00
0.04188790204786391,0.003490658503988659,-0.019198621771937624,2025-12-11T15:29:54.893+00:00
0.003490658503988659,-0.006981317007977318,-0.04188790204786391,2025-12-11T15:29:54.982+00:00
0.054105206811824215,0.04188790204786391,-0.059341194567807204,2025-12-11T15:29:56.339+00:00
0.008726646259971648,0.03316125578789226,-0.03839724354387525,2025-12-11T15:29:57.482+00:00
0.029670597283903602,0.05585053606381855,-0.06632251157578452,2025-12-11T15:29:58.414+00:00
-0.07330382858376185,0.048869219055841226,0.06806784082777885,2025-12-11T15:29:59.326+00:00
-0.026179938779914945,-0.11693705988362008,0.003490658503988659,2025-12-11T15:30:03.659+00:00
-0.06632251157578452,0.0,0.054105206811824215,2025-12-11T15:30:04.559+00:00
0.0017453292519943296,0.05235987755982989,0.006981317007977318,2025-12-11T15:29:55.062+00:00
-0.05061454830783556,-0.06981317007977318,0.06283185307179587,2025-12-11T15:29:56.177+00:00
0.005235987755982989,0.024434609527920613,0.019198621771937624,2025-12-11T15:29:57.108+00:00
-0.027925268031909273,-0.0017453292519943296,0.015707963267948967,2025-12-11T15:29:57.771+00:00
-0.03490658503988659,-0.08726646259971647,0.0890117918517108,2025-12-11T15:30:01.428+00:00
0.029670597283903602,0.017453292519943295,-0.05235987755982989,2025-12-11T15:30:01.511+00:00
-0.07853981633974483,0.0645771823237902,-0.005235987755982989,2025-12-11T15:30:04.063+00:00
0.0017453292519943296,-0.03665191429188092,0.003490658503988659,2025-12-11T15:30:05.09+00:00
-0.05061454830783556,-0.020943951023931956,0.019198621771937624,2025-12-11T15:29:56.842+00:00
0.027925268031909273,0.08552113334772216,-0.06632251157578452,2025-12-11T15:29:57.018+00:00
-0.031415926535897934,-0.06632251157578452,-0.03839724354387525,2025-12-11T15:29:59.123+00:00
0.017453292519943295,-0.05235987755982989,0.054105206811824215,2025-12-11T15:29:59.222+00:00
-0.06806784082777885,0.1239183768915974,0.019198621771937624,2025-12-11T15:30:00.275+00:00
-0.16580627893946132,0.010471975511965978,0.03665191429188092,2025-12-11T15:30:00.543+00:00
0.059341194567807204,-0.015707963267948967,-0.0471238898038469,2025-12-11T15:30:03.845+00:00
-0.019198621771937624,-0.005235987755982989,0.03490658503988659,2025-12-11T15:29:57.395+00:00
-0.0471238898038469,0.0471238898038469,-0.008726646259971648,2025-12-11T15:29:59.007+00:00
-0.08377580409572782,0.04188790204786391,-0.13089969389957473,2025-12-11T15:29:59.881+00:00
-0.0017453292519943296,-0.04014257279586958,0.020943951023931956,2025-12-11T15:30:00.644+00:00
-0.059341194567807204,-0.04537856055185257,0.1361356816555577,2025-12-11T15:30:01.044+00:00
0.09599310885968813,0.013962634015954637,-0.10646508437165411,2025-12-11T15:30:01.14+00:00
0.029670597283903602,0.08028514559173916,-0.0017453292519943296,2025-12-11T15:30:04.657+00:00
0.0017453292519943296,-0.0017453292519943296,-0.019198621771937624,2025-12-11T15:30:04.856+00:00
-0.07155849933176751,-0.05235987755982989,0.019198621771937624,2025-12-11T15:30:04.983+00:00
0.05585053606381855,0.019198621771937624,0.026179938779914945,2025-12-11T15:29:55.98+00:00
-0.04188790204786391,-0.06283185307179587,0.06283185307179587,2025-12-11T15:29:56.753+00:00
-0.03316125578789226,-0.048869219055841226,0.012217304763960306,2025-12-11T15:29:58.69+00:00
-0.0645771823237902,-0.03839724354387525,0.0017453292519943296,2025-12-11T15:29:58.782+00:00
0.1518436449235067,-0.06283185307179587,-0.026179938779914945,2025-12-11T15:29:59.791+00:00
0.1518436449235067,-0.08726646259971647,-0.04363323129985824,2025-12-11T15:30:00.733+00:00
-0.06806784082777885,-0.07504915783575618,0.09948376736367678,2025-12-11T15:30:01.228+00:00
0.027925268031909273,0.07853981633974483,-0.003490658503988659,2025-12-11T15:30:04.147+00:00
0.022689280275926284,0.0645771823237902,-0.027925268031909273,2025-12-11T15:30:04.245+00:00
-0.059341194567807204,-0.06632251157578452,0.022689280275926284,2025-12-11T15:29:55.162+00:00
-0.006981317007977318,-0.006981317007977318,0.0,2025-12-11T15:29:55.566+00:00
0.005235987755982989,-0.04188790204786391,0.010471975511965978,2025-12-11T15:29:55.65+00:00
0.013962634015954637,-0.0767944870877505,0.05061454830783556,2025-12-11T15:29:56.568+00:00
0.008726646259971648,0.005235987755982989,0.008726646259971648,2025-12-11T15:29:57.584+00:00
-0.05235987755982989,-0.013962634015954637,-0.012217304763960306,2025-12-11T15:29:58.333+00:00
-0.026179938779914945,0.03316125578789226,-0.04014257279586958,2025-12-11T15:29:58.506+00:00
0.0017453292519943296,0.13264502315156904,-0.022689280275926284,2025-12-11T15:30:00.167+00:00
0.10995574287564276,0.04363323129985824,-0.03839724354387525,2025-12-11T15:30:04.764+00:00
0.08726646259971647,-0.06981317007977318,-0.013962634015954637,2025-12-11T15:30:06.442+00:00
-0.05061454830783556,0.06632251157578452,-0.008726646259971648,2025-12-11T15:30:06.526+00:00
-0.19024088846738194,-0.04188790204786391,-0.026179938779914945,2025-12-11T15:30:06.731+00:00
0.008726646259971648,0.031415926535897934,-0.026179938779914945,2025-12-11T15:29:55.379+00:00
-0.026179938779914945,0.03490658503988659,-0.029670597283903602,2025-12-11T15:29:55.867+00:00
-0.04014257279586958,-0.022689280275926284,0.029670597283903602,2025-12-11T15:29:57.866+00:00
-0.06806784082777885,-0.06806784082777885,0.026179938779914945,2025-12-11T15:29:57.955+00:00
-0.006981317007977318,0.08726646259971647,-0.024434609527920613,2025-12-11T15:29:58.147+00:00
-0.013962634015954637,-0.013962634015954637,0.010471975511965978,2025-12-11T15:30:00.073+00:00
-0.003490658503988659,-0.10471975511965978,0.09250245035569947,2025-12-11T15:30:00.948+00:00
0.005235987755982989,-0.0645771823237902,0.013962634015954637,2025-12-11T15:30:01.338+00:00
0.04537856055185257,0.015707963267948967,-0.022689280275926284,2025-12-11T15:30:04.356+00:00
0.003490658503988659,-0.008726646259971648,0.012217304763960306,2025-12-11T15:30:04.454+00:00
-0.03839724354387525,-0.09075712110370514,0.03665191429188092,2025-12-11T15:30:05.324+00:00
-0.012217304763960306,-0.006981317007977318,0.020943951023931956,2025-12-11T15:29:55.248+00:00
0.017453292519943295,0.04014257279586958,-0.031415926535897934,2025-12-11T15:29:55.478+00:00
0.013962634015954637,-0.024434609527920613,0.019198621771937624,2025-12-11T15:29:58.057+00:00
-0.008726646259971648,0.015707963267948967,-0.03490658503988659,2025-12-11T15:29:58.239+00:00
0.0942477796076938,0.013962634015954637,-0.029670597283903602,2025-12-11T15:30:00.369+00:00
0.1117010721276371,0.0767944870877505,0.04537856055185257,2025-12-11T15:30:00.457+00:00
-0.0017453292519943296,0.0471238898038469,-0.005235987755982989,2025-12-11T15:30:03.951+00:00
-0.048869219055841226,0.012217304763960306,0.05061454830783556,2025-12-11T15:30:07.493+00:00
0.054105206811824215,-0.026179938779914945,-0.015707963267948967,2025-12-11T15:30:08.16+00:00
-0.16580627893946132,-0.19198621771937627,0.03490658503988659,2025-12-11T15:29:56.447+00:00
-0.013962634015954637,0.0767944870877505,-0.0471238898038469,2025-12-11T15:29:56.665+00:00
-0.059341194567807204,-0.04363323129985824,0.008726646259971648,2025-12-11T15:29:56.933+00:00
0.022689280275926284,0.0,-0.010471975511965978,2025-12-11T15:29:57.663+00:00
-0.04537856055185257,-0.0471238898038469,-0.048869219055841226,2025-12-11T15:29:58.601+00:00
0.005235987755982989,-0.048869219055841226,-0.008726646259971648,2025-12-11T15:30:01.602+00:00
-0.006981317007977318,0.0017453292519943296,0.0017453292519943296,2025-12-11T15:30:05.183+00:00
-0.06283185307179587,-0.6335545184739416,0.09250245035569947,2025-12-11T15:30:06.148+00:00
0.003490658503988659,-0.059341194567807204,0.07504915783575618,2025-12-11T15:30:06.994+00:00
0.153588974175501,-0.08028514559173916,0.012217304763960306,2025-12-11T15:30:07.081+00:00
-0.024434609527920613,-0.09948376736367678,0.006981317007977318,2025-12-11T15:29:55.774+00:00
0.04014257279586958,-0.08726646259971647,0.03490658503988659,2025-12-11T15:29:56.071+00:00
0.05061454830783556,-0.0017453292519943296,-0.05061454830783556,2025-12-11T15:29:56.239+00:00
0.06283185307179587,0.03316125578789226,-0.0471238898038469,2025-12-11T15:29:57.208+00:00
0.06283185307179587,0.05585053606381855,-0.029670597283903602,2025-12-11T15:29:57.303+00:00
0.1117010721276371,0.059341194567807204,-0.005235987755982989,2025-12-11T15:29:58.885+00:00
-0.1466076571675237,0.0645771823237902,0.017453292519943295,2025-12-11T15:29:59.438+00:00
0.010471975511965978,-0.1518436449235067,0.08028514559173916,2025-12-11T15:29:59.969+00:00
-0.12042771838760874,-0.11519173063162576,0.019198621771937624,2025-12-11T15:30:00.843+00:00
-0.08377580409572782,-0.026179938779914945,-0.015707963267948967,2025-12-11T15:30:03.746+00:00
-0.010471975511965978,0.06283185307179587,-0.006981317007977318,2025-12-11T15:30:05.754+00:00
0.012217304763960306,0.017453292519943295,-0.031415926535897934,2025-12-11T15:30:05.419+00:00
-0.3508111796508602,-0.08552113334772216,-0.0471238898038469,2025-12-11T15:30:06.254+00:00
-0.1466076571675237,-0.16755160819145565,0.08203047484373349,2025-12-11T15:30:17.31+00:00
0.012217304763960306,0.04363323129985824,-0.03665191429188092,2025-12-11T15:30:18.36+00:00
-0.16057029118347832,-0.024434609527920613,-0.08726646259971647,2025-12-11T15:30:18.897+00:00
-0.06283185307179587,-0.07504915783575618,0.024434609527920613,2025-12-11T15:30:07.702+00:00
-0.024434609527920613,0.12217304763960307,0.026179938779914945,2025-12-11T15:30:09.931+00:00
0.07155849933176751,-0.013962634015954637,-0.04188790204786391,2025-12-11T15:30:15.947+00:00
-0.09075712110370514,-0.03665191429188092,-0.03839724354387525,2025-12-11T15:30:16.131+00:00
0.019198621771937624,-0.029670597283903602,-0.026179938779914945,2025-12-11T15:30:16.705+00:00
-0.0942477796076938,-0.04537856055185257,-0.024434609527920613,2025-12-11T15:30:17.79+00:00
0.10821041362364843,-0.1239183768915974,0.024434609527920613,2025-12-11T15:30:18.991+00:00
0.048869219055841226,0.03490658503988659,0.031415926535897934,2025-12-11T15:30:05.533+00:00
0.005235987755982989,0.0,0.022689280275926284,2025-12-11T15:30:05.654+00:00
0.013962634015954637,-0.10471975511965978,0.031415926535897934,2025-12-11T15:30:06.822+00:00
0.06981317007977318,0.003490658503988659,0.05585053606381855,2025-12-11T15:30:06.915+00:00
0.0,-0.003490658503988659,0.0645771823237902,2025-12-11T15:30:08.843+00:00
-0.019198621771937624,-0.03316125578789226,-0.026179938779914945,2025-12-11T15:30:09.442+00:00
0.10297442586766545,-0.013962634015954637,-0.05061454830783556,2025-12-11T15:30:15.478+00:00
0.022689280275926284,0.10821041362364843,-0.07504915783575618,2025-12-11T15:30:16.224+00:00
-0.19722220547535924,-0.2670353755551324,0.3036872898470134,2025-12-11T15:30:16.342+00:00
0.06283185307179587,-0.008726646259971648,-0.06632251157578452,2025-12-11T15:30:05.852+00:00
0.10821041362364843,0.019198621771937624,-0.09075712110370514,2025-12-11T15:30:08.073+00:00
0.1361356816555577,0.12740903539558607,-0.07155849933176751,2025-12-11T15:30:08.249+00:00
0.029670597283903602,-0.04014257279586958,-0.013962634015954637,2025-12-11T15:30:08.34+00:00
0.0017453292519943296,-0.03839724354387525,-0.0471238898038469,2025-12-11T15:30:09.549+00:00
0.059341194567807204,0.0645771823237902,0.0,2025-12-11T15:30:09.842+00:00
0.010471975511965978,0.05235987755982989,0.020943951023931956,2025-12-11T15:30:10.172+00:00
-0.019198621771937624,-0.03839724354387525,-0.026179938779914945,2025-12-11T15:30:10.817+00:00
-0.022689280275926284,-0.0890117918517108,0.08203047484373349,2025-12-11T15:30:10.923+00:00
0.029670597283903602,-0.07504915783575618,0.022689280275926284,2025-12-11T15:30:17.195+00:00
0.0,0.06632251157578452,-0.0017453292519943296,2025-12-11T15:30:18.458+00:00
-0.15009831567151236,-0.13089969389957473,-0.1413716694115407,2025-12-11T15:30:19.37+00:00
0.06632251157578452,0.006981317007977318,-0.10122909661567112,2025-12-11T15:30:19.956+00:00
-0.0890117918517108,-0.21642082724729686,0.07155849933176751,2025-12-11T15:30:21.126+00:00
0.10995574287564276,0.03316125578789226,-0.1239183768915974,2025-12-11T15:30:21.69+00:00
-0.14486232791552936,0.17453292519943295,-0.054105206811824215,2025-12-11T15:30:06.335+00:00
0.005235987755982989,-0.06981317007977318,0.0471238898038469,2025-12-11T15:30:15.152+00:00
0.05061454830783556,-0.008726646259971648,-0.059341194567807204,2025-12-11T15:30:15.278+00:00
-0.16755160819145565,0.14486232791552936,0.019198621771937624,2025-12-11T15:30:16.537+00:00
0.048869219055841226,-0.005235987755982989,-0.005235987755982989,2025-12-11T15:30:16.8+00:00
0.08377580409572782,0.0,-0.006981317007977318,2025-12-11T15:30:17.874+00:00
0.0645771823237902,0.010471975511965978,-0.048869219055841226,2025-12-11T15:30:17.972+00:00
-0.006981317007977318,-0.015707963267948967,-0.029670597283903602,2025-12-11T15:30:18.715+00:00
0.015707963267948967,0.04363323129985824,-0.022689280275926284,2025-12-11T15:30:18.799+00:00
-0.061086523819801536,-0.08028514559173916,0.11693705988362008,2025-12-11T15:30:07.982+00:00
-0.03316125578789226,-0.006981317007977318,-0.054105206811824215,2025-12-11T15:30:08.655+00:00
-0.020943951023931956,0.008726646259971648,0.054105206811824215,2025-12-11T15:30:08.741+00:00
0.10821041362364843,0.0645771823237902,-0.06981317007977318,2025-12-11T15:30:08.927+00:00
0.1518436449235067,0.10646508437165411,-0.13788101090755203,2025-12-11T15:30:16.441+00:00
-0.06632251157578452,-0.017453292519943295,0.022689280275926284,2025-12-11T15:30:16.621+00:00
0.015707963267948967,-0.03839724354387525,0.015707963267948967,2025-12-11T15:30:17.404+00:00
-0.019198621771937624,-0.06283185307179587,0.010471975511965978,2025-12-11T15:30:18.084+00:00
0.16057029118347832,-0.026179938779914945,-0.05235987755982989,2025-12-11T15:30:19.559+00:00
-0.09250245035569947,-0.029670597283903602,0.19373154697137057,2025-12-11T15:30:20.749+00:00
-0.031415926535897934,-0.015707963267948967,0.19373154697137057,2025-12-11T15:30:20.849+00:00
-0.18675022996339327,-0.04188790204786391,0.08377580409572782,2025-12-11T15:30:08.444+00:00
0.059341194567807204,0.12042771838760874,-0.05235987755982989,2025-12-11T15:30:10.04+00:00
-0.029670597283903602,-0.1466076571675237,0.054105206811824215,2025-12-11T15:30:10.624+00:00
-0.027925268031909273,-0.026179938779914945,0.05061454830783556,2025-12-11T15:30:17.498+00:00
0.06632251157578452,-0.026179938779914945,-0.022689280275926284,2025-12-11T15:30:17.597+00:00
-0.026179938779914945,-0.015707963267948967,0.03490658503988659,2025-12-11T15:30:18.548+00:00
0.11868238913561441,0.059341194567807204,-0.10995574287564276,2025-12-11T15:30:20.139+00:00
-0.005235987755982989,0.022689280275926284,0.003490658503988659,2025-12-11T15:30:20.366+00:00
-0.022689280275926284,-0.08726646259971647,0.10646508437165411,2025-12-11T15:30:21.338+00:00
-0.04014257279586958,-0.09773843811168245,0.19896753472735357,2025-12-11T15:30:07.601+00:00
-0.026179938779914945,-0.012217304763960306,0.013962634015954637,2025-12-11T15:30:08.544+00:00
-0.03316125578789226,0.03316125578789226,-0.013962634015954637,2025-12-11T15:30:10.452+00:00
0.07330382858376185,0.08377580409572782,-0.022689280275926284,2025-12-11T15:30:10.539+00:00
0.06632251157578452,0.0017453292519943296,0.017453292519943295,2025-12-11T15:30:16.035+00:00
-0.07155849933176751,-0.12042771838760874,0.0471238898038469,2025-12-11T15:30:17.7+00:00
0.03490658503988659,-0.048869219055841226,0.012217304763960306,2025-12-11T15:30:18.63+00:00
-0.2426007660272118,0.054105206811824215,-0.13962634015954636,2025-12-11T15:30:19.848+00:00
0.11693705988362008,0.026179938779914945,-0.03316125578789226,2025-12-11T15:30:20.939+00:00
-0.06981317007977318,-0.020943951023931956,-0.06283185307179587,2025-12-11T15:30:07.906+00:00
0.017453292519943295,-0.020943951023931956,0.06283185307179587,2025-12-11T15:30:10.375+00:00
-0.026179938779914945,-0.008726646259971648,0.019198621771937624,2025-12-11T15:30:10.719+00:00
-0.059341194567807204,0.015707963267948967,-0.0017453292519943296,2025-12-11T15:30:15.735+00:00
-0.015707963267948967,0.020943951023931956,0.05759586531581288,2025-12-11T15:30:16.913+00:00
-0.022689280275926284,-0.029670597283903602,0.012217304763960306,2025-12-11T15:30:18.172+00:00
-0.22863813201125718,-0.04363323129985824,0.024434609527920613,2025-12-11T15:30:19.083+00:00
0.11344640137963143,-0.03839724354387525,-0.048869219055841226,2025-12-11T15:30:19.18+00:00
-0.06632251157578452,-0.013962634015954637,0.027925268031909273,2025-12-11T15:30:09.642+00:00
-0.010471975511965978,-0.06283185307179587,0.048869219055841226,2025-12-11T15:30:15.6+00:00
-0.005235987755982989,0.03490658503988659,-0.022689280275926284,2025-12-11T15:30:17.007+00:00
0.05759586531581288,0.03665191429188092,0.04363323129985824,2025-12-11T15:30:17.094+00:00
-0.015707963267948967,0.08028514559173916,-0.022689280275926284,2025-12-11T15:30:18.262+00:00
-0.07330382858376185,0.008726646259971648,0.05585053606381855,2025-12-11T15:30:21.026+00:00
-0.031415926535897934,-0.0645771823237902,0.0471238898038469,2025-12-11T15:30:21.514+00:00
0.1361356816555577,-0.1117010721276371,0.026179938779914945,2025-12-11T15:30:19.279+00:00
-0.15707963267948966,0.158824961931484,-0.21991148575128552,2025-12-11T15:30:19.457+00:00
0.09773843811168245,-0.06981317007977318,-0.03665191429188092,2025-12-11T15:30:19.669+00:00
0.06632251157578452,-0.017453292519943295,0.12042771838760874,2025-12-11T15:30:20.446+00:00
0.04188790204786391,0.08028514559173916,-0.07155849933176751,2025-12-11T15:30:22.066+00:00
0.054105206811824215,0.029670597283903602,0.03316125578789226,2025-12-11T15:30:22.158+00:00
0.059341194567807204,0.10122909661567112,-0.03490658503988659,2025-12-11T15:30:22.249+00:00
-0.03490658503988659,-0.022689280275926284,0.013962634015954637,2025-12-11T15:30:25.238+00:00
0.019198621771937624,-0.010471975511965978,0.005235987755982989,2025-12-11T15:30:25.642+00:00
-0.12566370614359174,-0.15533430342749532,0.17627825445142728,2025-12-11T15:30:20.044+00:00
0.006981317007977318,0.17453292519943295,-0.003490658503988659,2025-12-11T15:30:20.653+00:00
-0.23387411976724015,-0.027925268031909273,-0.11344640137963143,2025-12-11T15:30:21.236+00:00
0.013962634015954637,-0.054105206811824215,0.010471975511965978,2025-12-11T15:30:23.096+00:00
0.0645771823237902,0.031415926535897934,0.0,2025-12-11T15:30:23.277+00:00
0.012217304763960306,-0.03839724354387525,-0.0017453292519943296,2025-12-11T15:30:24.107+00:00
-0.059341194567807204,-0.013962634015954637,0.019198621771937624,2025-12-11T15:30:24.596+00:00
0.010471975511965978,-0.04014257279586958,-0.0017453292519943296,2025-12-11T15:30:24.681+00:00
-0.05235987755982989,-0.008726646259971648,0.027925268031909273,2025-12-11T15:30:24.785+00:00
0.04363323129985824,0.059341194567807204,-0.031415926535897934,2025-12-11T15:30:25.049+00:00
0.029670597283903602,-0.03490658503988659,-0.015707963267948967,2025-12-11T15:30:25.34+00:00
0.03490658503988659,0.019198621771937624,0.0017453292519943296,2025-12-11T15:30:26.066+00:00
0.0017453292519943296,0.006981317007977318,0.0,2025-12-11T15:30:26.644+00:00
0.013962634015954637,0.0017453292519943296,-0.026179938779914945,2025-12-11T15:30:27.786+00:00
-0.12217304763960307,0.012217304763960306,0.07330382858376185,2025-12-11T15:30:21.971+00:00
-0.019198621771937624,0.024434609527920613,0.022689280275926284,2025-12-11T15:30:22.336+00:00
0.059341194567807204,-0.0017453292519943296,-0.010471975511965978,2025-12-11T15:30:22.422+00:00
-0.026179938779914945,0.019198621771937624,0.005235987755982989,2025-12-11T15:30:22.515+00:00
0.048869219055841226,0.005235987755982989,-0.03665191429188092,2025-12-11T15:30:24.421+00:00
-0.05235987755982989,0.027925268031909273,0.022689280275926284,2025-12-11T15:30:25.128+00:00
0.015707963267948967,0.05585053606381855,-0.006981317007977318,2025-12-11T15:30:29.044+00:00
0.013962634015954637,-0.015707963267948967,0.013962634015954637,2025-12-11T15:30:29.338+00:00
-0.05061454830783556,-0.061086523819801536,-0.027925268031909273,2025-12-11T15:30:21.601+00:00
0.07853981633974483,0.04014257279586958,-0.05061454830783556,2025-12-11T15:30:22.803+00:00
0.05585053606381855,-0.04014257279586958,-0.03316125578789226,2025-12-11T15:30:22.889+00:00
0.03490658503988659,0.0471238898038469,0.0,2025-12-11T15:30:28.07+00:00
0.020943951023931956,-0.03316125578789226,-0.010471975511965978,2025-12-11T15:30:30.407+00:00
-0.03316125578789226,-0.04014257279586958,0.019198621771937624,2025-12-11T15:30:30.693+00:00
0.21293016874330822,-0.008726646259971648,0.18500490071139894,2025-12-11T15:30:20.53+00:00
0.1291543646475804,0.14486232791552936,-0.10995574287564276,2025-12-11T15:30:21.412+00:00
-0.006981317007977318,0.0,0.031415926535897934,2025-12-11T15:30:23.378+00:00
-0.04363323129985824,-0.017453292519943295,0.0471238898038469,2025-12-11T15:30:23.47+00:00
0.019198621771937624,0.029670597283903602,-0.027925268031909273,2025-12-11T15:30:23.924+00:00
0.015707963267948967,-0.029670597283903602,-0.061086523819801536,2025-12-11T15:30:26.268+00:00
0.008726646259971648,-0.022689280275926284,0.0017453292519943296,2025-12-11T15:30:27.023+00:00
-0.008726646259971648,-0.024434609527920613,-0.005235987755982989,2025-12-11T15:30:28.672+00:00
-0.017453292519943295,0.05759586531581288,-0.012217304763960306,2025-12-11T15:30:22.608+00:00
0.027925268031909273,0.019198621771937624,-0.015707963267948967,2025-12-11T15:30:23.564+00:00
-0.054105206811824215,0.019198621771937624,0.0,2025-12-11T15:30:24.324+00:00
0.054105206811824215,0.015707963267948967,-0.048869219055841226,2025-12-11T15:30:25.988+00:00
0.013962634015954637,0.020943951023931956,-0.026179938779914945,2025-12-11T15:30:27.495+00:00
-0.024434609527920613,0.005235987755982989,0.03490658503988659,2025-12-11T15:30:27.585+00:00
-0.015707963267948967,-0.07853981633974483,0.026179938779914945,2025-12-11T15:30:27.908+00:00
-0.05061454830783556,-0.04014257279586958,0.022689280275926284,2025-12-11T15:30:28.347+00:00
0.029670597283903602,0.0890117918517108,-0.005235987755982989,2025-12-11T15:30:29.149+00:00
0.022689280275926284,0.05235987755982989,-0.0017453292519943296,2025-12-11T15:30:29.236+00:00
-0.024434609527920613,-0.005235987755982989,-0.019198621771937624,2025-12-11T15:30:29.726+00:00
0.024434609527920613,0.031415926535897934,-0.005235987755982989,2025-12-11T15:30:29.816+00:00
0.03665191429188092,0.04363323129985824,-0.054105206811824215,2025-12-11T15:30:29.912+00:00
-0.0017453292519943296,-0.006981317007977318,0.008726646259971648,2025-12-11T15:30:29.989+00:00
0.08552113334772216,0.0,-0.029670597283903602,2025-12-11T15:30:21.87+00:00
-0.010471975511965978,-0.005235987755982989,0.008726646259971648,2025-12-11T15:30:24.009+00:00
0.022689280275926284,-0.0017453292519943296,-0.010471975511965978,2025-12-11T15:30:24.205+00:00
0.04363323129985824,-0.020943951023931956,-0.029670597283903602,2025-12-11T15:30:26.744+00:00
-0.005235987755982989,-0.006981317007977318,0.013962634015954637,2025-12-11T15:30:28.568+00:00
0.08377580409572782,0.027925268031909273,-0.03490658503988659,2025-12-11T15:30:29.442+00:00
-0.029670597283903602,0.003490658503988659,0.027925268031909273,2025-12-11T15:30:30.292+00:00
-0.020943951023931956,0.0017453292519943296,0.0017453292519943296,2025-12-11T15:30:31.116+00:00
0.03490658503988659,-0.005235987755982989,-0.022689280275926284,2025-12-11T15:30:31.309+00:00
-0.013962634015954637,-0.054105206811824215,0.019198621771937624,2025-12-11T15:30:22.989+00:00
-0.026179938779914945,0.026179938779914945,0.015707963267948967,2025-12-11T15:30:23.185+00:00
-0.08028514559173916,-0.09948376736367678,0.07504915783575618,2025-12-11T15:30:26.172+00:00
-0.0645771823237902,-0.015707963267948967,0.027925268031909273,2025-12-11T15:30:26.846+00:00
-0.013962634015954637,0.05235987755982989,0.012217304763960306,2025-12-11T15:30:27.111+00:00
-0.026179938779914945,0.010471975511965978,0.0,2025-12-11T15:30:29.621+00:00
-0.012217304763960306,-0.003490658503988659,0.010471975511965978,2025-12-11T15:30:31.205+00:00
0.03665191429188092,0.08203047484373349,-0.006981317007977318,2025-12-11T15:30:24.865+00:00
-0.05061454830783556,-0.06981317007977318,0.08028514559173916,2025-12-11T15:30:24.949+00:00
0.061086523819801536,-0.005235987755982989,-0.017453292519943295,2025-12-11T15:30:26.37+00:00
-0.026179938779914945,0.22863813201125718,0.017453292519943295,2025-12-11T15:30:26.458+00:00
0.054105206811824215,0.05061454830783556,-0.029670597283903602,2025-12-11T15:30:26.932+00:00
-0.010471975511965978,-0.008726646259971648,0.03839724354387525,2025-12-11T15:30:27.196+00:00
0.0017453292519943296,-0.0017453292519943296,-0.022689280275926284,2025-12-11T15:30:28.243+00:00
-0.013962634015954637,0.008726646259971648,-0.017453292519943295,2025-12-11T15:30:28.767+00:00
-0.05585053606381855,-0.07504915783575618,0.022689280275926284,2025-12-11T15:30:28.948+00:00
0.019198621771937624,0.013962634015954637,0.006981317007977318,2025-12-11T15:30:31.402+00:00
0.03490658503988659,0.008726646259971648,0.006981317007977318,2025-12-11T15:30:23.823+00:00
-0.008726646259971648,-0.061086523819801536,0.013962634015954637,2025-12-11T15:30:24.517+00:00
-0.08377580409572782,-0.08726646259971647,0.08552113334772216,2025-12-11T15:30:25.721+00:00
0.03490658503988659,-0.019198621771937624,-0.04537856055185257,2025-12-11T15:30:25.828+00:00
0.019198621771937624,0.09075712110370514,0.04014257279586958,2025-12-11T15:30:26.549+00:00
-0.031415926535897934,0.031415926535897934,-0.013962634015954637,2025-12-11T15:30:27.405+00:00
-0.04188790204786391,0.022689280275926284,-0.006981317007977318,2025-12-11T15:30:27.685+00:00
-0.013962634015954637,0.08028514559173916,0.0017453292519943296,2025-12-11T15:30:27.981+00:00
0.05235987755982989,0.012217304763960306,0.0,2025-12-11T15:30:28.155+00:00
-0.010471975511965978,-0.013962634015954637,0.010471975511965978,2025-12-11T15:30:28.857+00:00
-0.0017453292519943296,0.022689280275926284,-0.005235987755982989,2025-12-11T15:30:31.496+00:00
-0.04537856055185257,-0.017453292519943295,0.022689280275926284,2025-12-11T15:30:28.474+00:00
0.0017453292519943296,0.012217304763960306,0.024434609527920613,2025-12-11T15:30:34.595+00:00
-0.008726646259971648,-0.059341194567807204,0.019198621771937624,2025-12-11T15:30:35.568+00:00
-0.010471975511965978,-0.008726646259971648,0.013962634015954637,2025-12-11T15:30:36.844+00:00
-0.05235987755982989,-0.09599310885968813,0.015707963267948967,2025-12-11T15:30:36.921+00:00
0.010471975511965978,-0.04537856055185257,-0.005235987755982989,2025-12-11T15:30:30.915+00:00
0.017453292519943295,-0.013962634015954637,0.003490658503988659,2025-12-11T15:30:32.229+00:00
-0.026179938779914945,-0.05061454830783556,0.019198621771937624,2025-12-11T15:30:33.752+00:00
0.0017453292519943296,-0.008726646259971648,-0.005235987755982989,2025-12-11T15:30:33.945+00:00
-0.013962634015954637,0.04363323129985824,-0.005235987755982989,2025-12-11T15:30:34.204+00:00
0.03839724354387525,0.0471238898038469,0.022689280275926284,2025-12-11T15:30:35.061+00:00
0.07504915783575618,-0.017453292519943295,-0.029670597283903602,2025-12-11T15:30:36.149+00:00
-0.010471975511965978,-0.017453292519943295,0.006981317007977318,2025-12-11T15:30:36.285+00:00
-0.0017453292519943296,0.003490658503988659,-0.010471975511965978,2025-12-11T15:30:37.026+00:00
-0.027925268031909273,-0.017453292519943295,0.006981317007977318,2025-12-11T15:30:29.53+00:00
0.07155849933176751,-0.017453292519943295,-0.020943951023931956,2025-12-11T15:30:31.005+00:00
0.0017453292519943296,0.003490658503988659,0.0,2025-12-11T15:30:35.372+00:00
-0.010471975511965978,-0.029670597283903602,0.013962634015954637,2025-12-11T15:30:38.789+00:00
0.003490658503988659,0.020943951023931956,-0.012217304763960306,2025-12-11T15:30:39.34+00:00
0.020943951023931956,0.04537856055185257,-0.022689280275926284,2025-12-11T15:30:40.69+00:00
0.013962634015954637,-0.017453292519943295,0.008726646259971648,2025-12-11T15:30:30.071+00:00
0.03490658503988659,0.005235987755982989,-0.019198621771937624,2025-12-11T15:30:30.165+00:00
0.0017453292519943296,-0.03839724354387525,0.019198621771937624,2025-12-11T15:30:30.504+00:00
0.010471975511965978,-0.008726646259971648,-0.006981317007977318,2025-12-11T15:30:30.596+00:00
-0.04537856055185257,-0.020943951023931956,0.005235987755982989,2025-12-11T15:30:30.814+00:00
-0.03839724354387525,-0.027925268031909273,0.0,2025-12-11T15:30:32.124+00:00
-0.027925268031909273,-0.005235987755982989,0.012217304763960306,2025-12-11T15:30:34.046+00:00
-0.06981317007977318,-0.04363323129985824,0.05061454830783556,2025-12-11T15:30:35.164+00:00
0.019198621771937624,0.022689280275926284,0.006981317007977318,2025-12-11T15:30:36.377+00:00
0.006981317007977318,-0.005235987755982989,-0.005235987755982989,2025-12-11T15:30:37.811+00:00
0.03665191429188092,-0.019198621771937624,-0.017453292519943295,2025-12-11T15:30:32.047+00:00
-0.010471975511965978,0.005235987755982989,-0.017453292519943295,2025-12-11T15:30:34.789+00:00
0.005235987755982989,0.006981317007977318,-0.008726646259971648,2025-12-11T15:30:35.743+00:00
0.04014257279586958,0.027925268031909273,-0.010471975511965978,2025-12-11T15:30:35.84+00:00
0.0017453292519943296,-0.006981317007977318,0.006981317007977318,2025-12-11T15:30:38.012+00:00
0.05061454830783556,0.09250245035569947,0.022689280275926284,2025-12-11T15:30:38.975+00:00
0.03665191429188092,0.13788101090755203,0.0017453292519943296,2025-12-11T15:30:40.098+00:00
0.017453292519943295,-0.005235987755982989,-0.010471975511965978,2025-12-11T15:30:31.631+00:00
0.03839724354387525,0.006981317007977318,-0.019198621771937624,2025-12-11T15:30:31.711+00:00
-0.027925268031909273,0.0471238898038469,0.005235987755982989,2025-12-11T15:30:31.792+00:00
0.010471975511965978,-0.022689280275926284,-0.003490658503988659,2025-12-11T15:30:31.875+00:00
0.012217304763960306,-0.017453292519943295,0.010471975511965978,2025-12-11T15:30:32.416+00:00
0.012217304763960306,0.017453292519943295,-0.026179938779914945,2025-12-11T15:30:34.414+00:00
-0.010471975511965978,0.010471975511965978,-0.013962634015954637,2025-12-11T15:30:35.954+00:00
0.005235987755982989,-0.006981317007977318,-0.019198621771937624,2025-12-11T15:30:36.049+00:00
0.0017453292519943296,-0.06283185307179587,0.017453292519943295,2025-12-11T15:30:36.554+00:00
-0.005235987755982989,0.024434609527920613,0.010471975511965978,2025-12-11T15:30:36.641+00:00
-0.04014257279586958,0.061086523819801536,-0.017453292519943295,2025-12-11T15:30:36.736+00:00
-0.0471238898038469,-0.05061454830783556,-0.010471975511965978,2025-12-11T15:30:37.241+00:00
0.031415926535897934,0.003490658503988659,0.022689280275926284,2025-12-11T15:30:37.533+00:00
-0.022689280275926284,0.022689280275926284,-0.024434609527920613,2025-12-11T15:30:37.622+00:00
-0.019198621771937624,0.04014257279586958,-0.010471975511965978,2025-12-11T15:30:38.306+00:00
0.0,-0.05235987755982989,0.020943951023931956,2025-12-11T15:30:32.849+00:00
0.017453292519943295,0.008726646259971648,-0.0017453292519943296,2025-12-11T15:30:34.512+00:00
-0.010471975511965978,0.03839724354387525,0.008726646259971648,2025-12-11T15:30:34.882+00:00
0.03316125578789226,0.012217304763960306,-0.05061454830783556,2025-12-11T15:30:34.972+00:00
0.0,-0.06981317007977318,0.003490658503988659,2025-12-11T15:30:38.685+00:00
-0.05585053606381855,-0.04014257279586958,0.013962634015954637,2025-12-11T15:30:38.881+00:00
-0.03490658503988659,0.0890117918517108,-0.0471238898038469,2025-12-11T15:30:39.914+00:00
-0.0645771823237902,-0.005235987755982989,-0.008726646259971648,2025-12-11T15:30:40.182+00:00
0.04014257279586958,0.022689280275926284,-0.010471975511965978,2025-12-11T15:30:32.33+00:00
0.020943951023931956,-0.005235987755982989,-0.0017453292519943296,2025-12-11T15:30:32.595+00:00
-0.04363323129985824,-0.048869219055841226,0.031415926535897934,2025-12-11T15:30:33.272+00:00
-0.14486232791552936,-0.15009831567151236,-0.029670597283903602,2025-12-11T15:30:33.358+00:00
-0.03490658503988659,-0.054105206811824215,0.024434609527920613,2025-12-11T15:30:33.448+00:00
0.054105206811824215,0.015707963267948967,-0.020943951023931956,2025-12-11T15:30:33.57+00:00
0.022689280275926284,0.04363323129985824,0.005235987755982989,2025-12-11T15:30:34.315+00:00
-0.026179938779914945,-0.010471975511965978,0.0017453292519943296,2025-12-11T15:30:34.687+00:00
-0.0017453292519943296,-0.10821041362364843,0.010471975511965978,2025-12-11T15:30:35.471+00:00
-0.012217304763960306,-0.013962634015954637,-0.010471975511965978,2025-12-11T15:30:35.649+00:00
-0.012217304763960306,0.03316125578789226,0.0,2025-12-11T15:30:32.757+00:00
-0.013962634015954637,-0.03839724354387525,0.006981317007977318,2025-12-11T15:30:33.073+00:00
0.0017453292519943296,-0.008726646259971648,-0.003490658503988659,2025-12-11T15:30:33.165+00:00
0.03665191429188092,-0.03316125578789226,-0.019198621771937624,2025-12-11T15:30:33.677+00:00
0.022689280275926284,-0.005235987755982989,-0.010471975511965978,2025-12-11T15:30:37.146+00:00
0.010471975511965978,-0.022689280275926284,0.0,2025-12-11T15:30:38.206+00:00
0.024434609527920613,-0.048869219055841226,0.0017453292519943296,2025-12-11T15:30:39.528+00:00
0.0017453292519943296,0.022689280275926284,0.0017453292519943296,2025-12-11T15:30:39.617+00:00
-0.0471238898038469,0.061086523819801536,0.019198621771937624,2025-12-11T15:30:40.494+00:00
0.017453292519943295,0.061086523819801536,-0.07853981633974483,2025-12-11T15:30:40.596+00:00
0.06632251157578452,0.027925268031909273,0.010471975511965978,2025-12-11T15:30:41.428+00:00
0.006981317007977318,0.003490658503988659,0.0,2025-12-11T15:30:33.849+00:00
-0.03839724354387525,-0.026179938779914945,-0.019198621771937624,2025-12-11T15:30:35.26+00:00
0.003490658503988659,0.022689280275926284,-0.006981317007977318,2025-12-11T15:30:36.467+00:00
-0.03839724354387525,-0.027925268031909273,0.020943951023931956,2025-12-11T15:30:37.715+00:00
0.026179938779914945,0.020943951023931956,-0.013962634015954637,2025-12-11T15:30:37.907+00:00
0.019198621771937624,-0.05235987755982989,-0.003490658503988659,2025-12-11T15:30:38.497+00:00
-0.013962634015954637,0.031415926535897934,-0.0017453292519943296,2025-12-11T15:30:39.44+00:00
-0.04014257279586958,0.05061454830783556,-0.006981317007977318,2025-12-11T15:30:39.706+00:00
-0.013962634015954637,-0.029670597283903602,0.059341194567807204,2025-12-11T15:30:39.805+00:00
-0.010471975511965978,-0.03839724354387525,0.008726646259971648,2025-12-11T15:30:41.242+00:00
-0.054105206811824215,0.012217304763960306,0.06632251157578452,2025-12-11T15:30:42.703+00:00
-0.013962634015954637,0.022689280275926284,-0.005235987755982989,2025-12-11T15:30:37.443+00:00
-0.0017453292519943296,-0.054105206811824215,0.0017453292519943296,2025-12-11T15:30:38.107+00:00
-0.08203047484373349,-0.06632251157578452,0.07504915783575618,2025-12-11T15:30:41.048+00:00
-0.03839724354387525,-0.013962634015954637,-0.0017453292519943296,2025-12-11T15:30:42.055+00:00
-0.022689280275926284,-0.005235987755982989,0.020943951023931956,2025-12-11T15:30:43.344+00:00
0.0017453292519943296,0.04014257279586958,0.008726646259971648,2025-12-11T15:30:44.12+00:00
0.029670597283903602,0.020943951023931956,-0.06632251157578452,2025-12-11T15:30:44.621+00:00
0.010471975511965978,-0.020943951023931956,-0.012217304763960306,2025-12-11T15:30:45.208+00:00
0.07155849933176751,-0.024434609527920613,-0.029670597283903602,2025-12-11T15:30:45.917+00:00
-0.003490658503988659,0.013962634015954637,-0.022689280275926284,2025-12-11T15:30:46.007+00:00
-0.0471238898038469,-0.006981317007977318,-0.0017453292519943296,2025-12-11T15:30:38.397+00:00
-0.03839724354387525,-0.05585053606381855,-0.0017453292519943296,2025-12-11T15:30:38.587+00:00
-0.005235987755982989,0.05759586531581288,-0.015707963267948967,2025-12-11T15:30:41.333+00:00
0.0017453292519943296,0.04014257279586958,-0.005235987755982989,2025-12-11T15:30:43.063+00:00
-0.06806784082777885,-0.0017453292519943296,-0.0017453292519943296,2025-12-11T15:30:44.431+00:00
-0.061086523819801536,0.015707963267948967,0.013962634015954637,2025-12-11T15:30:45.827+00:00
-0.022689280275926284,-0.003490658503988659,-0.0017453292519943296,2025-12-11T15:30:46.368+00:00
0.0,-0.006981317007977318,-0.005235987755982989,2025-12-11T15:30:42.34+00:00
0.07504915783575618,0.029670597283903602,-0.06806784082777885,2025-12-11T15:30:42.791+00:00
0.048869219055841226,-0.015707963267948967,0.019198621771937624,2025-12-11T15:30:42.882+00:00
-0.010471975511965978,0.06283185307179587,0.003490658503988659,2025-12-11T15:30:46.187+00:00
0.04537856055185257,0.08028514559173916,-0.0471238898038469,2025-12-11T15:30:46.593+00:00
0.2007128639793479,0.39793506945470714,0.013962634015954637,2025-12-11T15:30:40.017+00:00
0.027925268031909273,0.024434609527920613,-0.06283185307179587,2025-12-11T15:30:40.268+00:00
-0.003490658503988659,-0.054105206811824215,0.0471238898038469,2025-12-11T15:30:42.436+00:00
0.06981317007977318,0.21642082724729686,-0.013962634015954637,2025-12-11T15:30:42.525+00:00
-0.04014257279586958,0.024434609527920613,0.03665191429188092,2025-12-11T15:30:42.968+00:00
0.029670597283903602,-0.006981317007977318,-0.019198621771937624,2025-12-11T15:30:43.541+00:00
-0.013962634015954637,-0.020943951023931956,0.015707963267948967,2025-12-11T15:30:43.838+00:00
0.07504915783575618,-0.015707963267948967,-0.012217304763960306,2025-12-11T15:30:40.396+00:00
-0.13264502315156904,-0.04188790204786391,0.17453292519943295,2025-12-11T15:30:40.785+00:00
0.09250245035569947,-0.05061454830783556,-0.05061454830783556,2025-12-11T15:30:40.969+00:00
0.06283185307179587,0.017453292519943295,-0.08726646259971647,2025-12-11T15:30:41.142+00:00
-0.008726646259971648,-0.03839724354387525,-0.010471975511965978,2025-12-11T15:30:42.153+00:00
0.003490658503988659,0.019198621771937624,-0.04537856055185257,2025-12-11T15:30:42.254+00:00
0.026179938779914945,-0.008726646259971648,-0.006981317007977318,2025-12-11T15:30:43.439+00:00
-0.026179938779914945,-0.05061454830783556,0.022689280275926284,2025-12-11T15:30:43.65+00:00
-0.015707963267948967,-0.06632251157578452,0.054105206811824215,2025-12-11T15:30:45.464+00:00
0.08726646259971647,-0.026179938779914945,-0.03490658503988659,2025-12-11T15:30:45.555+00:00
-0.03839724354387525,0.010471975511965978,0.003490658503988659,2025-12-11T15:30:47.474+00:00
-0.006981317007977318,0.022689280275926284,-0.03490658503988659,2025-12-11T15:30:47.556+00:00
0.0,-0.006981317007977318,-0.013962634015954637,2025-12-11T15:30:48.364+00:00
-0.006981317007977318,-0.03839724354387525,0.024434609527920613,2025-12-11T15:30:48.562+00:00
0.010471975511965978,0.006981317007977318,-0.029670597283903602,2025-12-11T15:30:49.792+00:00
-0.008726646259971648,-0.026179938779914945,0.0017453292519943296,2025-12-11T15:30:41.524+00:00
-0.015707963267948967,-0.005235987755982989,-0.022689280275926284,2025-12-11T15:30:41.61+00:00
0.012217304763960306,0.029670597283903602,0.0017453292519943296,2025-12-11T15:30:41.793+00:00
-0.027925268031909273,-0.003490658503988659,0.029670597283903602,2025-12-11T15:30:47.077+00:00
0.059341194567807204,0.015707963267948967,0.026179938779914945,2025-12-11T15:30:47.258+00:00
-0.048869219055841226,-0.03490658503988659,-0.017453292519943295,2025-12-11T15:30:47.946+00:00
-0.006981317007977318,-0.03665191429188092,0.019198621771937624,2025-12-11T15:30:48.807+00:00
-0.010471975511965978,-0.05061454830783556,-0.010471975511965978,2025-12-11T15:30:49.701+00:00
-0.006981317007977318,-0.008726646259971648,-0.04188790204786391,2025-12-11T15:30:40.883+00:00
0.03490658503988659,0.006981317007977318,0.0017453292519943296,2025-12-11T15:30:41.883+00:00
0.017453292519943295,-0.0017453292519943296,-0.003490658503988659,2025-12-11T15:30:41.967+00:00
-0.015707963267948967,-0.008726646259971648,-0.026179938779914945,2025-12-11T15:30:43.252+00:00
0.024434609527920613,0.006981317007977318,-0.017453292519943295,2025-12-11T15:30:48.728+00:00
-0.03839724354387525,-0.003490658503988659,-0.003490658503988659,2025-12-11T15:30:49.013+00:00
0.0,0.017453292519943295,0.008726646259971648,2025-12-11T15:30:41.69+00:00
-0.08028514559173916,0.031415926535897934,0.019198621771937624,2025-12-11T15:30:42.614+00:00
0.059341194567807204,0.03490658503988659,-0.026179938779914945,2025-12-11T15:30:43.148+00:00
0.0645771823237902,0.024434609527920613,-0.0471238898038469,2025-12-11T15:30:44.24+00:00
0.020943951023931956,-0.015707963267948967,0.03839724354387525,2025-12-11T15:30:44.529+00:00
0.029670597283903602,0.008726646259971648,-0.005235987755982989,2025-12-11T15:30:45.034+00:00
0.031415926535897934,0.059341194567807204,-0.020943951023931956,2025-12-11T15:30:47.648+00:00
-0.031415926535897934,-0.008726646259971648,0.008726646259971648,2025-12-11T15:30:48.075+00:00
0.06283185307179587,-0.020943951023931956,0.013962634015954637,2025-12-11T15:30:48.253+00:00
-0.05061454830783556,-0.029670597283903602,0.0017453292519943296,2025-12-11T15:30:48.472+00:00
-0.003490658503988659,-0.04537856055185257,0.0,2025-12-11T15:30:43.918+00:00
-0.005235987755982989,-0.017453292519943295,-0.0017453292519943296,2025-12-11T15:30:44.021+00:00
-0.012217304763960306,0.03665191429188092,-0.006981317007977318,2025-12-11T15:30:44.934+00:00
0.006981317007977318,0.006981317007977318,-0.0017453292519943296,2025-12-11T15:30:46.8+00:00
-0.027925268031909273,-0.03316125578789226,-0.005235987755982989,2025-12-11T15:30:46.892+00:00
0.07155849933176751,0.05235987755982989,0.006981317007977318,2025-12-11T15:30:46.99+00:00
0.010471975511965978,0.015707963267948967,-0.029670597283903602,2025-12-11T15:30:47.352+00:00
-0.031415926535897934,-0.005235987755982989,0.010471975511965978,2025-12-11T15:30:49.205+00:00
-0.013962634015954637,-0.008726646259971648,-0.0017453292519943296,2025-12-11T15:30:50.252+00:00
-2.8605946440187062,0.4310963252425994,0.16929693744344998,2025-12-11T15:30:51.55+00:00
-0.47647488579445196,0.11693705988362008,-0.7068583470577035,2025-12-11T15:30:52.582+00:00
-0.03839724354387525,0.013962634015954637,0.008726646259971648,2025-12-11T15:30:43.743+00:00
-0.09773843811168245,-0.06981317007977318,0.05235987755982989,2025-12-11T15:30:44.33+00:00
-0.061086523819801536,-0.10995574287564276,0.059341194567807204,2025-12-11T15:30:44.74+00:00
-0.008726646259971648,0.003490658503988659,-0.010471975511965978,2025-12-11T15:30:44.834+00:00
-0.03665191429188092,-0.03316125578789226,0.006981317007977318,2025-12-11T15:30:45.355+00:00
-0.012217304763960306,-0.017453292519943295,-0.005235987755982989,2025-12-11T15:30:45.649+00:00
0.05061454830783556,-0.059341194567807204,0.061086523819801536,2025-12-11T15:30:45.734+00:00
-0.006981317007977318,-0.006981317007977318,-0.020943951023931956,2025-12-11T15:30:47.167+00:00
-0.012217304763960306,-0.05061454830783556,0.022689280275926284,2025-12-11T15:30:47.729+00:00
0.04363323129985824,0.022689280275926284,-0.005235987755982989,2025-12-11T15:30:49.301+00:00
-0.010471975511965978,-0.05061454830783556,0.029670597283903602,2025-12-11T15:30:49.568+00:00
0.08377580409572782,0.20245819323134223,-0.04537856055185257,2025-12-11T15:30:50.998+00:00
-0.08726646259971647,-0.20420352248333656,-0.13089969389957473,2025-12-11T15:30:51.268+00:00
-0.026179938779914945,-0.09075712110370514,0.026179938779914945,2025-12-11T15:30:47.841+00:00
-0.012217304763960306,0.005235987755982989,-0.029670597283903602,2025-12-11T15:30:50.161+00:00
-0.024434609527920613,-0.04363323129985824,-0.013962634015954637,2025-12-11T15:30:50.44+00:00
-0.08028514559173916,-0.13264502315156904,-0.1239183768915974,2025-12-11T15:30:51.178+00:00
-0.23038346126325152,0.3089232776029963,0.317649923862968,2025-12-11T15:30:52.953+00:00
0.0471238898038469,-0.027925268031909273,0.015707963267948967,2025-12-11T15:30:48.162+00:00
0.0017453292519943296,0.005235987755982989,-0.015707963267948967,2025-12-11T15:30:49.099+00:00
0.0,-0.054105206811824215,0.029670597283903602,2025-12-11T15:30:49.977+00:00
0.27052603405912107,-0.2932153143350474,0.24085543677521748,2025-12-11T15:30:51.961+00:00
0.3298672286269283,-0.2111848394913139,0.0767944870877505,2025-12-11T15:30:52.167+00:00
0.42586033748661645,-0.48694686130641796,-0.07330382858376185,2025-12-11T15:30:52.773+00:00
-0.38048177693476387,0.10471975511965978,0.08726646259971647,2025-12-11T15:30:52.863+00:00
0.3961897402027128,0.6213372137099813,0.019198621771937624,2025-12-11T15:30:53.417+00:00
0.13089969389957473,0.0,0.19024088846738194,2025-12-11T15:30:54.927+00:00
-0.3961897402027128,-1.0210176124166828,-0.13264502315156904,2025-12-11T15:30:55.335+00:00
0.029670597283903602,-0.005235987755982989,-0.010471975511965978,2025-12-11T15:30:48.644+00:00
-0.019198621771937624,-0.04014257279586958,0.015707963267948967,2025-12-11T15:30:48.916+00:00
0.005235987755982989,-0.005235987755982989,-0.017453292519943295,2025-12-11T15:30:49.391+00:00
-0.06632251157578452,-0.027925268031909273,0.03316125578789226,2025-12-11T15:30:49.49+00:00
-0.022689280275926284,0.020943951023931956,-0.027925268031909273,2025-12-11T15:30:50.537+00:00
0.5567600313861911,0.3769911184307752,-0.15009831567151236,2025-12-11T15:30:53.812+00:00
-0.1413716694115407,-0.9494591130849153,0.5916666164260778,2025-12-11T15:30:54.406+00:00
0.4014257279586958,-0.05235987755982989,-0.07155849933176751,2025-12-11T15:30:55.029+00:00
0.0942477796076938,1.0506882097005865,0.12042771838760874,2025-12-11T15:30:55.732+00:00
1.488765851951163,-0.6579891280018623,0.7400196028455958,2025-12-11T15:30:57.175+00:00
-0.026179938779914945,-0.026179938779914945,-0.013962634015954637,2025-12-11T15:30:50.347+00:00
-0.8656833089891874,0.12042771838760874,0.12740903539558607,2025-12-11T15:30:51.365+00:00
-0.773180858633488,0.6946410422937431,-0.2984513020910304,2025-12-11T15:30:51.449+00:00
-0.5148721293383273,-0.6108652381980153,0.11693705988362008,2025-12-11T15:30:51.639+00:00
0.1239183768915974,-0.7714355293814937,-0.0645771823237902,2025-12-11T15:30:51.862+00:00
0.6457718232379019,-0.2181661564992912,0.09599310885968813,2025-12-11T15:30:53.614+00:00
-0.4066617157146788,-0.3089232776029963,0.4904375198104066,2025-12-11T15:30:53.697+00:00
0.23038346126325152,-0.47123889803846897,0.10471975511965978,2025-12-11T15:30:55.56+00:00
0.5916666164260778,-0.6684611035138283,0.5759586531581288,2025-12-11T15:30:55.645+00:00
0.34732052114687156,0.11693705988362008,0.1413716694115407,2025-12-11T15:30:56.684+00:00
-0.18500490071139894,-0.07155849933176751,0.019198621771937624,2025-12-11T15:30:58.943+00:00
-0.05061454830783556,-0.04537856055185257,0.010471975511965978,2025-12-11T15:30:50.623+00:00
0.13788101090755203,0.17627825445142728,0.38048177693476387,2025-12-11T15:30:52.076+00:00
0.27401669256310973,-0.13089969389957473,-0.3647738136668149,2025-12-11T15:30:53.328+00:00
0.5532693728822025,-0.03839724354387525,-0.312413936106985,2025-12-11T15:30:54.015+00:00
0.18675022996339327,-0.7609635538695277,-1.122246709032354,2025-12-11T15:30:54.114+00:00
-0.6702064327658226,0.23911010752322315,-0.23038346126325152,2025-12-11T15:30:55.136+00:00
-0.03490658503988659,-0.03839724354387525,-0.005235987755982989,2025-12-11T15:30:50.068+00:00
0.07155849933176751,0.05585053606381855,-0.07330382858376185,2025-12-11T15:30:50.815+00:00
0.4904375198104066,0.0,-0.0645771823237902,2025-12-11T15:30:51.085+00:00
0.06283185307179587,-0.5183627878423159,-0.26878070480712674,2025-12-11T15:30:53.92+00:00
0.23038346126325152,-0.2984513020910304,-0.08726646259971647,2025-12-11T15:30:55.223+00:00
1.0524335389525807,0.3001966313430247,-3.5814156250923643,2025-12-11T15:30:56.901+00:00
0.3647738136668149,0.23038346126325152,-0.005235987755982989,2025-12-11T15:30:58.795+00:00
0.37350045992678654,0.28099800957108706,-0.008726646259971648,2025-12-11T15:30:59.263+00:00
-0.35255650890285456,-0.07504915783575618,0.40491638646268446,2025-12-11T15:30:59.61+00:00
-0.6091199089460211,0.49218284906240095,0.46251225177849736,2025-12-11T15:30:59.971+00:00
-0.010471975511965978,0.08726646259971647,0.019198621771937624,2025-12-11T15:31:01.334+00:00
-0.8639379797371931,-0.026179938779914945,0.13439035240356337,2025-12-11T15:30:52.485+00:00
-0.7888888219014369,-1.4451326206513049,0.22863813201125718,2025-12-11T15:30:52.669+00:00
-1.2060225131280817,0.5654866776461628,1.1676252695842064,2025-12-11T15:30:53.054+00:00
0.37873644768276954,0.8290313946973066,0.19198621771937627,2025-12-11T15:30:53.526+00:00
0.23736477827122882,-0.6003932626860494,-0.5986479334340551,2025-12-11T15:30:54.216+00:00
0.7679448708775051,-0.40317105721069013,0.19024088846738194,2025-12-11T15:30:55.448+00:00
-0.3647738136668149,0.05235987755982989,0.1518436449235067,2025-12-11T15:30:56.239+00:00
0.4939281783143953,0.47647488579445196,-0.619591884457987,2025-12-11T15:30:57.72+00:00
0.4084070449666731,-0.16231562043547265,1.127482696788337,2025-12-11T15:30:59.846+00:00
-0.03665191429188092,0.005235987755982989,0.04014257279586958,2025-12-11T15:30:49.877+00:00
0.10995574287564276,-0.18151424220741028,0.019198621771937624,2025-12-11T15:30:50.723+00:00
-0.2844886680750757,0.0,0.08028514559173916,2025-12-11T15:30:50.909+00:00
0.6126105674500096,0.5166174585903216,-0.4380776422505767,2025-12-11T15:30:53.15+00:00
-0.0890117918517108,0.26878070480712674,0.03316125578789226,2025-12-11T15:30:56.037+00:00
-0.35779249665883756,-0.27401669256310973,-0.031415926535897934,2025-12-11T15:30:56.133+00:00
-0.37350045992678654,-0.1413716694115407,0.19373154697137057,2025-12-11T15:30:57.864+00:00
0.2530727415391778,-0.6318091892219473,-0.25132741228718347,2025-12-11T15:30:57.979+00:00
0.07155849933176751,0.153588974175501,-0.017453292519943295,2025-12-11T15:31:00.973+00:00
-0.2670353755551324,0.14486232791552936,-0.19722220547535924,2025-12-11T15:30:54.295+00:00
1.9233528356977512,2.275909344600606,-1.160643952576229,2025-12-11T15:30:56.582+00:00
-1.090830782496456,-0.9930923443847736,-0.010471975511965978,2025-12-11T15:30:58.214+00:00
0.07155849933176751,0.2984513020910304,0.8970992355250854,2025-12-11T15:30:58.442+00:00
0.36302848441482055,-0.17627825445142728,-0.5934119456780721,2025-12-11T15:31:00.504+00:00
0.1832595714594046,-0.5602506898901798,-0.1518436449235067,2025-12-11T15:31:00.724+00:00
0.15533430342749532,-0.005235987755982989,-0.059341194567807204,2025-12-11T15:31:01.111+00:00
-0.0942477796076938,0.015707963267948967,0.06632251157578452,2025-12-11T15:31:04.712+00:00
-0.2007128639793479,0.1239183768915974,-0.03839724354387525,2025-12-11T15:31:05.428+00:00
0.13089969389957473,-0.15533430342749532,0.03839724354387525,2025-12-11T15:31:05.551+00:00
-0.020943951023931956,0.9093165402890457,-0.2635447170511438,2025-12-11T15:30:55.936+00:00
-5.0056042947197374,0.26005405854715513,1.3526301702956054,2025-12-11T15:30:56.75+00:00
0.1710422666954443,-1.137954672300303,0.33859387488689996,2025-12-11T15:30:59.746+00:00
0.19722220547535924,-0.18151424220741028,-0.015707963267948967,2025-12-11T15:31:01.583+00:00
-0.153588974175501,-0.6038839211900381,-0.22689280275926285,2025-12-11T15:31:06.048+00:00
-0.16057029118347832,-0.09250245035569947,-0.015707963267948967,2025-12-11T15:31:06.42+00:00
0.10297442586766545,-0.23911010752322315,0.23038346126325152,2025-12-11T15:31:06.781+00:00
0.1954768762233649,0.026179938779914945,-0.010471975511965978,2025-12-11T15:31:07.182+00:00
-0.32114058236695664,0.2181661564992912,0.11693705988362008,2025-12-11T15:31:08.549+00:00
0.3822271061867582,-0.4729842272904633,0.5585053606381855,2025-12-11T15:31:09.23+00:00
-0.07504915783575618,0.003490658503988659,0.003490658503988659,2025-12-11T15:31:11.136+00:00
0.06981317007977318,0.3141592653589793,-0.8813912722571364,2025-12-11T15:31:11.94+00:00
0.09599310885968813,0.0471238898038469,-0.07504915783575618,2025-12-11T15:31:13.651+00:00
1.2269664641520137,0.20245819323134223,0.5113814708343386,2025-12-11T15:31:16.455+00:00
0.054105206811824215,-0.7086036763096978,0.4782202150464463,2025-12-11T15:31:08.81+00:00
0.22863813201125718,-0.07155849933176751,0.25132741228718347,2025-12-11T15:31:10.24+00:00
-0.16231562043547265,-0.0017453292519943296,-0.04188790204786391,2025-12-11T15:31:12.669+00:00
0.012217304763960306,-0.05061454830783556,0.019198621771937624,2025-12-11T15:31:14.367+00:00
0.03665191429188092,0.05585053606381855,0.008726646259971648,2025-12-11T15:31:15.253+00:00
0.6649704450098396,-0.2984513020910304,-1.6859880574265225,2025-12-11T15:31:17.411+00:00
-0.312413936106985,0.1780235837034216,-0.09948376736367678,2025-12-11T15:31:08.691+00:00
0.28099800957108706,-0.23736477827122882,-0.2792526803190927,2025-12-11T15:31:09.568+00:00
-0.006981317007977318,-0.029670597283903602,0.12740903539558607,2025-12-11T15:31:10.676+00:00
-0.07330382858376185,0.04363323129985824,-0.04363323129985824,2025-12-11T15:31:10.786+00:00
-0.7958701389094143,0.1291543646475804,-1.2269664641520137,2025-12-11T15:31:11.634+00:00
-0.03665191429188092,-0.0890117918517108,-0.16406094968746698,2025-12-11T15:31:12.778+00:00
-0.020943951023931956,-0.026179938779914945,0.0,2025-12-11T15:31:14.474+00:00
-0.03490658503988659,0.029670597283903602,-0.008726646259971648,2025-12-11T15:31:15.074+00:00
0.03316125578789226,-0.005235987755982989,0.0,2025-12-11T15:31:15.967+00:00
-0.010471975511965978,0.008726646259971648,0.0017453292519943296,2025-12-11T15:31:16.055+00:00
0.0645771823237902,-0.005235987755982989,0.015707963267948967,2025-12-11T15:31:18.25+00:00
0.06632251157578452,0.5235987755982989,-0.38571776469074687,2025-12-11T15:31:18.438+00:00
0.45727626402251437,-0.4939281783143953,-0.27052603405912107,2025-12-11T15:31:09.774+00:00
-0.7871434926494426,0.0767944870877505,0.4991641660703783,2025-12-11T15:31:11.386+00:00
-0.1413716694115407,-0.19024088846738194,-0.1361356816555577,2025-12-11T15:31:13.024+00:00
0.05235987755982989,-0.005235987755982989,-0.008726646259971648,2025-12-11T15:31:16.267+00:00
0.22863813201125718,0.6684611035138283,0.2984513020910304,2025-12-11T15:31:16.356+00:00
-0.1117010721276371,0.0471238898038469,0.1780235837034216,2025-12-11T15:31:08.061+00:00
-0.0645771823237902,-0.619591884457987,0.022689280275926284,2025-12-11T15:31:12.551+00:00
-0.006981317007977318,0.0645771823237902,-0.022689280275926284,2025-12-11T15:31:13.774+00:00
0.16057029118347832,0.08028514559173916,-0.029670597283903602,2025-12-11T15:31:13.872+00:00
0.1117010721276371,-0.022689280275926284,-0.026179938779914945,2025-12-11T15:31:13.972+00:00
-0.029670597283903602,-0.0017453292519943296,-0.019198621771937624,2025-12-11T15:31:15.542+00:00
0.0,-0.003490658503988659,-0.03490658503988659,2025-12-11T15:31:15.667+00:00
-0.05061454830783556,0.06632251157578452,-0.008726646259971648,2025-12-11T15:31:15.776+00:00
-1.5149457907310782,-4.604178566761042,2.607521902479528,2025-12-11T15:31:16.716+00:00
-0.4852015320544236,-0.46949356878647464,0.33161255787892263,2025-12-11T15:31:16.893+00:00
0.23561944901923448,0.6806784082777886,-0.14486232791552936,2025-12-11T15:31:17.878+00:00
0.048869219055841226,0.07155849933176751,-0.027925268031909273,2025-12-11T15:31:08.436+00:00
0.1954768762233649,0.37350045992678654,-0.22165681500327986,2025-12-11T15:31:09.348+00:00
-0.6178465552059926,0.6178465552059926,-0.059341194567807204,2025-12-11T15:31:09.657+00:00
-0.4380776422505767,-0.14486232791552936,0.38746309394274114,2025-12-11T15:31:10.457+00:00
0.054105206811824215,-0.026179938779914945,0.16231562043547265,2025-12-11T15:31:10.562+00:00
-0.4223696789826278,-0.5113814708343386,0.16929693744344998,2025-12-11T15:31:11.267+00:00
0.6806784082777886,0.5550147021341968,-0.13089969389957473,2025-12-11T15:31:12.081+00:00
0.026179938779914945,0.012217304763960306,-0.017453292519943295,2025-12-11T15:31:15.348+00:00
-0.3420845333908886,0.029670597283903602,0.3665191429188092,2025-12-11T15:31:09.005+00:00
-0.4991641660703783,0.42062434973063345,0.23736477827122882,2025-12-11T15:31:09.127+00:00
0.9459684545809266,-0.4939281783143953,-0.9215338450530061,2025-12-11T15:31:09.9+00:00
0.4939281783143953,0.5515240436302081,-0.32114058236695664,2025-12-11T15:31:11.781+00:00
-0.015707963267948967,0.022689280275926284,-0.04537856055185257,2025-12-11T15:31:14.991+00:00
0.619591884457987,3.085742117525975,-1.8186330805780915,2025-12-11T15:31:16.616+00:00
1.2880529879718152,0.7382742735936014,-0.3892084231947355,2025-12-11T15:31:17.608+00:00
-0.24434609527920614,-1.3648474750595658,0.8831366015091308,2025-12-11T15:31:17.697+00:00
-0.6632251157578453,-0.6614797865058509,0.7103490055616921,2025-12-11T15:31:17.786+00:00
-0.2181661564992912,0.23212879051524585,0.11693705988362008,2025-12-11T15:31:07.033+00:00
0.10122909661567112,0.09250245035569947,-0.03490658503988659,2025-12-11T15:31:07.405+00:00
-0.19198621771937627,0.09948376736367678,0.14835298641951802,2025-12-11T15:31:07.528+00:00
0.07853981633974483,0.0471238898038469,-0.14486232791552936,2025-12-11T15:31:07.905+00:00
-0.04188790204786391,-0.07853981633974483,0.17278759594743862,2025-12-11T15:31:08.178+00:00
-0.015707963267948967,-0.19024088846738194,0.153588974175501,2025-12-11T15:31:08.903+00:00
0.10995574287564276,0.005235987755982989,0.017453292519943295,2025-12-11T15:31:10.893+00:00
0.13439035240356337,0.27052603405912107,0.022689280275926284,2025-12-11T15:31:12.343+00:00
0.19198621771937627,0.031415926535897934,-0.1239183768915974,2025-12-11T15:31:12.452+00:00
-0.08028514559173916,0.0645771823237902,0.015707963267948967,2025-12-11T15:31:13.145+00:00
0.03665191429188092,0.03490658503988659,-0.026179938779914945,2025-12-11T15:31:15.443+00:00
0.07155849933176751,2.1729349187329405,0.21293016874330822,2025-12-11T15:31:16.806+00:00
0.16755160819145565,-0.12740903539558607,0.059341194567807204,2025-12-11T15:31:07.68+00:00
0.2111848394913139,0.3595378259108319,-0.7679448708775051,2025-12-11T15:31:09.457+00:00
-0.15707963267948966,0.6422811647339133,-0.5235987755982989,2025-12-11T15:31:10.005+00:00
-0.05235987755982989,0.010471975511965978,-0.08377580409572782,2025-12-11T15:31:12.902+00:00
0.054105206811824215,-0.005235987755982989,-0.003490658503988659,2025-12-11T15:31:13.247+00:00
0.10821041362364843,0.024434609527920613,-0.022689280275926284,2025-12-11T15:31:14.169+00:00
0.07155849933176751,0.029670597283903602,0.03490658503988659,2025-12-11T15:31:14.581+00:00
0.020943951023931956,0.031415926535897934,-0.05061454830783556,2025-12-11T15:31:14.811+00:00
-0.024434609527920613,-0.006981317007977318,-0.03490658503988659,2025-12-11T15:31:14.906+00:00
-0.05759586531581288,0.05585053606381855,-0.07504915783575618,2025-12-11T15:31:08.314+00:00
-0.019198621771937624,-0.005235987755982989,0.027925268031909273,2025-12-11T15:31:10.997+00:00
0.09773843811168245,0.17627825445142728,0.5515240436302081,2025-12-11T15:31:11.515+00:00
0.4118977034706618,0.312413936106985,-0.11519173063162576,2025-12-11T15:31:12.208+00:00
0.0942477796076938,0.05061454830783556,-0.010471975511965978,2025-12-11T15:31:14.071+00:00
-0.027925268031909273,0.03490658503988659,0.029670597283903602,2025-12-11T15:31:14.73+00:00
-0.03665191429188092,-0.0767944870877505,0.026179938779914945,2025-12-11T15:31:15.169+00:00
0.012217304763960306,-0.03490658503988659,0.0767944870877505,2025-12-11T15:31:15.873+00:00
-0.1291543646475804,-0.09599310885968813,-0.5288347633542818,2025-12-11T15:31:17.088+00:00
0.23911010752322315,-0.19198621771937627,-0.04188790204786391,2025-12-11T15:31:18.165+00:00
0.13089969389957473,-0.25481807079117214,-0.32812189937493397,2025-12-11T15:31:16.989+00:00
0.03839724354387525,-0.0471238898038469,0.010471975511965978,2025-12-11T15:31:20.548+00:00
0.6789330790257943,0.06283185307179587,0.5218534463463046,2025-12-11T15:31:21.736+00:00
2.3911010752322315,0.3001966313430247,-0.08726646259971647,2025-12-11T15:31:22.22+00:00
0.3351032163829113,0.03839724354387525,-0.32812189937493397,2025-12-11T15:31:22.493+00:00
-0.04537856055185257,-0.054105206811824215,-0.10122909661567112,2025-12-11T15:31:23.142+00:00
-0.19198621771937627,0.10821041362364843,-0.17278759594743862,2025-12-11T15:31:27.049+00:00
0.010471975511965978,-0.1466076571675237,0.18500490071139894,2025-12-11T15:31:28.639+00:00
0.6963863715457375,-0.9145525280450287,0.5532693728822025,2025-12-11T15:31:28.975+00:00
-0.3508111796508602,0.9075712110370514,0.7138396640656808,2025-12-11T15:31:16.531+00:00
0.04363323129985824,0.5393067388662478,-0.13089969389957473,2025-12-11T15:31:17.974+00:00
-0.024434609527920613,-0.08028514559173916,0.003490658503988659,2025-12-11T15:31:20.839+00:00
0.024434609527920613,0.08377580409572782,-0.03490658503988659,2025-12-11T15:31:21.054+00:00
0.1832595714594046,0.013962634015954637,0.003490658503988659,2025-12-11T15:31:21.636+00:00
0.10995574287564276,-0.20943951023931956,-0.18500490071139894,2025-12-11T15:31:22.592+00:00
-0.0767944870877505,0.006981317007977318,0.03490658503988659,2025-12-11T15:31:23.042+00:00
-0.5427973973702365,-0.2984513020910304,0.059341194567807204,2025-12-11T15:31:27.447+00:00
0.5305800926062761,0.5148721293383273,-0.12042771838760874,2025-12-11T15:31:29.423+00:00
0.2897246558310587,-1.1885692206081384,-1.520181778487061,2025-12-11T15:31:17.189+00:00
1.8448130193580063,-0.8447393579652556,-1.6877333866785167,2025-12-11T15:31:17.286+00:00
-0.09250245035569947,0.09250245035569947,0.015707963267948967,2025-12-11T15:31:18.817+00:00
-0.1291543646475804,-0.4834562028024293,0.04537856055185257,2025-12-11T15:31:18.897+00:00
-0.09773843811168245,0.03490658503988659,-0.017453292519943295,2025-12-11T15:31:19.197+00:00
0.05235987755982989,0.0017453292519943296,0.0471238898038469,2025-12-11T15:31:20.13+00:00
0.012217304763960306,-0.10821041362364843,0.003490658503988659,2025-12-11T15:31:20.215+00:00
-4.4418629463255686,0.8988445647770797,-1.3177235852557188,2025-12-11T15:31:22.115+00:00
0.09075712110370514,-0.1117010721276371,-0.9721483933608416,2025-12-11T15:31:22.307+00:00
-0.15009831567151236,0.09599310885968813,0.9354964790689606,2025-12-11T15:31:23.425+00:00
0.005235987755982989,1.3997540600994522,-0.17976891295541594,2025-12-11T15:31:27.165+00:00
-0.006981317007977318,-0.0017453292519943296,0.019198621771937624,2025-12-11T15:31:18.726+00:00
0.10821041362364843,-0.3001966313430247,-0.15707963267948966,2025-12-11T15:31:22.854+00:00
-0.5323254218582705,0.1954768762233649,0.5061454830783556,2025-12-11T15:31:23.33+00:00
0.3141592653589793,0.2635447170511438,-0.10995574287564276,2025-12-11T15:31:23.967+00:00
0.12740903539558607,0.3001966313430247,-0.022689280275926284,2025-12-11T15:31:28.684+00:00
0.08203047484373349,0.06283185307179587,0.005235987755982989,2025-12-11T15:31:30.952+00:00
-0.1239183768915974,0.2234021442552742,0.0471238898038469,2025-12-11T15:31:18.066+00:00
-0.24609142453120048,-0.03665191429188092,-0.010471975511965978,2025-12-11T15:31:19.678+00:00
0.06632251157578452,-0.09250245035569947,0.03839724354387525,2025-12-11T15:31:19.865+00:00
-2.321287905152458,0.6736970912698113,0.2984513020910304,2025-12-11T15:31:22.029+00:00
0.0767944870877505,-0.2530727415391778,-0.07504915783575618,2025-12-11T15:31:22.405+00:00
0.6649704450098396,0.4310963252425994,0.2478367537831948,2025-12-11T15:31:23.516+00:00
0.3700098014227979,-0.2670353755551324,0.6981317007977318,2025-12-11T15:31:23.612+00:00
0.4066617157146788,0.2879793265790644,0.05585053606381855,2025-12-11T15:31:26.95+00:00
-0.8290313946973066,-1.5969762655748116,-0.19722220547535924,2025-12-11T15:31:27.264+00:00
-0.8377580409572782,0.12042771838760874,0.0,2025-12-11T15:31:27.848+00:00
0.16755160819145565,0.39269908169872414,-0.6003932626860494,2025-12-11T15:31:29.175+00:00
-0.006981317007977318,-0.031415926535897934,-0.026179938779914945,2025-12-11T15:31:29.936+00:00
-0.10821041362364843,-0.2722713633111154,-0.15707963267948966,2025-12-11T15:31:30.041+00:00
-0.09250245035569947,0.010471975511965978,-0.048869219055841226,2025-12-11T15:31:19.282+00:00
-0.10646508437165411,0.06632251157578452,0.013962634015954637,2025-12-11T15:31:19.363+00:00
-0.635299847725936,0.7103490055616921,-0.24609142453120048,2025-12-11T15:31:21.926+00:00
0.12740903539558607,-0.16057029118347832,-0.26878070480712674,2025-12-11T15:31:26.841+00:00
-0.048869219055841226,0.03839724354387525,0.21467549799530253,2025-12-11T15:31:28.922+00:00
0.04363323129985824,-0.07853981633974483,0.03490658503988659,2025-12-11T15:31:30.465+00:00
0.12740903539558607,0.1413716694115407,0.005235987755982989,2025-12-11T15:31:30.53+00:00
0.054105206811824215,-0.15707963267948966,0.08377580409572782,2025-12-11T15:31:18.999+00:00
0.15533430342749532,-0.10122909661567112,-0.006981317007977318,2025-12-11T15:31:19.104+00:00
0.022689280275926284,0.05759586531581288,-0.022689280275926284,2025-12-11T15:31:20.311+00:00
-0.25132741228718347,-0.12740903539558607,0.29146998508305305,2025-12-11T15:31:22.956+00:00
0.09075712110370514,0.20943951023931956,0.3141592653589793,2025-12-11T15:31:23.883+00:00
-0.6510078109938849,-0.4834562028024293,0.5550147021341968,2025-12-11T15:31:24.063+00:00
0.49741883681838395,0.5689773361501514,-0.1518436449235067,2025-12-11T15:31:27.358+00:00
-0.15009831567151236,0.5881759579220891,-0.2984513020910304,2025-12-11T15:31:28.136+00:00
0.03316125578789226,0.05759586531581288,-0.1832595714594046,2025-12-11T15:31:18.345+00:00
-0.13439035240356337,-0.09250245035569947,0.005235987755982989,2025-12-11T15:31:19.463+00:00
-0.5777039824101231,0.6126105674500096,-0.13089969389957473,2025-12-11T15:31:19.584+00:00
-0.027925268031909273,-0.12217304763960307,-0.026179938779914945,2025-12-11T15:31:20.653+00:00
0.054105206811824215,-0.054105206811824215,0.04014257279586958,2025-12-11T15:31:20.746+00:00
-0.10646508437165411,0.17278759594743862,0.0017453292519943296,2025-12-11T15:31:23.238+00:00
0.3717551306747922,-0.26179938779914946,0.7103490055616921,2025-12-11T15:31:27.531+00:00
-0.11344640137963143,0.2827433388230814,0.7801621756414653,2025-12-11T15:31:27.651+00:00
0.08028514559173916,-0.1361356816555577,-0.017453292519943295,2025-12-11T15:31:28.397+00:00
-0.22689280275926285,0.34382986264288296,0.03490658503988659,2025-12-11T15:31:29.727+00:00
-0.29146998508305305,-0.14835298641951802,0.06981317007977318,2025-12-11T15:31:29.818+00:00
-0.15009831567151236,-0.2949606435870417,0.1832595714594046,2025-12-11T15:31:18.534+00:00
0.12042771838760874,-0.026179938779914945,-0.022689280275926284,2025-12-11T15:31:18.628+00:00
0.04537856055185257,0.05061454830783556,0.008726646259971648,2025-12-11T15:31:19.951+00:00
-0.03490658503988659,-0.010471975511965978,-0.03665191429188092,2025-12-11T15:31:20.032+00:00
0.5637413483941685,0.04363323129985824,0.3769911184307752,2025-12-11T15:31:21.826+00:00
-0.44505895925855404,0.03490658503988659,-0.10471975511965978,2025-12-11T15:31:23.799+00:00
0.1361356816555577,0.013962634015954637,-0.04363323129985824,2025-12-11T15:31:28.255+00:00
-0.006981317007977318,-0.41015237421866746,0.42586033748661645,2025-12-11T15:31:29.357+00:00
-0.16580627893946132,-0.39968039870670147,0.020943951023931956,2025-12-11T15:31:30.509+00:00
-0.03665191429188092,0.019198621771937624,0.0017453292519943296,2025-12-11T15:31:19.768+00:00
0.5044001538263613,0.39793506945470714,-0.06632251157578452,2025-12-11T15:31:23.705+00:00
-0.09075712110370514,-0.11519173063162576,-0.11868238913561441,2025-12-11T15:31:29.072+00:00
-0.11344640137963143,0.012217304763960306,0.1518436449235067,2025-12-11T15:31:29.642+00:00
-0.09948376736367678,0.21293016874330822,-0.10122909661567112,2025-12-11T15:31:30.125+00:00
0.1413716694115407,0.0017453292519943296,0.015707963267948967,2025-12-11T15:31:30.651+00:00
-0.08203047484373349,0.026179938779914945,0.020943951023931956,2025-12-11T15:31:31.598+00:00
0.020943951023931956,-0.006981317007977318,0.026179938779914945,2025-12-11T15:31:32.252+00:00
-0.008726646259971648,-0.14835298641951802,0.1361356816555577,2025-12-11T15:31:28.588+00:00
-0.1884955592153876,-0.13962634015954636,0.03490658503988659,2025-12-11T15:31:28.889+00:00
-0.3612831551628262,-1.2688543661998777,0.11693705988362008,2025-12-11T15:31:29.445+00:00
-0.10471975511965978,-0.03490658503988659,-0.07853981633974483,2025-12-11T15:31:29.537+00:00
0.04537856055185257,-0.019198621771937624,-0.04188790204786391,2025-12-11T15:31:31.69+00:00
0.019198621771937624,-0.03316125578789226,0.013962634015954637,2025-12-11T15:31:32.904+00:00
-0.006981317007977318,-0.012217304763960306,0.013962634015954637,2025-12-11T15:31:35.266+00:00
0.048869219055841226,-0.20245819323134223,0.010471975511965978,2025-12-11T15:31:35.886+00:00
-0.0890117918517108,0.0471238898038469,-0.017453292519943295,2025-12-11T15:31:31.04+00:00
-0.010471975511965978,0.0,-0.012217304763960306,2025-12-11T15:31:31.137+00:00
0.05759586531581288,0.019198621771937624,0.026179938779914945,2025-12-11T15:31:32.72+00:00
-0.017453292519943295,0.0017453292519943296,0.003490658503988659,2025-12-11T15:31:35.269+00:00
-0.027925268031909273,0.008726646259971648,-0.013962634015954637,2025-12-11T15:31:35.266+00:00
-0.003490658503988659,-0.28623399732707006,0.07155849933176751,2025-12-11T15:31:35.797+00:00
0.05061454830783556,0.0471238898038469,-0.026179938779914945,2025-12-11T15:31:36.332+00:00
0.07853981633974483,0.022689280275926284,0.003490658503988659,2025-12-11T15:31:31.513+00:00
0.005235987755982989,0.0017453292519943296,0.008726646259971648,2025-12-11T15:31:32.052+00:00
0.020943951023931956,-0.07504915783575618,-0.06806784082777885,2025-12-11T15:31:35.797+00:00
-0.07504915783575618,0.05585053606381855,0.010471975511965978,2025-12-11T15:31:30.862+00:00
-0.020943951023931956,-0.013962634015954637,-0.0017453292519943296,2025-12-11T15:31:33.339+00:00
0.05759586531581288,-0.0017453292519943296,-0.003490658503988659,2025-12-11T15:31:35.268+00:00
0.0,0.7592182246175334,0.09773843811168245,2025-12-11T15:31:35.367+00:00
-0.003490658503988659,-0.18500490071139894,0.08726646259971647,2025-12-11T15:31:35.812+00:00
0.04537856055185257,0.09599310885968813,-0.04537856055185257,2025-12-11T15:31:36.337+00:00
0.03839724354387525,0.07504915783575618,-0.048869219055841226,2025-12-11T15:31:30.563+00:00
-0.08028514559173916,0.08203047484373349,0.017453292519943295,2025-12-11T15:31:30.744+00:00
-0.006981317007977318,-0.008726646259971648,-0.013962634015954637,2025-12-11T15:31:31.775+00:00
0.013962634015954637,0.012217304763960306,-0.015707963267948967,2025-12-11T15:31:31.865+00:00
0.024434609527920613,-0.024434609527920613,0.012217304763960306,2025-12-11T15:31:33.421+00:00
-0.006981317007977318,0.010471975511965978,0.0017453292519943296,2025-12-11T15:31:33.511+00:00
0.6928957130417488,0.16580627893946132,-0.15707963267948966,2025-12-11T15:31:35.393+00:00
0.05061454830783556,-0.09948376736367678,-0.05061454830783556,2025-12-11T15:31:36.353+00:00
-0.03839724354387525,0.013962634015954637,0.0017453292519943296,2025-12-11T15:31:36.595+00:00
-0.04188790204786391,-0.03316125578789226,-0.015707963267948967,2025-12-11T15:31:31.23+00:00
0.07330382858376185,0.006981317007977318,0.03839724354387525,2025-12-11T15:31:32.163+00:00
0.020943951023931956,0.0017453292519943296,0.012217304763960306,2025-12-11T15:31:32.429+00:00
0.03316125578789226,0.04537856055185257,0.006981317007977318,2025-12-11T15:31:32.517+00:00
0.013962634015954637,0.012217304763960306,0.006981317007977318,2025-12-11T15:31:33.615+00:00
-0.019198621771937624,0.010471975511965978,0.019198621771937624,2025-12-11T15:31:35.282+00:00
-0.07330382858376185,0.0017453292519943296,-0.026179938779914945,2025-12-11T15:31:35.34+00:00
0.0645771823237902,0.0,0.03316125578789226,2025-12-11T15:31:31.325+00:00
0.061086523819801536,0.0645771823237902,0.003490658503988659,2025-12-11T15:31:31.422+00:00
-0.06806784082777885,-0.0017453292519943296,-0.013962634015954637,2025-12-11T15:31:35.247+00:00
0.4171336912266448,0.19722220547535924,-0.5026548245743669,2025-12-11T15:31:35.654+00:00
0.08203047484373349,0.022689280275926284,-0.013962634015954637,2025-12-11T15:31:36.469+00:00
0.024434609527920613,0.012217304763960306,-0.005235987755982989,2025-12-11T15:31:32.338+00:00
0.18151424220741028,0.32812189937493397,-0.1518436449235067,2025-12-11T15:31:35.393+00:00
-0.5183627878423159,0.2932153143350474,-0.317649923862968,2025-12-11T15:31:35.342+00:00
-0.015707963267948967,-0.015707963267948967,-0.013962634015954637,2025-12-11T15:31:31.944+00:00
0.05759586531581288,0.031415926535897934,0.008726646259971648,2025-12-11T15:31:32.616+00:00
-0.05585053606381855,-0.03839724354387525,0.0,2025-12-11T15:31:33.076+00:00
0.008726646259971648,-0.013962634015954637,0.010471975511965978,2025-12-11T15:31:33.158+00:00
-0.027925268031909273,-0.022689280275926284,-0.013962634015954637,2025-12-11T15:31:33.247+00:00
0.0471238898038469,-0.010471975511965978,-0.010471975511965978,2025-12-11T15:31:35.261+00:00
0.04014257279586958,0.006981317007977318,-0.006981317007977318,2025-12-11T15:31:35.193+00:00
-0.05061454830783556,0.019198621771937624,0.006981317007977318,2025-12-11T15:31:35.269+00:00
0.0,-0.026179938779914945,0.017453292519943295,2025-12-11T15:31:36.353+00:00
0.015707963267948967,0.0,-0.003490658503988659,2025-12-11T15:31:32.815+00:00
-0.14486232791552936,0.19722220547535924,-0.23736477827122882,2025-12-11T15:31:35.881+00:00
-0.08028514559173916,0.05759586531581288,0.04363323129985824,2025-12-11T15:31:36.281+00:00
