q0,q1,q2,q3,timestamp
0.4636278181243268,0.44928661224893507,0.5455807483926868,0.5343523493898263,2025-12-11T15:29:47.906+00:00
0.4672452756348456,0.4496401755912832,0.5421928914996305,0.5343523493898263,2025-12-11T15:29:48.088+00:00
0.46603515039092525,0.45004491339804303,0.5436233649585006,0.5336145159156115,2025-12-11T15:29:48.225+00:00
0.46587870938273906,0.44832509950256433,0.5444531201136257,0.5343523493898263,2025-12-11T15:29:48.33+00:00
0.4686429003444197,0.4478448830709438,0.5439224825882215,0.53287627607073,2025-12-11T15:29:48.496+00:00
0.467267388134155,0.4465304150516568,0.5461818843765062,0.53287627607073,2025-12-11T15:29:49.021+00:00
0.46735497682389054,0.445056129687409,0.5473090913429048,0.53287627607073,2025-12-11T15:29:49.106+00:00
0.4676116320078568,0.4453005391160119,0.5476096545603539,0.5321376304173835,2025-12-11T15:29:49.189+00:00
0.4671746537617466,0.44800438569246986,0.5450530136453664,0.53287627607073,2025-12-11T15:29:51.019+00:00
0.36422742357224325,0.23382985014469893,0.5441363762008291,0.7187333227242655,2025-12-11T15:30:55.944+00:00
0.2429440529917599,0.2362527683151251,0.5617617520794238,0.754709580222772,2025-12-11T15:30:56.627+00:00
0.2918949725166759,0.189558811568508,0.5218712377960062,0.7787908532703041,2025-12-11T15:30:57.179+00:00
0.2933231773251012,0.19636275225825478,0.5805546219832044,0.7337298645028764,2025-12-11T15:30:57.723+00:00
0.4670104252064241,0.44628485594420286,0.5458815242408601,0.5336145159156115,2025-12-11T15:29:49.583+00:00
0.4623443278920261,0.45434450563655726,0.5439224825882215,0.53287627607073,2025-12-11T15:29:50.349+00:00
0.4647990698347497,0.4519973450944251,0.5459497402620446,0.5306591239356474,2025-12-11T15:29:51.216+00:00
0.4660158818841605,0.4516008070287712,0.5445194749582923,0.5313985795180829,2025-12-11T15:29:52.874+00:00
0.4640356338138295,0.45125493600413136,0.5450530136453664,0.53287627607073,2025-12-11T15:29:52.973+00:00
0.46758942375210405,0.449971356724497,0.5445194749582923,0.5313985795180829,2025-12-11T15:29:53.553+00:00
0.46590759877622784,0.4530753423862153,0.5433860443647289,0.5313985795180829,2025-12-11T15:29:53.649+00:00
0.3272179247807711,0.2124978049829646,0.6100803205131224,0.6896195437356698,2025-12-11T15:30:59.612+00:00
0.46350173841865333,0.4523124012454137,0.5453523379029986,0.5321376304173835,2025-12-11T15:29:50.134+00:00
0.46723019838013746,0.45119895782658104,0.5430883762995088,0.5321376304173835,2025-12-11T15:29:51.656+00:00
0.46603515039092525,0.45004491339804303,0.5436233649585006,0.5336145159156115,2025-12-11T15:29:51.747+00:00
0.46658679791411667,0.4537358346871686,0.5422509585230378,0.5313985795180829,2025-12-11T15:29:53.836+00:00
0.32864112580211696,0.3861520165015483,0.5771838556375127,0.6401096994849554,2025-12-11T15:30:54.609+00:00
0.32329329916566146,0.17846748930713685,0.6422010961175354,0.6717205893229902,2025-12-11T15:30:58.944+00:00
0.3278233156899829,0.21289095043625952,0.5973341092824157,0.7002865690559509,2025-12-11T15:30:59.728+00:00
0.3710799767266862,0.2247340221415198,0.5653741494095104,0.7015314257708557,2025-12-11T15:31:01.474+00:00
0.3715139475253413,0.24218689550865713,0.580051587910952,0.6832737736807991,2025-12-11T15:31:04.762+00:00
0.3683542868097518,0.24566177139623357,0.5791033355352052,0.6845471059286887,2025-12-11T15:31:05.102+00:00
0.467267388134155,0.4465304150516568,0.5461818843765062,0.53287627607073,2025-12-11T15:29:49.766+00:00
0.4679558569766351,0.4471883301679039,0.5450530136453664,0.53287627607073,2025-12-11T15:29:49.867+00:00
0.46537056133680793,0.4541361091445403,0.5436832986178385,0.5306591239356474,2025-12-11T15:29:50.444+00:00
0.4663920274518432,0.44881907651798214,0.5450530136453664,0.53287627607073,2025-12-11T15:29:51.111+00:00
0.46728665605575603,0.45283227287307587,0.5402237148820676,0.5336145159156115,2025-12-11T15:29:52.145+00:00
0.46686558816128393,0.4524242296961166,0.541656453276138,0.53287627607073,2025-12-11T15:29:52.236+00:00
0.46607524824300184,0.4532383743688637,0.541656453276138,0.53287627607073,2025-12-11T15:29:52.591+00:00
0.4655872456931666,0.45118542966224895,0.5459497402620446,0.5306591239356474,2025-12-11T15:29:54.588+00:00
0.353854276233425,0.2193989466683973,0.5730589665119363,0.705871570678681,2025-12-11T15:31:00.726+00:00
0.3534510860933535,0.21829583996439345,0.5760056629433914,0.7040147244559684,2025-12-11T15:31:00.833+00:00
0.46855973137233653,0.4462034019390036,0.5467813565955845,0.5313985795180829,2025-12-11T15:29:49.325+00:00
0.462965212158374,0.45336903161459235,0.5456512468511021,0.5313985795180829,2025-12-11T15:29:50.565+00:00
0.46492296584557374,0.44897088926708323,0.5461818843765062,0.53287627607073,2025-12-11T15:29:51.301+00:00
0.4663920274518432,0.44881907651798214,0.5450530136453664,0.53287627607073,2025-12-11T15:29:51.39+00:00
0.4662915766936508,0.45029254140015035,0.5439224825882215,0.53287627607073,2025-12-11T15:29:51.479+00:00
0.46535193005622,0.4493851351900982,0.544753274306154,0.5336145159156115,2025-12-11T15:29:53.079+00:00
0.4663740032920889,0.4503721398410075,0.5459497402620446,0.5306591239356474,2025-12-11T15:29:54.336+00:00
0.3571930760745782,0.277067350599836,0.5703507485959399,0.6858183529273763,2025-12-11T15:31:06.459+00:00
0.467267388134155,0.4465304150516568,0.5461818843765062,0.53287627607073,2025-12-11T15:29:49.421+00:00
0.46675310662993885,0.4460389569714171,0.5455807483926868,0.5343523493898263,2025-12-11T15:29:49.5+00:00
0.46752399521744326,0.4467756341067752,0.5464818285708879,0.5321376304173835,2025-12-11T15:29:49.668+00:00
0.46664815381733,0.4490655524267959,0.5453523379029986,0.5321376304173835,2025-12-11T15:29:49.96+00:00
0.4660158818841605,0.4516008070287712,0.5445194749582923,0.5313985795180829,2025-12-11T15:29:50.051+00:00
0.4650777795309787,0.4506917226043099,0.5453523379029986,0.5321376304173835,2025-12-11T15:29:50.656+00:00
0.46488457105566705,0.45208049139863504,0.5421928914996305,0.5343523493898263,2025-12-11T15:29:52.333+00:00
0.4667522829843487,0.45389676188615,0.5405209619239176,0.53287627607073,2025-12-11T15:29:52.42+00:00
0.4619486452533968,0.45237353575188527,0.5444531201136257,0.5343523493898263,2025-12-11T15:29:52.683+00:00
0.46684203985778283,0.4539840466316006,0.5425475918380545,0.5306591239356474,2025-12-11T15:29:53.945+00:00
0.33747922116273926,0.3979418383914426,0.5654429625058482,0.6387678175155977,2025-12-11T15:30:54.709+00:00
0.35964518368892834,0.22039085201530592,0.5721180876842188,0.7033947028105039,2025-12-11T15:31:00.956+00:00
0.4662915766936508,0.45029254140015035,0.5439224825882215,0.53287627607073,2025-12-11T15:29:53.166+00:00
0.46705872421414146,0.45103336714930925,0.5448173492440067,0.5306591239356474,2025-12-11T15:29:53.743+00:00
0.4655872456931666,0.45118542966224895,0.5459497402620446,0.5306591239356474,2025-12-11T15:29:54.041+00:00
0.4654814784712087,0.45266095849635934,0.5448173492440067,0.5306591239356474,2025-12-11T15:29:54.153+00:00
0.46731372894261386,0.4512796223531178,0.5451148086276095,0.5299192642332049,2025-12-11T15:29:54.24+00:00
0.3180244660081614,0.3790067998980816,0.5691542476954842,0.6567173874517308,2025-12-11T15:30:54.812+00:00
0.37179170260408945,0.22163233605756158,0.5661304585908895,0.7015314257708557,2025-12-11T15:31:01.067+00:00
0.36723976296101946,0.21978846404107255,0.5721006882677899,0.6996633405133654,2025-12-11T15:31:01.242+00:00
0.3697857729211581,0.21869069647655207,0.5701154116663986,0.7002865690559509,2025-12-11T15:31:01.362+00:00
0.4673332772416643,0.4497248614297618,0.5442211859973106,0.5321376304173835,2025-12-11T15:29:50.749+00:00
0.46723019838013746,0.45119895782658104,0.5430883762995088,0.5321376304173835,2025-12-11T15:29:50.837+00:00
0.466608846194185,0.45217542942117483,0.5413585817969964,0.5336145159156115,2025-12-11T15:29:51.848+00:00
0.4673973301117826,0.45136035506374483,0.5413585817969964,0.5336145159156115,2025-12-11T15:29:51.946+00:00
0.4663517488841516,0.45192628479497327,0.5410602980497449,0.5343523493898263,2025-12-11T15:29:52.027+00:00
0.4645668966612184,0.4501966426612227,0.544753274306154,0.5336145159156115,2025-12-11T15:29:53.255+00:00
0.4661190172434633,0.4501259026761174,0.5456512468511021,0.5313985795180829,2025-12-11T15:29:53.454+00:00
0.4655872456931666,0.45118542966224895,0.5459497402620446,0.5306591239356474,2025-12-11T15:29:54.436+00:00
0.3478459621958488,0.2867420832977352,0.5811638482950736,0.6775180777551102,2025-12-11T15:31:05.32+00:00
0.3584694401122232,0.27906084532781383,0.5670409664275916,0.687087510804423,2025-12-11T15:31:06.314+00:00
0.4624576330689613,0.4528719734465239,0.5450530136453664,0.53287627607073,2025-12-11T15:29:50.226+00:00
0.4665476478950565,0.4505398264848992,0.5442211859973106,0.5321376304173835,2025-12-11T15:29:50.928+00:00
0.4671219745899283,0.45267268543032657,0.5419539122603279,0.5321376304173835,2025-12-11T15:29:52.5+00:00
0.46669765440551075,0.45226149056514986,0.5433860443647289,0.5313985795180829,2025-12-11T15:29:53.375+00:00
0.36793609167532115,0.22370865024107767,0.5693647279642898,0.7002865690559509,2025-12-11T15:31:01.595+00:00
0.3456137810078984,0.2869340892512905,0.5687850321881842,0.6889873220616206,2025-12-11T15:31:05.464+00:00
0.351279620846598,0.2824360664843205,0.5606088160901374,0.6946583704589973,2025-12-11T15:31:06.009+00:00
0.3641325730116321,0.2804198316932562,0.5635194768105518,0.6864531932478837,2025-12-11T15:31:06.574+00:00
0.46645979422686795,0.4504549871837039,0.5421928914996305,0.5343523493898263,2025-12-11T15:29:51.565+00:00
0.46482251508738126,0.45044435414925155,0.5450530136453664,0.53287627607073,2025-12-11T15:29:52.77+00:00
0.4661190172434633,0.4501259026761174,0.5456512468511021,0.5313985795180829,2025-12-11T15:29:54.692+00:00
0.4650777795309787,0.4506917226043099,0.5453523379029986,0.5321376304173835,2025-12-11T15:29:54.783+00:00
0.4649721280441943,0.4521656368494914,0.5442211859973106,0.5321376304173835,2025-12-11T15:29:54.881+00:00
0.4649721280441943,0.4521656368494914,0.5442211859973106,0.5321376304173835,2025-12-11T15:29:54.957+00:00
0.46539679375562,0.4525786062088865,0.5427902946488651,0.53287627607073,2025-12-11T15:29:55.048+00:00
0.4648613322802291,0.45363917332257125,0.5430883762995088,0.5321376304173835,2025-12-11T15:29:55.778+00:00
0.4665476478950565,0.4505398264848992,0.5442211859973106,0.5321376304173835,2025-12-11T15:29:56.261+00:00
0.46695295699218364,0.45250889598341987,0.5436832986178385,0.5306591239356474,2025-12-11T15:29:57.313+00:00
0.4660158818841605,0.4516008070287712,0.5445194749582923,0.5313985795180829,2025-12-11T15:29:57.403+00:00
0.4661190172434633,0.4501259026761174,0.5456512468511021,0.5313985795180829,2025-12-11T15:29:58.062+00:00
0.4584625071313676,0.4536864626479007,0.5412155393790853,0.5395057581708109,2025-12-11T15:29:58.759+00:00
0.4521854422915294,0.4537666285471923,0.547129065047377,0.538770785006863,2025-12-11T15:30:01.03+00:00
0.4517756771852851,0.4470692929178208,0.5486249190061667,0.5431744499506707,2025-12-11T15:30:04.292+00:00
0.4649721280441943,0.4521656368494914,0.5442211859973106,0.5321376304173835,2025-12-11T15:29:55.163+00:00
0.46590759877622784,0.4530753423862153,0.5433860443647289,0.5313985795180829,2025-12-11T15:29:56.363+00:00
0.4654814784712087,0.45266095849635934,0.5448173492440067,0.5306591239356474,2025-12-11T15:29:56.771+00:00
0.4661190172434633,0.4501259026761174,0.5456512468511021,0.5313985795180829,2025-12-11T15:29:56.877+00:00
0.4660158818841605,0.4516008070287712,0.5445194749582923,0.5313985795180829,2025-12-11T15:29:57.853+00:00
0.46482251508738126,0.45044435414925155,0.5450530136453664,0.53287627607073,2025-12-11T15:29:58.263+00:00
0.46431092444715444,0.4499485883288664,0.5444531201136257,0.5343523493898263,2025-12-11T15:29:58.36+00:00
0.45954527171728365,0.4547579475070189,0.5386592137443598,0.5402403204776551,2025-12-11T15:29:59.123+00:00
0.45852738661163905,0.45059360788684766,0.5451934912875976,0.5380354015455252,2025-12-11T15:29:59.879+00:00
0.45380505828751294,0.44907753289232855,0.5510893479231439,0.5372996083468239,2025-12-11T15:30:01.578+00:00
0.45322035417881684,0.4484989199531159,0.5484401979131688,0.5409744713679939,2025-12-11T15:30:03.845+00:00
0.46576059736340236,0.4513534191175905,0.5442211859973106,0.5321376304173835,2025-12-11T15:29:55.492+00:00
0.46460618663673237,0.4533901871179649,0.5427902946488651,0.53287627607073,2025-12-11T15:29:56.575+00:00
0.46680336380013293,0.4507867684639712,0.5445194749582923,0.5313985795180829,2025-12-11T15:29:57.587+00:00
0.4591332292066921,0.45435019745945115,0.5400889860081683,0.5395057581708109,2025-12-11T15:29:59.311+00:00
0.45404708996282633,0.4508882568690295,0.5465175349831858,0.5402403204776551,2025-12-11T15:30:00.364+00:00
0.4534816408180943,0.4534816408180943,0.5477389284615504,0.5372996083468239,2025-12-11T15:30:01.201+00:00
0.45448803669097293,0.44975339635141365,0.5499742156187895,0.5372996083468239,2025-12-11T15:30:01.382+00:00
0.4547405356271723,0.45000326487371317,0.5502797636050288,0.5365634059710975,2025-12-11T15:30:01.481+00:00
0.45417217250612113,0.4478745957484973,0.5467112249686709,0.5424415366631188,2025-12-11T15:30:03.951+00:00
0.45374742975827065,0.44745574250735537,0.5481321404526699,0.5417082102827399,2025-12-11T15:30:04.57+00:00
0.45263656352120524,0.44636027960369273,0.5506625677163345,0.5409744713679939,2025-12-11T15:30:04.662+00:00
0.46288191275684365,0.4532874588138416,0.5436233649585006,0.5336145159156115,2025-12-11T15:29:56.072+00:00
0.4663740032920889,0.4503721398410075,0.5459497402620446,0.5306591239356474,2025-12-11T15:29:57.136+00:00
0.4660158818841605,0.4516008070287712,0.5445194749582923,0.5313985795180829,2025-12-11T15:29:57.225+00:00
0.4653326897976155,0.4509387478380158,0.5456512468511021,0.5313985795180829,2025-12-11T15:29:57.94+00:00
0.4630127726628079,0.45026024699835004,0.5438515680832595,0.5358267949789965,2025-12-11T15:29:58.454+00:00
0.45519305741215493,0.44888132500729944,0.5479401184837668,0.5395057581708109,2025-12-11T15:29:59.788+00:00
0.4564872478937843,0.4533114384735298,0.5417331018015582,0.5409744713679939,2025-12-11T15:30:00.063+00:00
0.45843614807770694,0.4552467800408826,0.5421215714841391,0.5372996083468239,2025-12-11T15:30:00.555+00:00
0.4528686131574935,0.44815084320256365,0.5518955948704296,0.5380354015455252,2025-12-11T15:30:01.303+00:00
0.4544466665877519,0.44502705546888444,0.5509714541227846,0.5402403204776551,2025-12-11T15:30:03.752+00:00
0.45427189918534727,0.44641175203980743,0.5478236655657016,0.5424415366631188,2025-12-11T15:30:04.479+00:00
0.4546833074812419,0.448378643297452,0.5473265053519464,0.5409744713679939,2025-12-11T15:30:05.061+00:00
0.45623060190172676,0.44833656383845083,0.5482462992460664,0.538770785006863,2025-12-11T15:30:05.498+00:00
0.4656523735731934,0.4528271467213363,0.5430883762995088,0.5321376304173835,2025-12-11T15:29:56.18+00:00
0.46680336380013293,0.4507867684639712,0.5445194749582923,0.5313985795180829,2025-12-11T15:29:57.673+00:00
0.45794909589292504,0.45317839988370623,0.5406094567965081,0.5409744713679939,2025-12-11T15:29:58.868+00:00
0.4589494144027202,0.4510083334421019,0.543767376189733,0.538770785006863,2025-12-11T15:29:59.423+00:00
0.45618656919890055,0.451434234355018,0.5442805731100789,0.5402403204776551,2025-12-11T15:30:00.272+00:00
0.454487646282019,0.454487646282019,0.5431596035091908,0.5402403204776551,2025-12-11T15:30:00.46+00:00
0.45427242449736677,0.452689475755099,0.5477389284615504,0.5372996083468239,2025-12-11T15:30:00.648+00:00
0.46482251508738126,0.45044435414925155,0.5450530136453664,0.53287627607073,2025-12-11T15:29:55.251+00:00
0.46423487584166706,0.4546123781543618,0.5413585817969964,0.5336145159156115,2025-12-11T15:29:55.979+00:00
0.46680336380013293,0.4507867684639712,0.5445194749582923,0.5313985795180829,2025-12-11T15:29:57.492+00:00
0.46596160890179084,0.4484048754922781,0.5464818285708879,0.5321376304173835,2025-12-11T15:29:58.149+00:00
0.4544092480853505,0.4544092480853506,0.5469224642320957,0.5365634059710975,2025-12-11T15:30:00.843+00:00
0.4609836574614015,0.44516674337998463,0.5453998847379498,0.5402403204776551,2025-12-11T15:30:05.793+00:00
0.4442386699801527,0.43503064663476,0.5520344706314565,0.5555702330196023,2025-12-11T15:30:06.229+00:00
0.4649721280441943,0.4521656368494914,0.5442211859973106,0.5321376304173835,2025-12-11T15:29:55.578+00:00
0.4652269804029932,0.4524134699391943,0.5445194749582923,0.5313985795180829,2025-12-11T15:29:55.666+00:00
0.4656523735731934,0.4528271467213363,0.5430883762995088,0.5321376304173835,2025-12-11T15:29:56.469+00:00
0.46658679791411667,0.4537358346871686,0.5422509585230378,0.5313985795180829,2025-12-11T15:29:56.688+00:00
0.4672079039738668,0.4527559567964809,0.5439801388324652,0.5299192642332049,2025-12-11T15:29:56.952+00:00
0.4679974001899428,0.4519398360023217,0.5439801388324652,0.5299192642332049,2025-12-11T15:29:57.049+00:00
0.46680336380013293,0.4507867684639712,0.5445194749582923,0.5313985795180829,2025-12-11T15:29:57.771+00:00
0.4614382502621456,0.451873720049004,0.5438515680832595,0.5358267949789965,2025-12-11T15:29:58.557+00:00
0.458361461696955,0.453586469856795,0.539181138121645,0.5417082102827399,2025-12-11T15:29:59.209+00:00
0.4572777299362767,0.45251402789848133,0.5417331018015582,0.5409744713679939,2025-12-11T15:30:00.168+00:00
0.4549383556743725,0.4486301549780652,0.5476335204412308,0.5402403204776551,2025-12-11T15:30:05.162+00:00
0.45804619493806203,0.45327448739714393,0.5426434958614245,0.538770785006863,2025-12-11T15:29:58.659+00:00
0.4561030935827518,0.4513516283481609,0.5480432345941353,0.5365634059710975,2025-12-11T15:30:01.121+00:00
0.4541768928399205,0.44631838956417796,0.5515879679345831,0.538770785006863,2025-12-11T15:30:03.66+00:00
0.4549383556743725,0.4486301549780652,0.5476335204412308,0.5402403204776551,2025-12-11T15:30:04.85+00:00
0.45752181543194775,0.44803846370637185,0.548857407997595,0.5372996083468239,2025-12-11T15:30:05.602+00:00
0.45667492343083066,0.44565039153961367,0.5507827607267491,0.5380354015455252,2025-12-11T15:30:05.697+00:00
0.44383808797581037,0.4392143937398454,0.5505011254810257,0.5541181993382285,2025-12-11T15:30:06.968+00:00
0.44230223961719817,0.44076100194537826,0.5505011254810257,0.5541181993382285,2025-12-11T15:30:07.075+00:00
0.4665476478950565,0.4505398264848992,0.5442211859973106,0.5321376304173835,2025-12-11T15:29:55.381+00:00
0.4525155777670876,0.4540979184289468,0.5436698881388295,0.5417082102827399,2025-12-11T15:29:59.968+00:00
0.4530565310297019,0.453056531029702,0.5491623355214382,0.5365634059710975,2025-12-11T15:30:00.741+00:00
0.45364509249549745,0.4489192335478995,0.5470190734497188,0.5417082102827399,2025-12-11T15:30:04.074+00:00
0.4525552718102059,0.4462801150881069,0.5486249190061667,0.5431744499506707,2025-12-11T15:30:04.168+00:00
0.45425710804309355,0.4479583535645614,0.5487478377125994,0.5402403204776551,2025-12-11T15:30:04.958+00:00
0.46414783621442895,0.4420020109601185,0.541632937177354,0.5439069495872503,2025-12-11T15:30:05.875+00:00
0.4364188767314828,0.43947634023729654,0.5518253727165374,0.5584692188745206,2025-12-11T15:30:06.494+00:00
0.46700860718971,0.45414602628409284,0.540817797335542,0.5321376304173835,2025-12-11T15:29:55.871+00:00
0.4598025526825753,0.45501254824150467,0.5389607874325353,0.5395057581708109,2025-12-11T15:29:58.981+00:00
0.45125854623808487,0.45283649135601295,0.5479401184837668,0.5395057581708109,2025-12-11T15:30:00.941+00:00
0.45212772940561874,0.44585850101042523,0.5500435370784851,0.5424415366631188,2025-12-11T15:30:04.377+00:00
0.45425710804309355,0.4479583535645614,0.5487478377125994,0.5402403204776551,2025-12-11T15:30:04.768+00:00
0.45425710804309355,0.4479583535645614,0.5487478377125994,0.5402403204776551,2025-12-11T15:30:05.392+00:00
0.4550382505913456,0.4471648434690669,0.5487478377125994,0.5402403204776551,2025-12-11T15:30:05.301+00:00
0.4378657574726999,0.44093335753607205,0.5517123714581379,0.5562956155003048,2025-12-11T15:30:06.682+00:00
0.45323275944280167,0.4376817881687484,0.5477094785273903,0.5504807400849956,2025-12-11T15:30:08.323+00:00
0.4487600376263174,0.43487873060232496,0.552868408033157,0.5512090725833704,2025-12-11T15:30:09.522+00:00
0.4503699051501333,0.43491716191441027,0.5558667998139074,0.5468328004719724,2025-12-11T15:30:09.817+00:00
0.4458635956565313,0.4366218914216219,0.55600442742574,0.5490228179981317,2025-12-11T15:30:09.93+00:00
0.4485242207647886,0.43769645396153073,0.5544568097293857,0.5475632234925503,2025-12-11T15:30:15.489+00:00
0.44842396448686367,0.4437524967691596,0.5561890784734453,0.5409744713679939,2025-12-11T15:30:16.933+00:00
0.45093159498551655,0.440045712063968,0.553523973713726,0.5446390350150271,2025-12-11T15:30:18.493+00:00
0.4415299308277327,0.4399913843279078,0.5495398894307909,0.5562956155003048,2025-12-11T15:30:06.402+00:00
0.44469294860797504,0.44006034884027534,0.5535050335077383,0.5497519883715907,2025-12-11T15:30:07.595+00:00
0.4477746104411467,0.4415657426370978,0.5505374996228848,0.5490228179981317,2025-12-11T15:30:07.906+00:00
0.4494148674584206,0.43399489273600567,0.5566410210044179,0.5475632234925503,2025-12-11T15:30:10.043+00:00
0.4523410281690483,0.4352974977793532,0.5554047857661414,0.5453707056764864,2025-12-11T15:30:10.865+00:00
0.4432826170595034,0.44638816655949654,0.5546227976800349,0.5446390350150271,2025-12-11T15:30:16.295+00:00
0.4494643810884506,0.4416874171636079,0.5555638351752851,0.5424415366631188,2025-12-11T15:30:17.14+00:00
0.4513627595855811,0.4420070706094489,0.5530487552750922,0.5431744499506707,2025-12-11T15:30:18.028+00:00
0.4518780945598672,0.4409693623111341,0.5527363199126215,0.5439069495872503,2025-12-11T15:30:18.117+00:00
0.44646340616702995,0.44490766857621616,0.5459790816876104,0.5519369853120581,2025-12-11T15:30:19.138+00:00
0.4465131111471848,0.4449572003553762,0.5422000070159648,0.5555702330196023,2025-12-11T15:30:19.242+00:00
0.4513666104256784,0.44201084163068327,0.5472371918932039,0.5490228179981317,2025-12-11T15:30:08.118+00:00
0.4459908557490934,0.4337071560979052,0.5581793660240846,0.5490228179981317,2025-12-11T15:30:10.156+00:00
0.44979991345453885,0.43741130286133334,0.5550892163982609,0.546101961014429,2025-12-11T15:30:10.375+00:00
0.4504285482104113,0.43345707719243987,0.5569586820553466,0.5468328004719724,2025-12-11T15:30:10.553+00:00
0.44713632542922815,0.4363420636327125,0.5566410210044179,0.5475632234925503,2025-12-11T15:30:10.658+00:00
0.4527201167615009,0.4402510764915863,0.554775360339411,0.5417082102827399,2025-12-11T15:30:17.434+00:00
0.45118059559241536,0.44182868244764395,0.554775360339411,0.5417082102827399,2025-12-11T15:30:17.62+00:00
0.4511077699738121,0.44175736633292123,0.5527363199126215,0.5439069495872503,2025-12-11T15:30:18.311+00:00
0.4518780945598672,0.4409693623111341,0.5527363199126215,0.5439069495872503,2025-12-11T15:30:18.397+00:00
0.4540397293917981,0.4338897897943029,0.5478590599015238,0.5526644777167218,2025-12-11T15:30:06.145+00:00
0.4426389446864072,0.4380277425552558,0.5509484345938331,0.5555702330196023,2025-12-11T15:30:06.32+00:00
0.4531579730385539,0.439140626513246,0.5524234636173985,0.5446390350150271,2025-12-11T15:30:15.373+00:00
0.45231168008593076,0.44139248070354425,0.5513212707433971,0.5446390350150271,2025-12-11T15:30:15.74+00:00
0.4463574335356365,0.447918240613907,0.5516335028291107,0.5439069495872503,2025-12-11T15:30:16.209+00:00
0.44722996322849823,0.4425709340483725,0.5566628311902472,0.5424415366631188,2025-12-11T15:30:16.84+00:00
0.4521335195992218,0.44121862116673805,0.5530487552750922,0.5431744499506707,2025-12-11T15:30:17.923+00:00
0.4516989324411532,0.4392580181323832,0.553523973713726,0.5446390350150271,2025-12-11T15:30:18.857+00:00
0.4396332327651898,0.4473740278580923,0.5376034709851352,0.5635260489375714,2025-12-11T15:30:19.86+00:00
0.4422883029612664,0.43615550860372526,0.5534411357210184,0.5548444274479992,2025-12-11T15:30:06.868+00:00
0.4498986238632245,0.4375072945393609,0.5513178273485343,0.5497519883715907,2025-12-11T15:30:09.436+00:00
0.4506615325200556,0.4367214073478069,0.5513178273485343,0.5497519883715907,2025-12-11T15:30:09.623+00:00
0.45177043656192245,0.4377960101235746,0.5546227976800349,0.5446390350150271,2025-12-11T15:30:10.464+00:00
0.44492746205290196,0.4433770765826936,0.5557199321691169,0.5446390350150271,2025-12-11T15:30:16.466+00:00
0.45048810939242406,0.44115054985873337,0.5558766684864974,0.5417082102827399,2025-12-11T15:30:17.324+00:00
0.4482703227361725,0.4389787327064576,0.5550892163982609,0.546101961014429,2025-12-11T15:30:18.963+00:00
0.4535942116940224,0.44110109667127523,0.5519453148219152,0.5431744499506707,2025-12-11T15:30:19.051+00:00
0.4489849899470726,0.44275933895306646,0.5404671371476467,0.5570205743376967,2025-12-11T15:30:19.329+00:00
0.44859319738309805,0.43929491492094214,0.5574456367279211,0.5431744499506707,2025-12-11T15:30:17.022+00:00
0.4479374239269384,0.440186880540095,0.5478590599015238,0.5526644777167218,2025-12-11T15:30:20.368+00:00
0.4490980037534196,0.42469087051136517,0.5604616006746342,0.5512090725833704,2025-12-11T15:30:20.909+00:00
0.4484415020628668,0.43154489995859635,0.5564532085834355,0.5504807400849956,2025-12-11T15:30:21.584+00:00
0.4417046228202969,0.43863165701764856,0.5526774075383311,0.5541181993382285,2025-12-11T15:30:06.783+00:00
0.447858582443038,0.44010940322964615,0.5516342525970878,0.5490228179981317,2025-12-11T15:30:07.169+00:00
0.4479823572582099,0.4341251058966007,0.5519103126792381,0.5533915492433441,2025-12-11T15:30:08.624+00:00
0.45053473022884544,0.4335592584319367,0.5531869314084039,0.5504807400849956,2025-12-11T15:30:08.711+00:00
0.4525649294594469,0.43248044036690014,0.5538227140889116,0.5490228179981317,2025-12-11T15:30:08.888+00:00
0.45144277590339676,0.4390089167840615,0.5532100726294232,0.5453707056764864,2025-12-11T15:30:15.165+00:00
0.4474144030511867,0.442753452464656,0.5549368995333345,0.5439069495872503,2025-12-11T15:30:16.13+00:00
0.4495411181143338,0.440223187483721,0.5566628311902472,0.5424415366631188,2025-12-11T15:30:17.229+00:00
0.4465728785961604,0.4497014790114766,0.5374722616585591,0.5562956155003048,2025-12-11T15:30:20.052+00:00
0.45211489673681016,0.4216039618746465,0.562508813084431,0.5490228179981317,2025-12-11T15:30:20.999+00:00
0.44895942160912866,0.4381211486770222,0.553045957668028,0.5482932295199139,2025-12-11T15:30:07.502+00:00
0.4511077001219395,0.4417572979289138,0.5469232888611727,0.5497519883715907,2025-12-11T15:30:08.002+00:00
0.45105253381780125,0.4340575519595567,0.5538227140889116,0.5490228179981317,2025-12-11T15:30:08.791+00:00
0.45081880052604234,0.4368738106481758,0.5554047857661414,0.5453707056764864,2025-12-11T15:30:10.755+00:00
0.44837135515432563,0.4406133035696289,0.5522658425731028,0.5475632234925503,2025-12-11T15:30:15.604+00:00
0.44346643672015085,0.44346643672015096,0.5568153738389099,0.5446390350150271,2025-12-11T15:30:16.381+00:00
0.4534146118924998,0.4393893268645909,0.5527363199126215,0.5439069495872503,2025-12-11T15:30:18.763+00:00
0.45184195316828146,0.4424763316356327,0.5420436684672164,0.5533915492433441,2025-12-11T15:30:20.141+00:00
0.4472475404839033,0.4379771503259973,0.5538227140889116,0.5490228179981317,2025-12-11T15:30:07.684+00:00
0.45126038885267367,0.43730173950732726,0.5481758972456163,0.5519369853120581,2025-12-11T15:30:08.235+00:00
0.4526156067576089,0.4355617306591962,0.5499054883342073,0.5504807400849956,2025-12-11T15:30:08.434+00:00
0.44810410811289497,0.43122021850579273,0.5540844923567297,0.5533915492433441,2025-12-11T15:30:08.523+00:00
0.45158060214396006,0.43608631841104145,0.5554047857661414,0.5453707056764864,2025-12-11T15:30:10.955+00:00
0.44638816655949654,0.4432826170595034,0.5546227976800349,0.5446390350150271,2025-12-11T15:30:16.562+00:00
0.4474961583625395,0.44129115159059357,0.5560346553671894,0.5439069495872503,2025-12-11T15:30:16.649+00:00
0.4466409714405686,0.4435336631617125,0.5549368995333345,0.5439069495872503,2025-12-11T15:30:16.746+00:00
0.4519510445375887,0.4410405512126182,0.554775360339411,0.5417082102827399,2025-12-11T15:30:17.717+00:00
0.4511077699738121,0.44175736633292123,0.5527363199126215,0.5439069495872503,2025-12-11T15:30:17.807+00:00
0.4521335195992218,0.44121862116673805,0.5530487552750922,0.5431744499506707,2025-12-11T15:30:18.226+00:00
0.4507578775813889,0.4445076436282417,0.5522567064843524,0.5424415366631188,2025-12-11T15:30:18.668+00:00
0.4469122840374324,0.44380308822041414,0.539833641812134,0.5584692188745206,2025-12-11T15:30:19.417+00:00
0.447678676832665,0.44456414917457127,0.5503820563081832,0.5468328004719724,2025-12-11T15:30:15.919+00:00
0.4416793860898294,0.4510281391713759,0.5506955472446755,0.546101961014429,2025-12-11T15:30:16.021+00:00
0.45074911992388333,0.439867642109848,0.5552505787780446,0.5431744499506707,2025-12-11T15:30:17.53+00:00
0.4525678396552422,0.4416424563569098,0.5516335028291107,0.5439069495872503,2025-12-11T15:30:18.578+00:00
0.43558602752627523,0.44948991143220646,0.5383764922255015,0.564246741030474,2025-12-11T15:30:19.514+00:00
0.44067538433311826,0.4468717327850666,0.5379232969882223,0.5628049276950685,2025-12-11T15:30:19.606+00:00
0.4388517485846678,0.44814065082039173,0.5376034709851352,0.5635260489375714,2025-12-11T15:30:19.775+00:00
0.4492855426706238,0.4278488400923637,0.5586222569628404,0.5504807400849956,2025-12-11T15:30:21.29+00:00
0.4473714125885313,0.4335330593235069,0.5550463620040433,0.5512090725833704,2025-12-11T15:30:21.386+00:00
0.4537352224474758,0.436639160911867,0.5532100726294232,0.5453707056764864,2025-12-11T15:30:21.971+00:00
0.4552566132422071,0.43505266926030334,0.5532100726294232,0.5453707056764864,2025-12-11T15:30:22.164+00:00
0.4560152296112286,0.43425743435650926,0.5532100726294232,0.5453707056764864,2025-12-11T15:30:22.251+00:00
0.4404168549791218,0.4481714476162867,0.5385617197951743,0.5613613999582491,2025-12-11T15:30:19.958+00:00
0.4543724520169481,0.4342077464411355,0.5560346553671894,0.5439069495872503,2025-12-11T15:30:20.64+00:00
0.4522655595820036,0.435224872735292,0.5533621689698109,0.5475632234925503,2025-12-11T15:30:21.871+00:00
0.45581614241140933,0.43864167493772466,0.5499053725096169,0.5453707056764864,2025-12-11T15:30:22.773+00:00
0.45881634150540423,0.4384544194769912,0.5497333933185042,0.5431744499506707,2025-12-11T15:30:23.484+00:00
0.45917306227444993,0.44033113533532053,0.5472054644523429,0.5439069495872503,2025-12-11T15:30:24.098+00:00
0.4596473651075676,0.436189062670939,0.5508401930475884,0.5431744499506707,2025-12-11T15:30:26.037+00:00
0.4594490256843536,0.4344793453604857,0.5516335028291107,0.5439069495872503,2025-12-11T15:30:26.616+00:00
0.458690016777793,0.43528057302797923,0.5516335028291107,0.5439069495872503,2025-12-11T15:30:27.599+00:00
0.4495982723865699,0.43417200481636375,0.5549144159400992,0.5490228179981317,2025-12-11T15:30:20.464+00:00
0.45144137624947545,0.4329167150107276,0.5572759189580105,0.546101961014429,2025-12-11T15:30:20.554+00:00
0.45449661008258907,0.4358465789182181,0.5532100726294232,0.5453707056764864,2025-12-11T15:30:22.352+00:00
0.4559539686519727,0.43571907656470465,0.5521101866276769,0.5453707056764864,2025-12-11T15:30:22.53+00:00
0.457024720518925,0.43980471563779544,0.5494228309126304,0.5439069495872503,2025-12-11T15:30:24.315+00:00
0.45805039575286444,0.43925453684845805,0.5497333933185042,0.5431744499506707,2025-12-11T15:30:24.416+00:00
0.4607265498926241,0.4341667371755345,0.5522567064843524,0.5424415366631188,2025-12-11T15:30:25.639+00:00
0.45938769525069456,0.4359426451777225,0.5505290053742834,0.5439069495872503,2025-12-11T15:30:26.718+00:00
0.45668688013259834,0.4410173937457139,0.5480046290556236,0.5446390350150271,2025-12-11T15:30:23.121+00:00
0.45881634150540423,0.4384544194769912,0.5497333933185042,0.5431744499506707,2025-12-11T15:30:23.572+00:00
0.4583665438531835,0.43649656064829506,0.5502173984491922,0.5446390350150271,2025-12-11T15:30:24.507+00:00
0.4610397398209962,0.43294513335774937,0.5536723622503652,0.5417082102827399,2025-12-11T15:30:25.342+00:00
0.45749014498445373,0.43566197728463857,0.5530487552750922,0.5431744499506707,2025-12-11T15:30:26.445+00:00
0.4578631726923022,0.4375435515745076,0.5505290053742834,0.5439069495872503,2025-12-11T15:30:26.529+00:00
0.46168715181766334,0.43507196263652875,0.5514613096912273,0.5417082102827399,2025-12-11T15:30:28.09+00:00
0.4614273259810429,0.43482711515433853,0.5511509612321243,0.5424415366631188,2025-12-11T15:30:28.178+00:00
0.45009778849846854,0.42712685284177476,0.5606684999470647,0.5482932295199139,2025-12-11T15:30:21.1+00:00
0.4505488204179573,0.427554866151827,0.559264286511548,0.5490228179981317,2025-12-11T15:30:21.197+00:00
0.45970873020838277,0.43472493572041576,0.5519453148219152,0.5431744499506707,2025-12-11T15:30:25.954+00:00
0.4572316938119094,0.4354158575592268,0.5527363199126215,0.5439069495872503,2025-12-11T15:30:26.329+00:00
0.4594490256843536,0.4344793453604857,0.5516335028291107,0.5439069495872503,2025-12-11T15:30:27.912+00:00
0.4540415491740904,0.4278671111812038,0.5597738830840313,0.5453707056764864,2025-12-11T15:30:20.726+00:00
0.45623748947363635,0.42396203799154186,0.5588184497842744,0.5475632234925503,2025-12-11T15:30:20.811+00:00
0.44730789208805993,0.4349879179738215,0.5539582287450174,0.5512090725833704,2025-12-11T15:30:21.494+00:00
0.4531000762849177,0.43450735115599537,0.5554047857661414,0.5453707056764864,2025-12-11T15:30:22.073+00:00
0.457024720518925,0.43980471563779544,0.5494228309126304,0.5439069495872503,2025-12-11T15:30:23.207+00:00
0.4570988181551089,0.4383420067407382,0.5505290053742834,0.5439069495872503,2025-12-11T15:30:23.298+00:00
0.4606677070888734,0.43563179507577254,0.5511509612321243,0.5424415366631188,2025-12-11T15:30:24.936+00:00
0.4614273259810429,0.43482711515433853,0.5511509612321243,0.5424415366631188,2025-12-11T15:30:25.107+00:00
0.46092710519050056,0.43587709566644167,0.5514613096912273,0.5417082102827399,2025-12-11T15:30:25.203+00:00
0.4588853718807993,0.4369906339018063,0.5508401930475884,0.5431744499506707,2025-12-11T15:30:26.129+00:00
0.4591276755501077,0.43569589569521777,0.5502173984491922,0.5446390350150271,2025-12-11T15:30:26.845+00:00
0.4611671487474411,0.4345819365323846,0.5508401930475884,0.5431744499506707,2025-12-11T15:30:27.697+00:00
0.46092710519050056,0.43587709566644167,0.5514613096912273,0.5417082102827399,2025-12-11T15:30:28.282+00:00
0.44762915611349346,0.4337828301755404,0.5553661401611513,0.5504807400849956,2025-12-11T15:30:21.675+00:00
0.4578631726923022,0.4375435515745076,0.5505290053742834,0.5439069495872503,2025-12-11T15:30:23.393+00:00
0.459968084644216,0.4349701950183963,0.5522567064843524,0.5424415366631188,2025-12-11T15:30:25.024+00:00
0.4606677070888734,0.43563179507577254,0.5511509612321243,0.5424415366631188,2025-12-11T15:30:25.716+00:00
0.4576040158922746,0.4372958959571493,0.5502173984491922,0.5446390350150271,2025-12-11T15:30:26.243+00:00
0.46040795816874763,0.435386162732541,0.5508401930475884,0.5431744499506707,2025-12-11T15:30:27.408+00:00
0.46148361168806,0.4333619567854962,0.5522567064843524,0.5424415366631188,2025-12-11T15:30:27.982+00:00
0.4602270887943436,0.43521512306765153,0.5525676775792837,0.5417082102827399,2025-12-11T15:30:28.534+00:00
0.45870510064816167,0.43681896392701136,0.5525676775792837,0.5417082102827399,2025-12-11T15:30:28.625+00:00
0.4554609705100174,0.4398335465842595,0.5542942826436024,0.5402403204776551,2025-12-11T15:30:30.309+00:00
0.4577149776456485,0.4404689649129569,0.548314982813751,0.5439069495872503,2025-12-11T15:30:23.046+00:00
0.459509304567056,0.43911662936236406,0.5486249190061667,0.5431744499506707,2025-12-11T15:30:23.925+00:00
0.45615618449433315,0.4405049069250022,0.5531883571196774,0.5402403204776551,2025-12-11T15:30:31.048+00:00
0.4560747804739189,0.4388905679065907,0.5502173984491922,0.5446390350150271,2025-12-11T15:30:22.858+00:00
0.46136592625980394,0.4362920681231518,0.5500435370784851,0.5424415366631188,2025-12-11T15:30:24.846+00:00
0.4596473651075676,0.436189062670939,0.5508401930475884,0.5431744499506707,2025-12-11T15:30:25.847+00:00
0.4596473651075676,0.436189062670939,0.5508401930475884,0.5431744499506707,2025-12-11T15:30:26.941+00:00
0.45938769525069456,0.4359426451777225,0.5505290053742834,0.5439069495872503,2025-12-11T15:30:27.792+00:00
0.458766534943066,0.4353531860555333,0.5536723622503652,0.5417082102827399,2025-12-11T15:30:29.002+00:00
0.45902436775980204,0.4355978602627521,0.5539835333882636,0.5409744713679939,2025-12-11T15:30:29.097+00:00
0.45538666401953626,0.44130037832590974,0.5531883571196774,0.5402403204776551,2025-12-11T15:30:30.033+00:00
0.4539971965845558,0.43995389070741825,0.5553985196910142,0.5402403204776551,2025-12-11T15:30:30.118+00:00
0.4554609705100174,0.4398335465842595,0.5542942826436024,0.5402403204776551,2025-12-11T15:30:30.567+00:00
0.456668153873543,0.43946158388794154,0.5528782278698912,0.5409744713679939,2025-12-11T15:30:30.645+00:00
0.4563346585308129,0.4422190489184665,0.5523898343541016,0.5395057581708109,2025-12-11T15:30:30.747+00:00
0.4578631726923022,0.4375435515745076,0.5505290053742834,0.5439069495872503,2025-12-11T15:30:23.828+00:00
0.4585571411209925,0.43820672220949075,0.5494228309126304,0.5439069495872503,2025-12-11T15:30:24.006+00:00
0.4585571411209925,0.43820672220949075,0.5494228309126304,0.5439069495872503,2025-12-11T15:30:24.597+00:00
0.45970873020838277,0.43472493572041576,0.5519453148219152,0.5431744499506707,2025-12-11T15:30:27.038+00:00
0.45970873020838277,0.43472493572041576,0.5519453148219152,0.5431744499506707,2025-12-11T15:30:27.134+00:00
0.4597839299275281,0.4347960485597495,0.5539835333882636,0.5409744713679939,2025-12-11T15:30:29.193+00:00
0.45685000894780226,0.44117492541140396,0.55208074648808,0.5402403204776551,2025-12-11T15:30:31.242+00:00
0.45545108569851317,0.4367618881254436,0.5524234636173985,0.5446390350150271,2025-12-11T15:30:22.44+00:00
0.4560747804739189,0.4388905679065907,0.5502173984491922,0.5446390350150271,2025-12-11T15:30:22.953+00:00
0.458662954224082,0.4413812231580598,0.5475147734871809,0.5431744499506707,2025-12-11T15:30:24.209+00:00
0.46136592625980394,0.4362920681231518,0.5500435370784851,0.5424415366631188,2025-12-11T15:30:24.782+00:00
0.45938769525069456,0.4359426451777225,0.5505290053742834,0.5439069495872503,2025-12-11T15:30:27.227+00:00
0.46040795816874763,0.435386162732541,0.5508401930475884,0.5431744499506707,2025-12-11T15:30:27.504+00:00
0.46092710519050056,0.43587709566644167,0.5514613096912273,0.5417082102827399,2025-12-11T15:30:28.409+00:00
0.4548924976084112,0.43622622140605677,0.5576019149066618,0.5402403204776551,2025-12-11T15:30:29.479+00:00
0.4544377124083022,0.4403807802389692,0.5539835333882636,0.5409744713679939,2025-12-11T15:30:29.947+00:00
0.4585083527556567,0.435108180307925,0.5533607694668776,0.5424415366631188,2025-12-11T15:30:28.808+00:00
0.45826989123638134,0.4379322202573832,0.5549145145603263,0.538770785006863,2025-12-11T15:30:29.287+00:00
0.4565500169824791,0.43781572533777335,0.5557094650451763,0.5395057581708109,2025-12-11T15:30:29.388+00:00
0.45685000894780226,0.44117492541140396,0.55208074648808,0.5402403204776551,2025-12-11T15:30:31.132+00:00
0.457362757044668,0.44013001545508057,0.551771238188554,0.5409744713679939,2025-12-11T15:30:31.723+00:00
0.45702907731457776,0.44134784972312213,0.5503532619563848,0.5417082102827399,2025-12-11T15:30:32.133+00:00
0.45900510975908804,0.4417104867865269,0.5498604834028878,0.5402403204776551,2025-12-11T15:30:33.806+00:00
0.45900510975908804,0.4417104867865269,0.5498604834028878,0.5402403204776551,2025-12-11T15:30:33.906+00:00
0.4599532795645417,0.44262293097814615,0.5490550596166803,0.5395057581708109,2025-12-11T15:30:35.376+00:00
0.4578024751906762,0.44519345410353417,0.5473265053519464,0.5409744713679939,2025-12-11T15:30:35.903+00:00
0.4584469530344177,0.4365731332767384,0.5522567064843524,0.5424415366631188,2025-12-11T15:30:28.727+00:00
0.4580060019370456,0.4361532212216415,0.5536723622503652,0.5417082102827399,2025-12-11T15:30:28.911+00:00
0.4539971965845558,0.43995389070741825,0.5553985196910142,0.5402403204776551,2025-12-11T15:30:29.588+00:00
0.4547643691125972,0.439160846434256,0.5553985196910142,0.5402403204776551,2025-12-11T15:30:29.68+00:00
0.4537426760253833,0.43970724312651827,0.5550871513767189,0.5409744713679939,2025-12-11T15:30:29.769+00:00
0.45538666401953626,0.44130037832590974,0.5531883571196774,0.5402403204776551,2025-12-11T15:30:30.391+00:00
0.4577986781410129,0.44054951169939927,0.5503532619563848,0.5417082102827399,2025-12-11T15:30:32.585+00:00
0.4587477816564526,0.4414628544202149,0.5495522198304353,0.5409744713679939,2025-12-11T15:30:32.843+00:00
0.45969591426053236,0.4423752628121521,0.5487478377125994,0.5402403204776551,2025-12-11T15:30:33.151+00:00
0.46046730419835147,0.441572268717421,0.5487478377125994,0.5402403204776551,2025-12-11T15:30:34.72+00:00
0.4571837934420232,0.44770744811770136,0.5465175349831858,0.5402403204776551,2025-12-11T15:30:37.136+00:00
0.4544377124083022,0.4403807802389692,0.5539835333882636,0.5409744713679939,2025-12-11T15:30:29.854+00:00
0.4554609705100174,0.4398335465842595,0.5542942826436024,0.5402403204776551,2025-12-11T15:30:30.479+00:00
0.4559004535602637,0.4402579504326004,0.5528782278698912,0.5409744713679939,2025-12-11T15:30:31.346+00:00
0.4571058575504331,0.4398827955478484,0.5514613096912273,0.5417082102827399,2025-12-11T15:30:31.823+00:00
0.45977534049660773,0.440908699384999,0.5498604834028878,0.5402403204776551,2025-12-11T15:30:34.203+00:00
0.46021029459412005,0.44287026206752356,0.5493618633914488,0.538770785006863,2025-12-11T15:30:35.271+00:00
0.4557206696990886,0.44783545485854376,0.5476335204412308,0.5402403204776551,2025-12-11T15:30:36.274+00:00
0.4566572216085516,0.44875580185673886,0.546823508230226,0.5395057581708109,2025-12-11T15:30:36.371+00:00
0.4571837934420232,0.44770744811770136,0.5465175349831858,0.5402403204776551,2025-12-11T15:30:37.239+00:00
0.45854400922963023,0.44903946982952564,0.5442805731100789,0.5402403204776551,2025-12-11T15:30:39.727+00:00
0.45915966748435866,0.44807515169944795,0.54601016419867,0.538770785006863,2025-12-11T15:30:40.259+00:00
0.45854400922963023,0.44903946982952564,0.5442805731100789,0.5402403204776551,2025-12-11T15:30:40.785+00:00
0.454692622838338,0.4406278056310198,0.5542942826436024,0.5402403204776551,2025-12-11T15:30:30.233+00:00
0.4583129070484767,0.4410443652341557,0.5509714541227846,0.5402403204776551,2025-12-11T15:30:31.442+00:00
0.4560806062739995,0.44043192188600605,0.5511509612321243,0.5424415366631188,2025-12-11T15:30:32.217+00:00
0.4572859336573119,0.4415958930100385,0.5506625677163345,0.5409744713679939,2025-12-11T15:30:32.304+00:00
0.4580559670095172,0.4407971063098633,0.5506625677163345,0.5409744713679939,2025-12-11T15:30:32.386+00:00
0.4586658418695691,0.44292845488087934,0.5484401979131688,0.5409744713679939,2025-12-11T15:30:33.524+00:00
0.4587477816564526,0.4414628544202149,0.5495522198304353,0.5409744713679939,2025-12-11T15:30:33.606+00:00
0.45969591426053236,0.4423752628121521,0.5487478377125994,0.5402403204776551,2025-12-11T15:30:33.692+00:00
0.4549383556743725,0.4486301549780652,0.5476335204412308,0.5402403204776551,2025-12-11T15:30:36.464+00:00
0.4581209387271959,0.4486251685840841,0.5457052322574465,0.5395057581708109,2025-12-11T15:30:37.644+00:00
0.45864646144419624,0.44757433490175597,0.5453998847379498,0.5402403204776551,2025-12-11T15:30:38.054+00:00
0.45615618449433315,0.4405049069250022,0.5531883571196774,0.5402403204776551,2025-12-11T15:30:30.94+00:00
0.45977534049660773,0.440908699384999,0.5498604834028878,0.5402403204776551,2025-12-11T15:30:34.524+00:00
0.4581489357985151,0.4439772059043521,0.5487478377125994,0.5402403204776551,2025-12-11T15:30:35.645+00:00
0.45702476915405027,0.44599179168122854,0.5473265053519464,0.5409744713679939,2025-12-11T15:30:35.995+00:00
0.45770774890936217,0.44665828370816485,0.5462111455392687,0.5409744713679939,2025-12-11T15:30:36.083+00:00
0.455465182923948,0.44758438870385087,0.5473265053519464,0.5409744713679939,2025-12-11T15:30:36.187+00:00
0.4569274864083524,0.44745645372633097,0.5462111455392687,0.5409744713679939,2025-12-11T15:30:36.844+00:00
0.455465182923948,0.44758438870385087,0.5473265053519464,0.5409744713679939,2025-12-11T15:30:37.028+00:00
0.45896457324255224,0.4494513165390905,0.5428550965936304,0.5409744713679939,2025-12-11T15:30:38.353+00:00
0.4594900748758762,0.4483975827676817,0.5425501762702991,0.5417082102827399,2025-12-11T15:30:39.342+00:00
0.4583157220512064,0.44569256486642833,0.5479401184837668,0.5395057581708109,2025-12-11T15:30:39.927+00:00
0.4551313644951385,0.4410529758751908,0.5528782278698912,0.5409744713679939,2025-12-11T15:30:30.862+00:00
0.457362757044668,0.44013001545508057,0.551771238188554,0.5409744713679939,2025-12-11T15:30:31.551+00:00
0.45677187292432,0.441099470330619,0.5500435370784851,0.5424415366631188,2025-12-11T15:30:32.046+00:00
0.4580559670095172,0.4407971063098633,0.5506625677163345,0.5409744713679939,2025-12-11T15:30:32.749+00:00
0.4587477816564526,0.4414628544202149,0.5495522198304353,0.5409744713679939,2025-12-11T15:30:33.443+00:00
0.45900510975908804,0.4417104867865269,0.5498604834028878,0.5402403204776551,2025-12-11T15:30:34.32+00:00
0.46021029459412005,0.44287026206752356,0.5493618633914488,0.538770785006863,2025-12-11T15:30:34.912+00:00
0.45874622474466026,0.44300607972104156,0.5504757540853225,0.538770785006863,2025-12-11T15:30:35.183+00:00
0.45823348081240123,0.4425109286613086,0.5498604834028878,0.5402403204776551,2025-12-11T15:30:35.556+00:00
0.4587437987592792,0.4461088512751219,0.5465175349831858,0.5402403204776551,2025-12-11T15:30:37.754+00:00
0.4563374214178351,0.4406799253876086,0.5514613096912273,0.5417082102827399,2025-12-11T15:30:31.642+00:00
0.4595175805861121,0.44066151651788943,0.5495522198304353,0.5409744713679939,2025-12-11T15:30:33.065+00:00
0.46003275026818086,0.44115554648095395,0.5501683282326626,0.5395057581708109,2025-12-11T15:30:34.428+00:00
0.4602091563581734,0.44132471383912103,0.5484401979131688,0.5409744713679939,2025-12-11T15:30:34.627+00:00
0.4589231240092359,0.4431769093551139,0.5487478377125994,0.5402403204776551,2025-12-11T15:30:35.472+00:00
0.4581489357985151,0.4439772059043521,0.5487478377125994,0.5402403204776551,2025-12-11T15:30:35.813+00:00
0.4579644936202861,0.44690883037731277,0.5465175349831858,0.5402403204776551,2025-12-11T15:30:37.55+00:00
0.45828693962983463,0.44878772867823363,0.543975437754934,0.5409744713679939,2025-12-11T15:30:38.149+00:00
0.4594900748758762,0.4483975827676817,0.5425501762702991,0.5417082102827399,2025-12-11T15:30:38.974+00:00
0.46140459325444627,0.4471321574664389,0.5448896001083111,0.538770785006863,2025-12-11T15:30:39.544+00:00
0.45915966748435866,0.44807515169944795,0.54601016419867,0.538770785006863,2025-12-11T15:30:39.826+00:00
0.4571837934420232,0.44770744811770136,0.5465175349831858,0.5402403204776551,2025-12-11T15:30:36.747+00:00
0.4571837934420232,0.44770744811770136,0.5465175349831858,0.5402403204776551,2025-12-11T15:30:36.925+00:00
0.45624567094071805,0.4467887706905796,0.5473265053519464,0.5409744713679939,2025-12-11T15:30:37.452+00:00
0.45802952102459854,0.44853564575556354,0.5436698881388295,0.5417082102827399,2025-12-11T15:30:38.262+00:00
0.45735087279959846,0.44787106431295187,0.5447879438945948,0.5417082102827399,2025-12-11T15:30:38.864+00:00
0.45797658530149205,0.4422628475501253,0.5495522198304353,0.5409744713679939,2025-12-11T15:30:33.24+00:00
0.4583129070484767,0.4410443652341557,0.5509714541227846,0.5402403204776551,2025-12-11T15:30:33.351+00:00
0.46071978139446784,0.44027338614419936,0.5481321404526699,0.5417082102827399,2025-12-11T15:30:34.819+00:00
0.46080201088745837,0.4403519663545178,0.5501683282326626,0.5395057581708109,2025-12-11T15:30:35.001+00:00
0.45977534049660773,0.440908699384999,0.5498604834028878,0.5402403204776551,2025-12-11T15:30:35.091+00:00
0.4589231240092359,0.4431769093551139,0.5487478377125994,0.5402403204776551,2025-12-11T15:30:35.733+00:00
0.45770774890936217,0.44665828370816485,0.5462111455392687,0.5409744713679939,2025-12-11T15:30:37.853+00:00
0.4593270321514441,0.44823847603715455,0.5442805731100789,0.5402403204776551,2025-12-11T15:30:37.949+00:00
0.45766436890101014,0.4497455227445923,0.542244842771407,0.5424415366631188,2025-12-11T15:30:38.57+00:00
0.458706774012244,0.44919886088081123,0.5425501762702991,0.5417082102827399,2025-12-11T15:30:38.654+00:00
0.45646104896537937,0.4501317345186951,0.5436698881388295,0.5417082102827399,2025-12-11T15:30:40.353+00:00
0.460544170678704,0.4401055688991083,0.5498604834028878,0.5402403204776551,2025-12-11T15:30:34.02+00:00
0.45556246566964587,0.44611972665874844,0.5484401979131688,0.5409744713679939,2025-12-11T15:30:36.556+00:00
0.4571837934420232,0.44770744811770136,0.5465175349831858,0.5402403204776551,2025-12-11T15:30:36.65+00:00
0.46344709873186063,0.449111482974041,0.5415179625469198,0.538770785006863,2025-12-11T15:30:41.659+00:00
0.45828693962983463,0.44878772867823363,0.543975437754934,0.5409744713679939,2025-12-11T15:30:38.751+00:00
0.4569274864083524,0.44745645372633097,0.5462111455392687,0.5409744713679939,2025-12-11T15:30:40.036+00:00
0.4571072870161509,0.4460723174899984,0.5493618633914488,0.538770785006863,2025-12-11T15:30:40.563+00:00
0.45650159551961167,0.4470393905545612,0.5476335204412308,0.5402403204776551,2025-12-11T15:30:40.665+00:00
0.4616186380128723,0.4504747605296938,0.5412155393790853,0.5395057581708109,2025-12-11T15:30:41.294+00:00
0.46386591182138925,0.44951734109299757,0.5400889860081683,0.5395057581708109,2025-12-11T15:30:44.01+00:00
0.4645421345922405,0.45017264654699396,0.5389607874325353,0.5395057581708109,2025-12-11T15:30:44.221+00:00
0.4664164747353743,0.4504131540370382,0.5363991600441166,0.5402403204776551,2025-12-11T15:30:46.37+00:00
0.4597358730205786,0.45020662908583264,0.543767376189733,0.538770785006863,2025-12-11T15:30:40.141+00:00
0.45962562759481235,0.45167284629525345,0.5426434958614245,0.538770785006863,2025-12-11T15:30:41.012+00:00
0.46031564415099907,0.4507743829236024,0.5406094567965081,0.5409744713679939,2025-12-11T15:30:42.54+00:00
0.4641251131714917,0.44976852467587447,0.5403907796747887,0.538770785006863,2025-12-11T15:30:43.124+00:00
0.4646959670650719,0.4503217205841212,0.5372286547567374,0.5409744713679939,2025-12-11T15:30:44.689+00:00
0.46376127513015875,0.44941594108488314,0.5380548359607121,0.5417082102827399,2025-12-11T15:30:44.783+00:00
0.4657423236947049,0.4497621339445392,0.5375300055990472,0.5402403204776551,2025-12-11T15:30:47.105+00:00
0.45802952102459854,0.44853564575556354,0.5436698881388295,0.5417082102827399,2025-12-11T15:30:38.454+00:00
0.45974831433155533,0.44864958809713973,0.5428550965936304,0.5409744713679939,2025-12-11T15:30:39.453+00:00
0.46187658361990247,0.4507264791042661,0.5415179625469198,0.538770785006863,2025-12-11T15:30:41.204+00:00
0.4626625458510574,0.4499196663058189,0.5415179625469198,0.538770785006863,2025-12-11T15:30:41.381+00:00
0.4616186380128723,0.4504747605296938,0.5412155393790853,0.5395057581708109,2025-12-11T15:30:41.472+00:00
0.46084269272282447,0.4497175472373035,0.5403057978433239,0.5417082102827399,2025-12-11T15:30:42.255+00:00
0.46308064994700987,0.45032625477298355,0.5400889860081683,0.5395057581708109,2025-12-11T15:30:42.443+00:00
0.4641251131714917,0.44976852467587447,0.5403907796747887,0.538770785006863,2025-12-11T15:30:42.928+00:00
0.4646959670650719,0.4503217205841212,0.5372286547567374,0.5409744713679939,2025-12-11T15:30:46.798+00:00
0.46720188319675376,0.44959841811507023,0.5363991600441166,0.5402403204776551,2025-12-11T15:30:46.899+00:00
0.4566708314045238,0.4472051185774063,0.5459043401318034,0.5417082102827399,2025-12-11T15:30:39.64+00:00
0.45528018423893035,0.4536937238769177,0.5431596035091908,0.5402403204776551,2025-12-11T15:30:40.475+00:00
0.46344709873186063,0.449111482974041,0.5415179625469198,0.538770785006863,2025-12-11T15:30:41.84+00:00
0.46354966558613236,0.447644708622101,0.5426434958614245,0.538770785006863,2025-12-11T15:30:43.015+00:00
0.46323638908983594,0.45047770447168817,0.5383572298437608,0.5409744713679939,2025-12-11T15:30:44.321+00:00
0.4623022471277791,0.44956929110730454,0.539181138121645,0.5417082102827399,2025-12-11T15:30:45.398+00:00
0.46584988956040596,0.44829736556784067,0.5386592137443598,0.5402403204776551,2025-12-11T15:30:45.489+00:00
0.4646959670650719,0.4503217205841212,0.5372286547567374,0.5409744713679939,2025-12-11T15:30:45.699+00:00
0.46746345079170637,0.4498501302359979,0.5366994684188761,0.5395057581708109,2025-12-11T15:30:47.193+00:00
0.4664164747353743,0.4504131540370382,0.5363991600441166,0.5402403204776551,2025-12-11T15:30:47.277+00:00
0.46603982239979946,0.4516240070024277,0.534966598550558,0.5409744713679939,2025-12-11T15:30:47.392+00:00
0.4651072071713838,0.45072023997179145,0.5357973180497239,0.5417082102827399,2025-12-11T15:30:47.568+00:00
0.46682734477088056,0.45080992661823116,0.534966598550558,0.5409744713679939,2025-12-11T15:30:47.659+00:00
0.4685481841255946,0.45089399244745965,0.5341325704893858,0.5402403204776551,2025-12-11T15:30:47.948+00:00
0.4685481841255946,0.45089399244745965,0.5341325704893858,0.5402403204776551,2025-12-11T15:30:48.042+00:00
0.46036625226494854,0.44768661836781953,0.5445852939718908,0.5395057581708109,2025-12-11T15:30:40.897+00:00
0.46240416130533235,0.4496683983144206,0.5412155393790853,0.5395057581708109,2025-12-11T15:30:41.567+00:00
0.4648017138055372,0.45042419630478064,0.5392619506786256,0.538770785006863,2025-12-11T15:30:44.133+00:00
0.4682855059709275,0.4506412116110391,0.5338331243220175,0.5409744713679939,2025-12-11T15:30:48.133+00:00
0.4690713096209632,0.4498232132684876,0.5338331243220175,0.5409744713679939,2025-12-11T15:30:48.226+00:00
0.46854400028669024,0.4493175417975106,0.5332330126041923,0.5424415366631188,2025-12-11T15:30:48.959+00:00
0.4680224711964766,0.4503880875917325,0.5335332716175027,0.5417082102827399,2025-12-11T15:30:49.048+00:00
0.46250922929584326,0.44820262426201474,0.5423404441136093,0.5395057581708109,2025-12-11T15:30:41.938+00:00
0.46225043381879494,0.44795183399749006,0.5420369793499532,0.5402403204776551,2025-12-11T15:30:42.035+00:00
0.46250922929584326,0.44820262426201474,0.5423404441136093,0.5395057581708109,2025-12-11T15:30:42.14+00:00
0.4610469603971671,0.44834857810163814,0.5434636967850852,0.5395057581708109,2025-12-11T15:30:42.723+00:00
0.46225043381879494,0.44795183399749006,0.5420369793499532,0.5402403204776551,2025-12-11T15:30:42.836+00:00
0.46386591182138925,0.44951734109299757,0.5400889860081683,0.5395057581708109,2025-12-11T15:30:43.505+00:00
0.46464976067975555,0.4487070581052332,0.5400889860081683,0.5395057581708109,2025-12-11T15:30:43.593+00:00
0.46464976067975555,0.4487070581052332,0.5400889860081683,0.5395057581708109,2025-12-11T15:30:43.699+00:00
0.4645421345922405,0.45017264654699396,0.5389607874325353,0.5395057581708109,2025-12-11T15:30:44.501+00:00
0.4656296454885246,0.45122651792242613,0.5363991600441166,0.5402403204776551,2025-12-11T15:30:45.81+00:00
0.46480602753187056,0.44885796325019517,0.5383572298437608,0.5409744713679939,2025-12-11T15:30:46.002+00:00
0.4652197589521679,0.44925749903856127,0.536926894791437,0.5417082102827399,2025-12-11T15:30:47.001+00:00
0.4666776808226411,0.44909396689890513,0.5357973180497239,0.5417082102827399,2025-12-11T15:30:49.146+00:00
0.4673507878253337,0.4497417122409447,0.5346661091764597,0.5417082102827399,2025-12-11T15:30:49.468+00:00
0.4611994598583394,0.45006570170227017,0.5426434958614245,0.538770785006863,2025-12-11T15:30:41.111+00:00
0.46172626410038725,0.4490091720879331,0.5423404441136093,0.5395057581708109,2025-12-11T15:30:42.63+00:00
0.46386591182138925,0.44951734109299757,0.5400889860081683,0.5395057581708109,2025-12-11T15:30:43.81+00:00
0.46480602753187056,0.44885796325019517,0.5383572298437608,0.5409744713679939,2025-12-11T15:30:45.202+00:00
0.4656296454885246,0.45122651792242613,0.5363991600441166,0.5402403204776551,2025-12-11T15:30:45.305+00:00
0.46536860352917203,0.45097355066509714,0.5360984431780629,0.5409744713679939,2025-12-11T15:30:46.593+00:00
0.4651072071713838,0.45072023997179145,0.5357973180497239,0.5417082102827399,2025-12-11T15:30:47.756+00:00
0.465893153592684,0.449907788683923,0.5357973180497239,0.5417082102827399,2025-12-11T15:30:47.852+00:00
0.4688078334626061,0.44957054871676394,0.5335332716175027,0.5417082102827399,2025-12-11T15:30:48.327+00:00
0.4688078334626061,0.44957054871676394,0.5335332716175027,0.5417082102827399,2025-12-11T15:30:48.414+00:00
0.4674607864714489,0.4482787770957803,0.5357973180497239,0.5417082102827399,2025-12-11T15:30:49.242+00:00
0.4681350229772606,0.4489253466585023,0.5346661091764597,0.5417082102827399,2025-12-11T15:30:49.347+00:00
0.4674607864714489,0.4482787770957803,0.5357973180497239,0.5417082102827399,2025-12-11T15:30:49.54+00:00
0.46944455076477937,0.4486109568522939,0.5352666805243198,0.5402403204776551,2025-12-11T15:30:49.644+00:00
0.4631882760345248,0.4488606663312226,0.5412155393790853,0.5395057581708109,2025-12-11T15:30:41.753+00:00
0.46334644955663473,0.4490139471377622,0.5394841650012977,0.5409744713679939,2025-12-11T15:30:42.351+00:00
0.4639709798119001,0.44805156704059146,0.5412155393790853,0.5395057581708109,2025-12-11T15:30:43.314+00:00
0.46386591182138925,0.44951734109299757,0.5400889860081683,0.5395057581708109,2025-12-11T15:30:43.4+00:00
0.46376127513015875,0.44941594108488314,0.5380548359607121,0.5417082102827399,2025-12-11T15:30:44.879+00:00
0.46480602753187056,0.44885796325019517,0.5383572298437608,0.5409744713679939,2025-12-11T15:30:44.977+00:00
0.4646959670650719,0.4503217205841212,0.5372286547567374,0.5409744713679939,2025-12-11T15:30:46.188+00:00
0.46498955015759497,0.4521825791144704,0.5346661091764597,0.5417082102827399,2025-12-11T15:30:47.483+00:00
0.4676077576022803,0.4484197173429713,0.5340639091429068,0.5431744499506707,2025-12-11T15:30:48.871+00:00
0.4631882760345248,0.4488606663312226,0.5412155393790853,0.5395057581708109,2025-12-11T15:30:43.21+00:00
0.46438976747560134,0.4484559855864554,0.5397867810402905,0.5402403204776551,2025-12-11T15:30:44.417+00:00
0.4642318153960962,0.44674025800721007,0.5406094567965081,0.5409744713679939,2025-12-11T15:30:45.604+00:00
0.46854400028669024,0.4493175417975106,0.5332330126041923,0.5424415366631188,2025-12-11T15:30:48.698+00:00
0.46787156844204664,0.44867270284262734,0.5343652126308608,0.5424415366631188,2025-12-11T15:30:48.788+00:00
0.4717131942868988,0.44142139997577734,0.5287766681450221,0.5504807400849956,2025-12-11T15:30:50.521+00:00
0.30831210116024255,0.3226301846037382,0.6233271815882152,0.642118865128573,2025-12-11T15:30:51.842+00:00
0.2982354833452985,0.30242898051178824,0.6320861508262255,0.6481199010631309,2025-12-11T15:30:51.957+00:00
0.2631936203579659,0.20341914635634753,0.685047708517034,0.6481199010631309,2025-12-11T15:30:52.663+00:00
0.46386591182138925,0.44951734109299757,0.5400889860081683,0.5395057581708109,2025-12-11T15:30:43.913+00:00
0.4650667539221463,0.44910974379858043,0.5386592137443598,0.5402403204776551,2025-12-11T15:30:44.603+00:00
0.46376127513015875,0.44941594108488314,0.5380548359607121,0.5417082102827399,2025-12-11T15:30:45.087+00:00
0.46480602753187056,0.44885796325019517,0.5383572298437608,0.5409744713679939,2025-12-11T15:30:45.9+00:00
0.4681350229772606,0.4489253466585023,0.5346661091764597,0.5417082102827399,2025-12-11T15:30:50.031+00:00
0.4680224711964766,0.4503880875917325,0.5335332716175027,0.5417082102827399,2025-12-11T15:30:50.119+00:00
0.28677623542088587,0.3345875749279126,0.6293410189451846,0.6401096994849554,2025-12-11T15:30:51.354+00:00
0.4688078334626061,0.44957054871676394,0.5335332716175027,0.5417082102827399,2025-12-11T15:30:48.5+00:00
0.4680224711964766,0.4503880875917325,0.5335332716175027,0.5417082102827399,2025-12-11T15:30:48.598+00:00
0.4664063521579555,0.4472676109439655,0.5345887395045716,0.5446390350150271,2025-12-11T15:30:50.323+00:00
0.4707098421874266,0.4435745159174243,0.5293843958919652,0.5490228179981317,2025-12-11T15:30:50.418+00:00
0.2570502901101269,0.3684729496660325,0.5897564824489278,0.671073859666863,2025-12-11T15:30:53.915+00:00
0.3293477630468313,0.3722599277326341,0.5617999768268903,0.6613118653236518,2025-12-11T15:30:54.918+00:00
0.3371316064134548,0.33595684425847394,0.5552958811525919,0.6819983600624985,2025-12-11T15:30:55.017+00:00
0.3640375636362582,0.3406603269323715,0.5479221147167559,0.6717205893229902,2025-12-11T15:30:55.097+00:00
0.4038412962446289,0.25332916757130003,0.523910169793164,0.705871570678681,2025-12-11T15:30:55.654+00:00
0.4663025580031917,0.45030314592750675,0.5343652126308608,0.5424415366631188,2025-12-11T15:30:50.211+00:00
0.2829475146849802,0.2981644674726753,0.6281488347286845,0.6606570182018237,2025-12-11T15:30:52.058+00:00
0.23609953356971797,0.369178551479076,0.5965627239746754,0.672366807434668,2025-12-11T15:30:54.01+00:00
0.4681418562742298,0.4411545684121086,0.5283737979266231,0.5541181993382285,2025-12-11T15:30:50.699+00:00
0.48548947119358943,0.43713668332672756,0.5104064950196395,0.5591929034707468,2025-12-11T15:30:50.886+00:00
0.4859096135497744,0.43292967359674284,0.5048096124670559,0.5671252069342249,2025-12-11T15:30:50.985+00:00
0.41435197883081143,0.40293969269932944,0.5503922701424657,0.6025117348681134,2025-12-11T15:30:51.17+00:00
0.2538822934374817,0.30042912363782504,0.6895929067721456,0.6080688659014503,2025-12-11T15:30:53.329+00:00
0.253153853950434,0.2791898023599371,0.6999305004576869,0.6066823510019997,2025-12-11T15:30:53.431+00:00
0.26556182114837895,0.3221522496365617,0.6307717080711099,0.6540809579092739,2025-12-11T15:30:54.306+00:00
0.4208645099317651,0.32410930465416027,0.5129741835759203,0.6743023875837234,2025-12-11T15:30:55.39+00:00
0.20543408038434877,0.23138597348197235,0.5969375960955424,0.7402181274868321,2025-12-11T15:30:56.527+00:00
0.28949221539992254,0.27375917937047967,0.5463897028354053,0.7366874924747153,2025-12-11T15:30:56.942+00:00
0.46944455076477937,0.4486109568522939,0.5352666805243198,0.5402403204776551,2025-12-11T15:30:49.75+00:00
0.4671084289145346,0.4371123367529395,0.5311160295810369,0.5555702330196023,2025-12-11T15:30:50.613+00:00
0.28674965594270396,0.33337723077692183,0.6210582021384902,0.6487842217353611,2025-12-11T15:30:51.543+00:00
0.2970687368671304,0.27508866654770475,0.6210766989551233,0.671073859666863,2025-12-11T15:30:52.16+00:00
0.2354462129045609,0.29283602986119706,0.6920449130530938,0.6163489099214569,2025-12-11T15:30:53.146+00:00
0.29472133982927123,0.19729874047414273,0.5742520269213992,0.7378666196767684,2025-12-11T15:30:57.872+00:00
0.3324510743572698,0.1664790968629856,0.6043605079878752,0.7046342099635947,2025-12-11T15:30:58.799+00:00
0.32167785906777663,0.3820047382731745,0.5565947530076668,0.6639262126522416,2025-12-11T15:30:56.344+00:00
0.19240772987048413,0.2534878228127157,0.6272856583038011,0.7107994738729925,2025-12-11T15:30:56.438+00:00
0.27494723096754825,0.26830976444446547,0.5486507286912227,0.7425606159726109,2025-12-11T15:30:56.717+00:00
0.29191952990398773,0.2231893334082422,0.5768044342642836,0.7295657298191021,2025-12-11T15:30:58.465+00:00
0.2926735855407956,0.19964838371790466,0.5849927701083526,0.7295657298191021,2025-12-11T15:30:58.607+00:00
0.3502941839355618,0.21047798020127573,0.579319416614893,0.7052531588616177,2025-12-11T15:31:00.381+00:00
0.2645057700838186,0.30969646613690205,0.6319714333454531,0.6593458151000688,2025-12-11T15:30:51.451+00:00
0.24573036470846926,0.23075617203858143,0.6790698407735379,0.6520984038303922,2025-12-11T15:30:52.836+00:00
0.21717439697401617,0.3067264002315117,0.6864617424677966,0.6225146366376195,2025-12-11T15:30:53.038+00:00
0.41477471420399814,0.2734935330025747,0.5108981136378091,0.7015314257708557,2025-12-11T15:30:55.472+00:00
0.4031846795992041,0.27400402531049967,0.5173004932418421,0.7033947028105039,2025-12-11T15:30:55.579+00:00
0.33503315408653134,0.35802423560535296,0.5369855173669182,0.6864531932478837,2025-12-11T15:30:56.252+00:00
0.4681350229772606,0.4489253466585023,0.5346661091764597,0.5417082102827399,2025-12-11T15:30:49.84+00:00
0.4813788478524418,0.44576170066400095,0.516276927488406,0.5504807400849956,2025-12-11T15:30:50.79+00:00
0.46157728912039203,0.4170670852655459,0.5219972291165985,0.5835412113561176,2025-12-11T15:30:51.076+00:00
0.2941754670064024,0.32557044030479326,0.6313338623560294,0.6394390019805847,2025-12-11T15:30:51.628+00:00
0.25236361290321463,0.2532460691674628,0.6723984155094228,0.6481199010631309,2025-12-11T15:30:52.939+00:00
0.3850421156359833,0.33471200462306216,0.5338789499939732,0.6743023875837234,2025-12-11T15:30:55.186+00:00
0.43015007464709587,0.31023401817465807,0.5121558733648701,0.6755902076156602,2025-12-11T15:30:55.282+00:00
0.3434584022148448,0.23870980803357525,0.5530461544508194,0.7205511116803304,2025-12-11T15:30:56.066+00:00
0.3380300827862888,0.24469297181056893,0.5537753227927793,0.7205511116803304,2025-12-11T15:30:56.157+00:00
0.2925676829222116,0.20107619757463036,0.574799654057505,0.7372773368101241,2025-12-11T15:30:57.98+00:00
0.32565922357013766,0.18953819420581597,0.6295878470112831,0.6794413042615165,2025-12-11T15:30:59.34+00:00
0.4683981210072902,0.44917764859819703,0.534966598550558,0.5409744713679939,2025-12-11T15:30:49.944+00:00
0.32526726162457553,0.3537254896632149,0.6128577972215554,0.6272836733588015,2025-12-11T15:30:51.262+00:00
0.2930732364000957,0.2620377159088415,0.6415391715833199,0.6586894601186805,2025-12-11T15:30:52.576+00:00
0.2628196764603032,0.2908682993068282,0.6872816957006871,0.6115270401858311,2025-12-11T15:30:53.536+00:00
0.25280309339646695,0.32945940564702075,0.6803288315129831,0.6039037812533287,2025-12-11T15:30:53.639+00:00
0.270212470263229,0.3011567194574766,0.6576859695195026,0.635404608684141,2025-12-11T15:30:53.732+00:00
0.25028440141617364,0.35744316900115164,0.6255038612694352,0.6467897795104596,2025-12-11T15:30:54.219+00:00
0.2767061505611286,0.3981279744541469,0.5923616904716112,0.6434558647337789,2025-12-11T15:30:54.409+00:00
0.3147123380808649,0.39992804448458247,0.5792766394300386,0.636751347470152,2025-12-11T15:30:54.504+00:00
0.40167240123092873,0.23660312617875462,0.5250687122674969,0.7120260459909965,2025-12-11T15:30:55.746+00:00
0.38750475594048417,0.23191681213945764,0.5344000808653558,0.7144726796328034,2025-12-11T15:30:55.845+00:00
0.26372133747102494,0.274047017385401,0.5513193448728568,0.7425606159726109,2025-12-11T15:30:56.803+00:00
0.29229179789446186,0.2084897132412722,0.5745679159517827,0.7355061211948004,2025-12-11T15:30:58.149+00:00
0.35519835398624927,0.20756115941731013,0.578891839790464,0.7040147244559684,2025-12-11T15:31:00.022+00:00
0.3551662635110417,0.21340542095095014,0.5745088139271363,0.705871570678681,2025-12-11T15:31:00.513+00:00
0.35598868771831976,0.21644451477413842,0.5713351260344286,0.7071067811865476,2025-12-11T15:31:00.626+00:00
0.319147043302153,0.2344368100379167,0.623995064542998,0.6736577070565728,2025-12-11T15:30:52.479+00:00
0.227062640265165,0.21547440003636892,0.6997833260165413,0.642118865128573,2025-12-11T15:30:52.747+00:00
0.2518807477738315,0.37342856536928487,0.6154430733934246,0.6467897795104596,2025-12-11T15:30:53.818+00:00
0.3079235656897251,0.17068481961742593,0.651131819453791,0.672366807434668,2025-12-11T15:30:59.208+00:00
0.3663097404747347,0.22184506437849844,0.5703754418476257,0.7009092642998509,2025-12-11T15:31:01.713+00:00
0.36973830387894896,0.2283550306900106,0.5663446722651563,0.7002865690559509,2025-12-11T15:31:04.37+00:00
0.3667769435285544,0.2309717681962901,0.5710407475425158,0.6971651028545646,2025-12-11T15:31:04.503+00:00
0.36861831126223654,0.23303082300580708,0.5766269766461157,0.6908824110768583,2025-12-11T15:31:04.608+00:00
0.3608815814635483,0.2536318234764177,0.5811209309660722,0.6839107002186184,2025-12-11T15:31:05.205+00:00
0.3475365303930318,0.2905856435865651,0.563435744205479,0.6908824110768583,2025-12-11T15:31:05.562+00:00
0.34040901091701486,0.27862154702596986,0.5691585782280765,0.6946583704589973,2025-12-11T15:31:05.78+00:00
0.2591997488008857,0.3674390668964541,0.603267948318475,0.6586894601186805,2025-12-11T15:30:54.108+00:00
0.29642375320290226,0.22827702090904628,0.5717391101385279,0.7301622766207523,2025-12-11T15:30:58.262+00:00
0.344215120238142,0.21010980675281948,0.5845794110768197,0.7040147244559684,2025-12-11T15:30:59.875+00:00
0.36423748758005914,0.23835033307254733,0.5839901036259094,0.6851829903263592,2025-12-11T15:31:04.858+00:00
0.3704102673705225,0.23506950368182103,0.582180231569174,0.6845471059286887,2025-12-11T15:31:04.985+00:00
0.3446970000469006,0.2841462792207952,0.5676746989661534,0.6915130557822693,2025-12-11T15:31:05.675+00:00
0.34406955791246796,0.27862203430598137,0.5646406143377138,0.6965392149458955,2025-12-11T15:31:05.888+00:00
0.3647639939142066,0.2819216520622404,0.559252966805372,0.6889873220616206,2025-12-11T15:31:06.147+00:00
0.35846884724295225,0.27805694015593163,0.5683013611344013,0.6864531932478837,2025-12-11T15:31:06.693+00:00
0.35059497170292536,0.240957248232892,0.6213017487902344,0.6580326035166145,2025-12-11T15:31:08.756+00:00
0.371062540728261,0.26078712149017635,0.5722233989738237,0.6832737736807991,2025-12-11T15:31:10.422+00:00
0.3427293444580928,0.2158281868556937,0.5937443720997891,0.6952858482708654,2025-12-11T15:31:10.648+00:00
0.37858836182163574,0.28425218252998835,0.5407856675378996,0.6952858482708654,2025-12-11T15:31:13.786+00:00
0.3807367861637416,0.28586526515436084,0.5400392617145632,0.6940303636345616,2025-12-11T15:31:14.584+00:00
0.27189423418173786,0.4061507579689661,0.6629359598632233,0.5671252069342249,2025-12-11T15:31:15.915+00:00
0.355971240583853,0.20552009157485251,0.7062377451760734,0.5764323161697933,2025-12-11T15:31:15.996+00:00
0.3132549915093872,0.23010866771022342,0.7372131892534091,0.5526644777167218,2025-12-11T15:31:16.09+00:00
0.3111756096002816,0.20674458072006016,0.7460529315233339,0.5512090725833704,2025-12-11T15:31:16.267+00:00
0.3621509962383139,0.2709235591902,0.5747393477667712,0.6819983600624985,2025-12-11T15:31:07.119+00:00
0.34546007252921773,0.1994514658690114,0.6433645664256122,0.6534206039901055,2025-12-11T15:31:08.372+00:00
0.3389297300442476,0.2294726786620266,0.6160544492973531,0.6730125135097733,2025-12-11T15:31:08.988+00:00
0.3737099447164302,0.26264774817629033,0.5681129265934929,0.6845471059286887,2025-12-11T15:31:09.989+00:00
0.37553670105391795,0.28093734578358664,0.5414193089090472,0.6977904598416801,2025-12-11T15:31:12.932+00:00
0.3798390903740826,0.28415594421282825,0.5399585669165448,0.6952858482708654,2025-12-11T15:31:14.162+00:00
0.3807256250235841,0.29319820198291546,0.5393445155807693,0.6915130557822693,2025-12-11T15:31:15.493+00:00
0.42287360506982924,0.3535772154542148,0.5727980375573717,0.6066823510019997,2025-12-11T15:31:15.684+00:00
0.4534942036495266,0.3306936611410303,0.4260212196457381,0.7095707365365209,2025-12-11T15:31:16.839+00:00
0.36547933011382594,0.27640984642854216,0.5638556628725837,0.687087510804423,2025-12-11T15:31:06.806+00:00
0.36930573685801227,0.20809308821918246,0.6053889931956518,0.6736577070565728,2025-12-11T15:31:08.158+00:00
0.35708335589318063,0.2003858336830835,0.6257307558019265,0.6639262126522416,2025-12-11T15:31:08.262+00:00
0.3521204925261513,0.24747442704233139,0.6101115815567213,0.6652303546543608,2025-12-11T15:31:08.872+00:00
0.3690986356275553,0.290451985557825,0.5384004561709366,0.6996633405133654,2025-12-11T15:31:09.35+00:00
0.3311640886821634,0.22002489447062612,0.574197965081883,0.7156927337037359,2025-12-11T15:31:10.978+00:00
0.3765221860637164,0.2847614927892026,0.5411536890434446,0.6959127965923143,2025-12-11T15:31:13.062+00:00
0.3790838985959705,0.2835909885823799,0.5407856675378996,0.6952858482708654,2025-12-11T15:31:13.912+00:00
0.3782992946625471,0.28818683452254623,0.5413242065615151,0.693401828275813,2025-12-11T15:31:15.221+00:00
0.37804000661173526,0.29008029960892906,0.5404933651059494,0.693401828275813,2025-12-11T15:31:15.395+00:00
0.4493115994732399,0.30078789919944676,0.4585452084469885,0.7052531588616177,2025-12-11T15:31:17.762+00:00
0.36227560229191147,0.2779838467249162,0.5659181764388159,0.6864531932478837,2025-12-11T15:31:06.919+00:00
0.3777235838930767,0.2846351364619705,0.5460013067245474,0.6915130557822693,2025-12-11T15:31:09.466+00:00
0.3637674516385075,0.26819249551072816,0.550206430941812,0.7021530529951624,2025-12-11T15:31:12.486+00:00
0.38023727751250275,0.28652934046960654,0.5400392617145632,0.6940303636345616,2025-12-11T15:31:14.946+00:00
0.3779093467427427,0.288933512656718,0.5395847470597869,0.6946583704589973,2025-12-11T15:31:15.125+00:00
0.46548330355435175,0.27419062018566553,0.44851277322363364,0.7120260459909965,2025-12-11T15:31:17.144+00:00
0.4566400086354727,0.2842333722633372,0.45615053511916087,0.7089555570807734,2025-12-11T15:31:17.237+00:00
0.447376784606492,0.3006247232312488,0.4652524890281235,0.7021530529951624,2025-12-11T15:31:17.673+00:00
0.4425661920294009,0.31451542187797055,0.4539690289617419,0.7064894449438369,2025-12-11T15:31:18.028+00:00
0.44541748372521056,0.3107275405574846,0.4557078479099392,0.7052531588616177,2025-12-11T15:31:18.125+00:00
0.36258330591503046,0.26927812723850547,0.5759959710180217,0.6813598739533001,2025-12-11T15:31:07.283+00:00
0.3856346778253807,0.27203534035050586,0.542892638751116,0.6946583704589973,2025-12-11T15:31:09.238+00:00
0.37106527820070706,0.2627288618469402,0.5675086941591528,0.6864531932478837,2025-12-11T15:31:09.897+00:00
0.3597968117141046,0.2903194283745344,0.5628367023889586,0.6851829903263592,2025-12-11T15:31:11.824+00:00
0.3654581946148836,0.27240414302698474,0.5509809049658206,0.6990395791467099,2025-12-11T15:31:12.194+00:00
0.3799824668186982,0.2852989061698388,0.5408694051265506,0.6940303636345616,2025-12-11T15:31:14.481+00:00
0.33692202354956263,0.20485180125051794,0.5980031469194981,0.6977904598416801,2025-12-11T15:31:10.773+00:00
0.35040311328007295,0.300331791244393,0.5719422484272308,0.6781596698680706,2025-12-11T15:31:11.498+00:00
0.3532485749380026,0.30599351439650785,0.5709908597208586,0.674946554600273,2025-12-11T15:31:11.625+00:00
0.36122089438173066,0.28939250624211316,0.5654901308825779,0.682636326800278,2025-12-11T15:31:11.723+00:00
0.360027910534183,0.2782611908514915,0.5579179757415766,0.6940303636345616,2025-12-11T15:31:11.944+00:00
0.36236901389253456,0.26911897993757217,0.5514683409442678,0.7015314257708557,2025-12-11T15:31:12.345+00:00
0.381309811962845,0.2873375531485368,0.5396608772138587,0.693401828275813,2025-12-11T15:31:14.846+00:00
0.38351452484818505,0.3357415866342608,0.5680827397176568,0.6461239796429639,2025-12-11T15:31:15.591+00:00
0.4108640516035244,0.34843805491628504,0.6110569551814662,0.5799922848714869,2025-12-11T15:31:15.794+00:00
0.35740690977927336,0.2732582159726412,0.5758453729762042,0.682636326800278,2025-12-11T15:31:07.422+00:00
0.35941727326769063,0.2718251488442506,0.576783351267148,0.6813598739533001,2025-12-11T15:31:07.545+00:00
0.34331837921422614,0.26153851813923124,0.5896929195402263,0.682636326800278,2025-12-11T15:31:07.681+00:00
0.34462247422610415,0.25407760082842046,0.5936570097134328,0.6813598739533001,2025-12-11T15:31:07.909+00:00
0.3671382083478746,0.2736563866705873,0.5476499239526612,0.7002865690559509,2025-12-11T15:31:12.691+00:00
0.37277367253650556,0.2798863903221161,0.543867513030553,0.6977904598416801,2025-12-11T15:31:12.811+00:00
0.37669963772660364,0.2838635376811375,0.540695845142489,0.6965392149458955,2025-12-11T15:31:13.174+00:00
0.3751321772305602,0.2837102373652984,0.5410593037571483,0.6971651028545646,2025-12-11T15:31:13.282+00:00
0.3143629263767366,0.2112431198666192,0.7183536381740587,0.5835412113561176,2025-12-11T15:31:16.465+00:00
0.4711087003311172,0.27972387637461166,0.4249908715661157,0.7205511116803304,2025-12-11T15:31:16.943+00:00
0.4468789929228274,0.30029022110177395,0.4696766533867804,0.6996633405133654,2025-12-11T15:31:17.327+00:00
0.3756681841919583,0.18566678098350697,0.6452727618081361,0.6387678175155977,2025-12-11T15:31:08.497+00:00
0.37175641012547916,0.2651712702887804,0.5659181764388159,0.6864531932478837,2025-12-11T15:31:09.671+00:00
0.3739663371054103,0.2618540482778817,0.569840842966216,0.6832737736807991,2025-12-11T15:31:10.222+00:00
0.34886236932823794,0.2896311192375679,0.5700290622444704,0.6851829903263592,2025-12-11T15:31:11.394+00:00
0.3795782806150077,0.2829289307674386,0.5407856675378996,0.6952858482708654,2025-12-11T15:31:14.012+00:00
0.3807367861637416,0.28586526515436084,0.5400392617145632,0.6940303636345616,2025-12-11T15:31:14.762+00:00
0.3883324246327182,0.3001374053589872,0.5470054186639093,0.6781596698680706,2025-12-11T15:31:16.655+00:00
0.3577391787021079,0.2098843295302503,0.638679764894032,0.6481199010631309,2025-12-11T15:31:08.597+00:00
0.3692930044348609,0.23890635873148114,0.5858033178439284,0.6807208689589178,2025-12-11T15:31:09.11+00:00
0.36794006982516275,0.24445879792387207,0.579875211488926,0.6845471059286887,2025-12-11T15:31:10.553+00:00
0.3221189706216152,0.19972222353382169,0.5814022255195614,0.7199457301444867,2025-12-11T15:31:10.877+00:00
0.32794198499647853,0.23739040687978744,0.5675729290903805,0.7169106076504828,2025-12-11T15:31:11.134+00:00
0.3429797868601938,0.2718424293287934,0.5724163379619033,0.693401828275813,2025-12-11T15:31:11.272+00:00
0.3666847885227287,0.273318417948801,0.5489175878195968,0.6996633405133654,2025-12-11T15:31:12.583+00:00
0.37751389526951523,0.283445450223094,0.5411536890434446,0.6959127965923143,2025-12-11T15:31:13.653+00:00
0.38098944895756154,0.2870961423084023,0.5392074732493286,0.6940303636345616,2025-12-11T15:31:15.04+00:00
0.3792945414597922,0.28999257398653233,0.5396608772138587,0.693401828275813,2025-12-11T15:31:15.304+00:00
0.31929504426476935,0.21699268800890634,0.735318249347268,0.5570205743376967,2025-12-11T15:31:16.369+00:00
0.3687612554856366,0.23674051850265068,0.5943781232941227,0.6743023875837234,2025-12-11T15:31:08.025+00:00
0.36777780782192676,0.2672062182392125,0.5613822358167956,0.6915130557822693,2025-12-11T15:31:09.576+00:00
0.3740160526827226,0.26286288445827105,0.5685782711609646,0.6839107002186184,2025-12-11T15:31:09.785+00:00
0.3633785183945165,0.2758193077371038,0.5553893688603465,0.6952858482708654,2025-12-11T15:31:12.101+00:00
0.37966266118238423,0.2850587893060497,0.5404141917960055,0.6946583704589973,2025-12-11T15:31:14.369+00:00
0.44401773209629253,0.31438207842885224,0.45167705536901015,0.7071067811865476,2025-12-11T15:31:17.854+00:00
0.44108088437721654,0.31578289775874246,0.4535733842721639,0.7071067811865476,2025-12-11T15:31:17.94+00:00
0.3266106645777998,0.220301674949291,0.6556656124745304,0.6441236297613865,2025-12-11T15:31:16.558+00:00
0.4250673692774893,0.29985204423357364,0.4650999989147765,0.7163019434246543,2025-12-11T15:31:16.737+00:00
0.33631672160051834,0.29338777571390884,0.4494285322984751,0.7738402097265061,2025-12-11T15:31:22.145+00:00
0.3317986849769002,0.27060840427644645,0.4639903840644749,0.7754957431722345,2025-12-11T15:31:22.321+00:00
0.2969323727782492,0.25811937368443594,0.5356026385067262,0.7472184209116277,2025-12-11T15:31:22.859+00:00
0.33792062729483785,0.30213591122301925,0.5678329801047849,0.687087510804423,2025-12-11T15:31:23.28+00:00
0.32016222268904404,0.2574170360217366,0.6206708456030511,0.6678325554710466,2025-12-11T15:31:26.978+00:00
0.2836003348530107,0.24566231629081478,0.6319179840693896,0.6781596698680706,2025-12-11T15:31:28.11+00:00
0.3387786846919148,0.17112942759585578,0.5980711057363854,0.705871570678681,2025-12-11T15:31:29.99+00:00
0.44639061042210465,0.2977055297515193,0.4680682969951295,0.7021530529951624,2025-12-11T15:31:17.573+00:00
0.46094235148525237,0.29252291130791863,0.44843040796118694,0.7077235789366842,2025-12-11T15:31:18.493+00:00
0.4227142830624517,0.2797884804702252,0.46941404647340196,0.7229671459095681,2025-12-11T15:31:19.137+00:00
0.42554195596161976,0.27846685307893115,0.4676417019343432,0.7229671459095681,2025-12-11T15:31:19.223+00:00
0.33182678644393726,0.26966831437171235,0.4617511652538944,0.7771459614569708,2025-12-11T15:31:22.447+00:00
0.33401694126194875,0.31808003444903177,0.5819398964055807,0.6697788676917006,2025-12-11T15:31:23.381+00:00
0.3294806579089267,0.27451293493021933,0.5968120363936433,0.6781596698680706,2025-12-11T15:31:23.465+00:00
0.3385564723922687,0.2953416348613753,0.5897564824489278,0.671073859666863,2025-12-11T15:31:23.569+00:00
0.3370041732838405,0.30989122300588373,0.5838867747129285,0.6704266189587991,2025-12-11T15:31:23.668+00:00
0.2959922189770088,0.2354428420285216,0.6369825149265668,0.6717205893229902,2025-12-11T15:31:28.244+00:00
0.4703867223203444,0.2480067842631778,0.44304755902674936,0.7217602280983622,2025-12-11T15:31:17.033+00:00
0.46185541866139357,0.29197287555199664,0.44882225011134086,0.7071067811865476,2025-12-11T15:31:18.581+00:00
0.4259303951187827,0.27872104054080754,0.46806857018084347,0.7223639620597556,2025-12-11T15:31:19.504+00:00
0.3246222896397317,0.2872015410822678,0.474669943261171,0.766044443118978,2025-12-11T15:31:21.927+00:00
0.2871044694026469,0.24434505587238603,0.6225108064184316,0.6858183529273763,2025-12-11T15:31:27.068+00:00
0.27288216964390777,0.2626003794424809,0.6228736805900177,0.6845471059286887,2025-12-11T15:31:27.253+00:00
0.28925958766917975,0.24444330372165554,0.6228736805900177,0.6845471059286887,2025-12-11T15:31:27.437+00:00
0.2931804777356684,0.24167933540886766,0.6249116282988147,0.6819983600624985,2025-12-11T15:31:27.537+00:00
0.3403708624994736,0.22188497379288474,0.6353243324357006,0.6567173874517308,2025-12-11T15:31:28.382+00:00
0.3261093795779059,0.2688238273424368,0.4644610039352956,0.778243148526021,2025-12-11T15:31:22.537+00:00
0.3040000766822878,0.2905087833300796,0.566189560367842,0.7089555570807734,2025-12-11T15:31:24.035+00:00
0.3679664350925064,0.2014557387508981,0.5968939956944792,0.6839107002186184,2025-12-11T15:31:29.15+00:00
0.34664665142030116,0.1660852470532396,0.5964414639504344,0.7046342099635947,2025-12-11T15:31:29.779+00:00
0.3449262231978541,0.17197387102178288,0.5957696856883775,0.7046342099635947,2025-12-11T15:31:30.596+00:00
0.3318007891148574,0.17198919313423472,0.5980885986809005,0.7089555570807734,2025-12-11T15:31:31.743+00:00
0.46336027382968126,0.29519305049650657,0.4480806863621321,0.7052531588616177,2025-12-11T15:31:18.669+00:00
0.45859694303977033,0.29328498070756687,0.4503333207114378,0.7077235789366842,2025-12-11T15:31:18.763+00:00
0.44514980298022266,0.29018950577277236,0.45706181247986727,0.7132504491541816,2025-12-11T15:31:18.853+00:00
0.4235967556064114,0.2782510602409331,0.4676721621143513,0.7241718614374675,2025-12-11T15:31:19.411+00:00
0.30087781158859617,0.28254307169527043,0.4936369161549343,0.7654832134930881,2025-12-11T15:31:21.753+00:00
0.30199542526647133,0.2947049916866294,0.5681728567751684,0.7064894449438369,2025-12-11T15:31:23.946+00:00
0.2722223373342672,0.2565293535053744,0.6249895676039813,0.6851829903263592,2025-12-11T15:31:27.166+00:00
0.29032772568199683,0.2436138875403021,0.6282687319620718,0.6794413042615165,2025-12-11T15:31:27.662+00:00
0.3355600772712385,0.22042177150668976,0.630197624350679,0.6645785367060341,2025-12-11T15:31:28.536+00:00
0.4472352902290041,0.3016640122919578,0.45427022458662897,0.7089555570807734,2025-12-11T15:31:18.222+00:00
0.426710411283609,0.278169017552027,0.46675339153742273,0.7229671459095681,2025-12-11T15:31:19.685+00:00
0.436940075418423,0.28266921157042124,0.4620347473777651,0.7181262977631888,2025-12-11T15:31:20.27+00:00
0.4689722750715465,0.2919095320620583,0.47012956557421465,0.6883545756937539,2025-12-11T15:31:20.371+00:00
0.3174495626432691,0.27304970004994344,0.48681235957424046,0.7666050893687006,2025-12-11T15:31:21.84+00:00
0.3418143781971823,0.2271009299065597,0.6153391383233368,0.6730125135097733,2025-12-11T15:31:28.865+00:00
0.3466182299246104,0.172062783601387,0.6027758085202233,0.6977904598416801,2025-12-11T15:31:29.69+00:00
0.44909259891949793,0.29053103159997634,0.45200534960699273,0.7138618362119135,2025-12-11T15:31:18.308+00:00
0.45551197772825835,0.2901931344522786,0.45158998562154307,0.7101853756232853,2025-12-11T15:31:18.398+00:00
0.4306613281769342,0.27330598956707575,0.4641225824950062,0.7241718614374675,2025-12-11T15:31:19.881+00:00
0.431655219154606,0.2749947030457405,0.4640799403214357,0.7229671459095681,2025-12-11T15:31:19.973+00:00
0.43146177984474204,0.2759313198623824,0.46276280522249147,0.7235697791884493,2025-12-11T15:31:20.071+00:00
0.3360674384131642,0.27900856293080434,0.4586766055295805,0.7738402097265061,2025-12-11T15:31:22.231+00:00
0.30534980273518975,0.26543653391250144,0.4890682660162202,0.772733573497351,2025-12-11T15:31:22.625+00:00
0.33016150131821037,0.2809894623178764,0.5609423205903846,0.7052531588616177,2025-12-11T15:31:23.105+00:00
0.34169648139300995,0.2908064998468568,0.5722386807357924,0.6864531932478837,2025-12-11T15:31:23.191+00:00
0.31215187297780905,0.27811717387857704,0.5733259770315835,0.7046342099635947,2025-12-11T15:31:26.788+00:00
0.35126361655939836,0.2333789888644251,0.6090480844053328,0.6717205893229902,2025-12-11T15:31:28.963+00:00
0.3525993258521613,0.18669173300827155,0.6050755178267638,0.6889873220616206,2025-12-11T15:31:29.468+00:00
0.3403391975510612,0.17266392964733265,0.5967425941866832,0.705871570678681,2025-12-11T15:31:29.899+00:00
0.4317570314765648,0.28361135958854755,0.4634960713205691,0.7199457301444867,2025-12-11T15:31:18.955+00:00
0.3183183694025395,0.3205484443364366,0.5930063883615098,0.6665324702494524,2025-12-11T15:31:23.755+00:00
0.29467150453031177,0.30728060371466853,0.5946642513811083,0.6819983600624985,2025-12-11T15:31:23.845+00:00
0.27856169965650823,0.2597629873498422,0.6215479302935694,0.6845471059286887,2025-12-11T15:31:27.349+00:00
0.3676101966870087,0.21053234471641266,0.6005317121388162,0.6781596698680706,2025-12-11T15:31:29.055+00:00
0.34320254873448014,0.16296455168834084,0.596367810529018,0.7071067811865476,2025-12-11T15:31:30.071+00:00
0.4268049840074618,0.27717039742898775,0.4663269786969504,0.7235697791884493,2025-12-11T15:31:19.043+00:00
0.4269007181996746,0.2772325679403394,0.46806857018084347,0.7223639620597556,2025-12-11T15:31:19.599+00:00
0.42875315094096567,0.27737285260171524,0.4662889045593008,0.7223639620597556,2025-12-11T15:31:19.784+00:00
0.45124201267488845,0.29416096730891883,0.4867128288851493,0.6877213051139338,2025-12-11T15:31:20.675+00:00
0.354022298152303,0.26100774871486176,0.5392937863379269,0.7181262977631888,2025-12-11T15:31:20.766+00:00
0.23026233432443752,0.18513567000942496,0.5510285114069425,0.7804304073383297,2025-12-11T15:31:21.023+00:00
0.331488674938585,0.2953456359790209,0.46297283239496567,0.7671651518152997,2025-12-11T15:31:22.034+00:00
0.3297479917731013,0.2747356691086884,0.5951017460102241,0.6794413042615165,2025-12-11T15:31:26.895+00:00
0.3441952133222232,0.1671322156775442,0.5982973720132583,0.7040147244559684,2025-12-11T15:31:30.302+00:00
0.4251531927357457,0.27821245355243246,0.4672144775583439,0.7235697791884493,2025-12-11T15:31:19.318+00:00
0.43156848738634623,0.2781269109958009,0.46229056664652823,0.7229671459095681,2025-12-11T15:31:20.17+00:00
0.48815038650298864,0.2898424891546454,0.47132545026854084,0.674946554600273,2025-12-11T15:31:20.562+00:00
0.29307572875848015,0.24942699592008116,0.5296964452082096,0.7558534691676396,2025-12-11T15:31:21.636+00:00
0.3048336232813734,0.2872606747588452,0.5478438481505803,0.7241718614374675,2025-12-11T15:31:22.978+00:00
0.32489815068556727,0.2430548701297081,0.6176979970103594,0.6736577070565728,2025-12-11T15:31:28.647+00:00
0.3641911407868551,0.18636602235517033,0.5997265419974914,0.6877213051139338,2025-12-11T15:31:29.372+00:00
0.33206281055323894,0.1691944528075225,0.5987399644845306,0.7089555570807734,2025-12-11T15:31:31.07+00:00
0.33054587848465333,0.1691488717874484,0.5988634662766308,0.7095707365365209,2025-12-11T15:31:31.359+00:00
0.3326967700663825,0.17024953861788805,0.5980885986809005,0.7089555570807734,2025-12-11T15:31:31.453+00:00
0.33548958490497155,0.1746448237048107,0.5959870789419798,0.7083398377245289,2025-12-11T15:31:35.304+00:00
0.33243674430230774,0.17527401181444827,0.5967804034185782,0.7089555570807734,2025-12-11T15:31:35.367+00:00
0.282016253380065,0.26114991400727766,0.5571612276328143,0.7360970871197343,2025-12-11T15:31:36.295+00:00
0.34745178053619,0.17021487092373858,0.604987220904467,0.6959127965923143,2025-12-11T15:31:29.569+00:00
0.33510125118861045,0.16927182226565443,0.5984826960370229,0.7077235789366842,2025-12-11T15:31:30.887+00:00
0.3345083407111642,0.1704405126604915,0.5984826960370229,0.7077235789366842,2025-12-11T15:31:30.975+00:00
0.3351629989656429,0.17373199718520524,0.5971685633851193,0.7077235789366842,2025-12-11T15:31:33.258+00:00
0.28565021171113114,0.2518345375570144,0.5688480135134288,0.7289686274214116,2025-12-11T15:31:35.879+00:00
0.3417850427849087,0.1681790907573093,0.5979270523034332,0.7052531588616177,2025-12-11T15:31:30.501+00:00
0.3348698755606501,0.17358005644375024,0.5966462978510528,0.7083398377245289,2025-12-11T15:31:33.627+00:00
0.3348698755606501,0.17358005644375024,0.5966462978510528,0.7083398377245289,2025-12-11T15:31:35.265+00:00
0.2642163313210949,0.27265010321594285,0.5650066839566956,0.7325428987873788,2025-12-11T15:31:35.878+00:00
0.34093983367858394,0.17147487221799826,0.5967425941866832,0.705871570678681,2025-12-11T15:31:30.693+00:00
0.33696390573436047,0.170212716780647,0.5971685633851193,0.7077235789366842,2025-12-11T15:31:30.786+00:00
0.33117236268301614,0.17093080239764286,0.5987399644845306,0.7089555570807734,2025-12-11T15:31:31.56+00:00
0.3339218882534639,0.1745701444827997,0.5983489259625152,0.7071067811865476,2025-12-11T15:31:32.453+00:00
0.3333254349511116,0.17499976571742396,0.5978265402527307,0.7077235789366842,2025-12-11T15:31:32.545+00:00
0.3348468556653136,0.1750537057598787,0.597690374149347,0.7071067811865476,2025-12-11T15:31:32.71+00:00
0.3348592691005812,0.17431670206560307,0.5971685633851193,0.7077235789366842,2025-12-11T15:31:32.894+00:00
0.3351629989656429,0.17373199718520524,0.5971685633851193,0.7077235789366842,2025-12-11T15:31:33.164+00:00
0.33426192794909254,0.1747479129396872,0.5966462978510528,0.7083398377245289,2025-12-11T15:31:35.305+00:00
0.3345408194662987,0.17563785685332997,0.597690374149347,0.7071067811865476,2025-12-11T15:31:32.627+00:00
0.3348468556653136,0.1750537057598787,0.597690374149347,0.7071067811865476,2025-12-11T15:31:32.799+00:00
0.3348592691005812,0.17431670206560307,0.5971685633851193,0.7077235789366842,2025-12-11T15:31:33.079+00:00
0.3345664113285268,0.17416424995897356,0.5966462978510528,0.7083398377245289,2025-12-11T15:31:35.331+00:00
0.25072890660032937,0.20668496068688794,0.5959754982857436,0.7343225094356856,2025-12-11T15:31:35.655+00:00
0.2578421806101273,0.19359338526431052,0.6038573931943386,0.7289686274214116,2025-12-11T15:31:35.487+00:00
0.2761712191444466,0.26391494943038113,0.5642070852241103,0.7319485789086164,2025-12-11T15:31:36.293+00:00
0.33179078697942793,0.17271935137812355,0.5986130416450016,0.7083398377245289,2025-12-11T15:31:31.926+00:00
0.33394484455957263,0.1731005659159432,0.5973036992720296,0.7083398377245289,2025-12-11T15:31:33.44+00:00
0.3345664113285268,0.17416424995897356,0.5966462978510528,0.7083398377245289,2025-12-11T15:31:33.538+00:00
0.3022442866574998,0.1737981731900554,0.5942609831886508,0.7247733921981109,2025-12-11T15:31:35.388+00:00
0.2810411946581837,0.2584306261819081,0.5596965285235449,0.7355061211948004,2025-12-11T15:31:36.395+00:00
0.3302025507427342,0.16607458149946322,0.5984560274612056,0.7107994738729925,2025-12-11T15:31:31.169+00:00
0.32991219313767106,0.1666506404317782,0.5984560274612056,0.7107994738729925,2025-12-11T15:31:31.258+00:00
0.33299590365763243,0.17408605143478587,0.5990056551010865,0.7071067811865476,2025-12-11T15:31:32.272+00:00
0.33240110435458214,0.1745144813050243,0.5984826960370229,0.7077235789366842,2025-12-11T15:31:32.36+00:00
0.2721885436884052,0.2646917928558194,0.5650066839566956,0.7325428987873788,2025-12-11T15:31:35.847+00:00
0.33209173361658884,0.1721400044395156,0.5986130416450016,0.7083398377245289,2025-12-11T15:31:31.648+00:00
0.3318007891148574,0.17198919313423472,0.5980885986809005,0.7089555570807734,2025-12-11T15:31:31.846+00:00
0.3351629989656429,0.17373199718520524,0.5971685633851193,0.7077235789366842,2025-12-11T15:31:33.353+00:00
0.3360878187143392,0.17421137821017865,0.5965087674385,0.7077235789366842,2025-12-11T15:31:35.27+00:00
0.2685460061623517,0.2253368547249609,0.5857462753994156,0.7307582673720662,2025-12-11T15:31:35.877+00:00
0.33301879630458436,0.1726205480937925,0.5979592812023513,0.7083398377245289,2025-12-11T15:31:32.012+00:00
0.333008248474448,0.17335312171774644,0.5984826960370229,0.7077235789366842,2025-12-11T15:31:32.102+00:00
0.333008248474448,0.17335312171774644,0.5984826960370229,0.7077235789366842,2025-12-11T15:31:32.188+00:00
0.33303391862393616,0.17484671622401823,0.5973036992720296,0.7083398377245289,2025-12-11T15:31:35.341+00:00
0.2731058757871657,0.2702607885855596,0.5611442981537572,0.7331366608028573,2025-12-11T15:31:35.805+00:00
0.2802869491489772,0.25504150032550293,0.5639446295382783,0.7337298645028764,2025-12-11T15:31:36.327+00:00
0.28073883439987535,0.26179319834258646,0.5606161914339876,0.7337298645028764,2025-12-11T15:31:36.326+00:00
0.2845533179074701,0.25801719286934816,0.5588891440055375,0.7349145951499598,2025-12-11T15:31:36.377+00:00
